<?xml version='1.0' encoding='utf-8'?>
<kml xmlns="http://www.opengis.net/kml/2.2"><Document><name>Tracker</name><Placemark><name>2024-11-21 16:30 - 2024-11-21 20:00</name><LineString><extrude>1</extrude><tessellate>1</tessellate><altitudeMode>absolute</altitudeMode><coordinates>18.873200,50.338960,0.000000 18.873892,50.339193,0.000000 18.874060,50.339213,0.000000 18.874410,50.339190,0.000000 18.875457,50.339042,0.000000 18.876792,50.338863,0.000000 18.878457,50.338642,0.000000 18.880348,50.338393,0.000000 18.882062,50.338203,0.000000 18.883592,50.337990,0.000000 18.884820,50.337802,0.000000 18.885877,50.337670,0.000000 18.887257,50.337697,0.000000 18.888522,50.337753,0.000000 18.889700,50.337778,0.000000 18.890818,50.337785,0.000000 18.891138,50.337757,0.000000 18.891267,50.337698,0.000000 18.891302,50.337635,0.000000 18.891242,50.337548,0.000000 18.891078,50.337387,0.000000 18.891078,50.337387,0.000000 18.891078,50.337387,0.000000 18.890433,50.336692,0.000000 18.890225,50.336458,0.000000 18.890027,50.336388,0.000000 18.889387,50.336200,0.000000 18.889088,50.335923,0.000000 18.888315,50.335107,0.000000 18.888188,50.334860,0.000000 18.888290,50.334742,0.000000 18.888533,50.334647,0.000000 18.888988,50.334382,0.000000 18.889125,50.334210,0.000000 18.889195,50.334002,0.000000 18.889338,50.333467,0.000000 18.889568,50.333128,0.000000 18.889823,50.332910,0.000000 18.890157,50.332717,0.000000 18.890928,50.332402,0.000000 18.891328,50.332315,0.000000 18.891732,50.332287,0.000000 18.892483,50.332303,0.000000 18.892860,50.332292,0.000000 18.892893,50.332213,0.000000 18.892870,50.332073,0.000000 18.892807,50.331232,0.000000 18.892875,50.331342,0.000000 18.893008,50.331398,0.000000 18.893008,50.331398,0.000000 18.893008,50.331398,0.000000 18.892828,50.331295,0.000000 18.892778,50.331420,0.000000 18.892825,50.332345,0.000000 18.893015,50.332378,0.000000 18.893485,50.332402,0.000000 18.893615,50.332328,0.000000 18.893938,50.331928,0.000000 18.894273,50.330983,0.000000 18.894598,50.330070,0.000000 18.894737,50.329427,0.000000 18.894617,50.328957,0.000000 18.894208,50.328455,0.000000 18.893443,50.327660,0.000000 18.893405,50.327567,0.000000 18.893502,50.327507,0.000000 18.894097,50.327232,0.000000 18.894302,50.327068,0.000000 18.895103,50.326147,0.000000 18.895325,50.326090,0.000000 18.895567,50.326117,0.000000 18.895783,50.326240,0.000000 18.895930,50.326400,0.000000 18.896088,50.326535,0.000000 18.896308,50.326593,0.000000 18.896560,50.326583,0.000000 18.896818,50.326510,0.000000 18.897315,50.326280,0.000000 18.898395,50.325695,0.000000 18.898962,50.325317,0.000000 18.899000,50.325202,0.000000 18.898958,50.325102,0.000000 18.898743,50.324670,0.000000 18.898830,50.324505,0.000000 18.899068,50.324372,0.000000 18.901018,50.323750,0.000000 18.903162,50.323023,0.000000 18.904633,50.322723,0.000000 18.907083,50.322628,0.000000 18.909208,50.322358,0.000000 18.911225,50.322150,0.000000 18.913180,50.321832,0.000000 18.915102,50.321448,0.000000 18.916722,50.321160,0.000000 18.917723,50.320888,0.000000 18.918375,50.320743,0.000000 18.919838,50.320622,0.000000 18.919838,50.320622,0.000000 18.919838,50.320622,0.000000 18.922273,50.320523,0.000000 18.924442,50.320358,0.000000 18.925357,50.320318,0.000000 18.925448,50.320232,0.000000 18.925525,50.320225,0.000000 18.925720,50.320287,0.000000 18.925915,50.320318,0.000000 18.926377,50.320320,0.000000 18.927983,50.320297,0.000000 18.929787,50.320215,0.000000 18.930975,50.320138,0.000000 18.931495,50.320000,0.000000 18.931727,50.319873,0.000000 18.932987,50.319148,0.000000 18.934320,50.318383,0.000000 18.935580,50.317653,0.000000 18.936657,50.316775,0.000000 18.937707,50.315878,0.000000 18.938502,50.315080,0.000000 18.939375,50.313655,0.000000 18.940383,50.311983,0.000000 18.941328,50.310438,0.000000 18.941807,50.309458,0.000000 18.942253,50.308578,0.000000 18.942245,50.308502,0.000000 18.942090,50.308488,0.000000 18.940892,50.308395,0.000000 18.940795,50.308417,0.000000 18.940592,50.308505,0.000000 18.939843,50.308985,0.000000 18.938853,50.309622,0.000000 18.938580,50.309770,0.000000 18.938452,50.309773,0.000000 18.938372,50.309732,0.000000 18.938340,50.309652,0.000000 18.938347,50.309518,0.000000 18.938288,50.308090,0.000000 18.938022,50.306368,0.000000 18.938108,50.306065,0.000000 18.938472,50.305532,0.000000 18.939232,50.304550,0.000000 18.939403,50.304042,0.000000 18.939637,50.303080,0.000000 18.939637,50.303080,0.000000 18.939637,50.303080,0.000000 18.939830,50.301953,0.000000 18.940102,50.301043,0.000000 18.940520,50.300133,0.000000 18.940818,50.299498,0.000000 18.941073,50.298522,0.000000 18.941357,50.297493,0.000000 18.941453,50.297060,0.000000 18.941143,50.296200,0.000000 18.940623,50.295325,0.000000 18.940252,50.294747,0.000000 18.940125,50.294570,0.000000 18.940062,50.294548,0.000000 18.939980,50.294483,0.000000 18.939993,50.294423,0.000000 18.940132,50.294383,0.000000 18.940715,50.294203,0.000000 18.941628,50.293835,0.000000 18.941363,50.293950,0.000000 18.940263,50.294450,0.000000 18.940035,50.294587,0.000000 18.939873,50.294550,0.000000 18.939717,50.294413,0.000000 18.938867,50.293492,0.000000 18.938712,50.293227,0.000000 18.938835,50.293180,0.000000 18.939707,50.293082,0.000000 18.941182,50.292618,0.000000 18.941538,50.292660,0.000000 18.941862,50.292772,0.000000 18.942105,50.292958,0.000000 18.942105,50.292958,0.000000 18.942105,50.292958,0.000000 18.942712,50.293383,0.000000 18.942853,50.293398,0.000000 18.942998,50.293387,0.000000 18.943477,50.293283,0.000000 18.943935,50.293077,0.000000 18.944735,50.292642,0.000000 18.945117,50.292237,0.000000 18.945447,50.291838,0.000000 18.945568,50.291662,0.000000 18.945782,50.291363,0.000000 18.945990,50.291103,0.000000 18.946313,50.290425,0.000000 18.946500,50.290283,0.000000 18.946570,50.290252,0.000000 18.946683,50.290257,0.000000 18.946830,50.290325,0.000000 18.947892,50.290935,0.000000 18.948837,50.291500,0.000000 18.949985,50.292158,0.000000 18.951038,50.292777,0.000000 18.951607,50.293157,0.000000 18.951855,50.293452,0.000000 18.951938,50.293603,0.000000 18.951938,50.293603,0.000000 18.951938,50.293603,0.000000 18.951652,50.293272,0.000000 18.951282,50.292932,0.000000 18.949877,50.292095,0.000000 18.948728,50.291420,0.000000 18.947938,50.290995,0.000000 18.947180,50.290548,0.000000 18.947180,50.290548,0.000000 18.947180,50.290548,0.000000 18.946607,50.290185,0.000000 18.945753,50.289285,0.000000 18.944590,50.288057,0.000000 18.943355,50.286725,0.000000 18.942123,50.285523,0.000000 18.941112,50.284587,0.000000 18.940657,50.284252,0.000000 18.940412,50.284263,0.000000 18.940218,50.284370,0.000000 18.940138,50.284525,0.000000 18.940207,50.284702,0.000000 18.940413,50.284870,0.000000 18.940710,50.284990,0.000000 18.941063,50.285018,0.000000 18.941410,50.284962,0.000000 18.942177,50.284662,0.000000 18.944742,50.283692,0.000000 18.947927,50.282562,0.000000 18.951335,50.281235,0.000000 18.952985,50.280098,0.000000 18.955480,50.278168,0.000000 18.958447,50.276332,0.000000 18.961470,50.274608,0.000000 18.962543,50.274140,0.000000 18.964235,50.273738,0.000000 18.967307,50.273418,0.000000 18.969812,50.273020,0.000000 18.972833,50.272222,0.000000 18.975897,50.271422,0.000000 18.978632,50.270633,0.000000 18.981153,50.269930,0.000000 18.983607,50.269227,0.000000 18.985948,50.268587,0.000000 18.988225,50.268440,0.000000 18.989170,50.268282,0.000000 18.989170,50.268282,0.000000 18.989170,50.268282,0.000000 18.989883,50.268112,0.000000 18.989933,50.268035,0.000000 18.989593,50.267283,0.000000 18.988843,50.266110,0.000000 18.988083,50.264950,0.000000 18.987550,50.264113,0.000000 18.987173,50.263207,0.000000 18.986802,50.262242,0.000000 18.986363,50.261402,0.000000 18.985928,50.260578,0.000000 18.985588,50.259652,0.000000 18.985242,50.258778,0.000000 18.984932,50.257967,0.000000 18.984643,50.257077,0.000000 18.984233,50.255800,0.000000 18.983803,50.254658,0.000000 18.982910,50.253365,0.000000 18.982910,50.253365,0.000000 18.982910,50.253365,0.000000 18.982303,50.252477,0.000000 18.982207,50.252207,0.000000 18.982325,50.252113,0.000000 18.982562,50.252057,0.000000 18.984285,50.251762,0.000000 18.984997,50.251688,0.000000 18.985317,50.251735,0.000000 18.985562,50.251877,0.000000 18.985690,50.252077,0.000000 18.985870,50.252262,0.000000 18.986163,50.252363,0.000000 18.986492,50.252375,0.000000 18.986835,50.252313,0.000000 18.989312,50.251888,0.000000 18.991852,50.251448,0.000000 18.994503,50.250965,0.000000 18.997288,50.250433,0.000000 18.999265,50.249825,0.000000 19.001422,50.248855,0.000000 19.003498,50.247895,0.000000 19.005103,50.247445,0.000000 19.006238,50.247302,0.000000 19.009237,50.247115,0.000000 19.012960,50.246903,0.000000 19.017195,50.246652,0.000000 19.021440,50.246372,0.000000 19.025703,50.246098,0.000000 19.030047,50.245798,0.000000 19.034328,50.245223,0.000000 19.038693,50.244335,0.000000 19.043095,50.243467,0.000000 19.047345,50.242545,0.000000 19.051138,50.241752,0.000000 19.054902,50.240788,0.000000 19.056975,50.239815,0.000000 19.056975,50.239815,0.000000 19.056975,50.239815,0.000000 19.058827,50.238580,0.000000 19.060238,50.237072,0.000000 19.062077,50.234512,0.000000 19.063957,50.232655,0.000000 19.065803,50.231498,0.000000 19.068128,50.230522,0.000000 19.072032,50.229282,0.000000 19.075558,50.228178,0.000000 19.079173,50.227022,0.000000 19.083143,50.225812,0.000000 19.087175,50.224537,0.000000 19.089942,50.223648,0.000000 19.092158,50.222950,0.000000 19.094728,50.222143,0.000000 19.097102,50.221397,0.000000 19.100013,50.220545,0.000000 19.103245,50.219763,0.000000 19.106830,50.219197,0.000000 19.110413,50.218800,0.000000 19.114018,50.218405,0.000000 19.117497,50.218003,0.000000 19.121227,50.217570,0.000000 19.125522,50.216898,0.000000 19.129933,50.216007,0.000000 19.134043,50.215072,0.000000 19.138180,50.214157,0.000000 19.142085,50.213267,0.000000 19.145558,50.212482,0.000000 19.148793,50.211767,0.000000 19.152120,50.211018,0.000000 19.155422,50.210267,0.000000 19.155422,50.210267,0.000000 19.159023,50.209452,0.000000 19.159023,50.209452,0.000000 19.162842,50.208583,0.000000 19.166612,50.207728,0.000000 19.170540,50.206800,0.000000 19.174735,50.205403,0.000000 19.178417,50.203582,0.000000 19.181215,50.201715,0.000000 19.182788,50.200347,0.000000 19.184080,50.199048,0.000000 19.184420,50.198660,0.000000 19.184810,50.198200,0.000000 19.184913,50.198068,0.000000 19.185093,50.197852,0.000000 19.185183,50.197727,0.000000 19.185660,50.197017,0.000000 19.185797,50.196820,0.000000 19.185797,50.196820,0.000000 19.185797,50.196820,0.000000 19.186280,50.195880,0.000000 19.186280,50.195880,0.000000 19.186983,50.194460,0.000000 19.186983,50.194460,0.000000 19.187880,50.192768,0.000000 19.187880,50.192768,0.000000 19.189032,50.190648,0.000000 19.190657,50.187843,0.000000 19.192938,50.184890,0.000000 19.195758,50.182060,0.000000 19.198857,50.179533,0.000000 19.198857,50.179533,0.000000 19.201848,50.177475,0.000000 19.204625,50.175612,0.000000 19.204625,50.175612,0.000000 19.207385,50.173752,0.000000 19.207385,50.173752,0.000000 19.210218,50.171843,0.000000 19.210218,50.171843,0.000000 19.213152,50.169867,0.000000 19.213152,50.169867,0.000000 19.216260,50.167768,0.000000 19.216260,50.167768,0.000000 19.219652,50.165477,0.000000 19.219652,50.165477,0.000000 19.223225,50.163075,0.000000 19.223225,50.163075,0.000000 19.226622,50.160775,0.000000 19.226622,50.160775,0.000000 19.230055,50.158470,0.000000 19.230055,50.158470,0.000000 19.233447,50.156252,0.000000 19.233447,50.156252,0.000000 19.237332,50.154193,0.000000 19.237332,50.154193,0.000000 19.241548,50.152527,0.000000 19.241548,50.152527,0.000000 19.246440,50.151213,0.000000 19.246440,50.151213,0.000000 19.246440,50.151213,0.000000 19.251820,50.150370,0.000000 19.257005,50.150060,0.000000 19.261597,50.149968,0.000000 19.265570,50.149922,0.000000 19.265570,50.149922,0.000000 19.269288,50.149867,0.000000 19.272667,50.149828,0.000000 19.275983,50.149790,0.000000 19.279208,50.149707,0.000000 19.279208,50.149707,0.000000 19.282448,50.149555,0.000000 19.285618,50.149325,0.000000 19.288807,50.149077,0.000000 19.291937,50.148810,0.000000 19.294338,50.148628,0.000000 19.295360,50.148522,0.000000 19.295585,50.148437,0.000000 19.295758,50.148343,0.000000 19.296053,50.148095,0.000000 19.296973,50.148022,0.000000 19.297228,50.148045,0.000000 19.297393,50.148015,0.000000 19.298077,50.147953,0.000000 19.298277,50.147950,0.000000 19.299377,50.147868,0.000000 19.300282,50.147847,0.000000 19.300640,50.148050,0.000000 19.300765,50.148108,0.000000 19.300937,50.148138,0.000000 19.301185,50.148140,0.000000 19.301185,50.148140,0.000000 19.303135,50.147998,0.000000 19.303135,50.147998,0.000000 19.305723,50.147835,0.000000 19.305723,50.147835,0.000000 19.308887,50.147728,0.000000 19.308887,50.147728,0.000000 19.312617,50.147695,0.000000 19.312617,50.147695,0.000000 19.312617,50.147695,0.000000 19.316708,50.147802,0.000000 19.316708,50.147802,0.000000 19.320915,50.148072,0.000000 19.320915,50.148072,0.000000 19.324958,50.148487,0.000000 19.324958,50.148487,0.000000 19.328923,50.149052,0.000000 19.328923,50.149052,0.000000 19.333280,50.149710,0.000000 19.333280,50.149710,0.000000 19.338037,50.150400,0.000000 19.338037,50.150400,0.000000 19.342362,50.151052,0.000000 19.342362,50.151052,0.000000 19.346258,50.151642,0.000000 19.346258,50.151642,0.000000 19.349745,50.152168,0.000000 19.349745,50.152168,0.000000 19.352898,50.152627,0.000000 19.352898,50.152627,0.000000 19.355863,50.153003,0.000000 19.355863,50.153003,0.000000 19.359448,50.153320,0.000000 19.359448,50.153320,0.000000 19.363487,50.153525,0.000000 19.363487,50.153525,0.000000 19.363487,50.153525,0.000000 19.367973,50.153585,0.000000 19.372462,50.153448,0.000000 19.376890,50.153170,0.000000 19.381252,50.152877,0.000000 19.385513,50.152587,0.000000 19.385513,50.152587,0.000000 19.389673,50.152312,0.000000 19.389673,50.152312,0.000000 19.393888,50.152033,0.000000 19.398097,50.151745,0.000000 19.402132,50.151475,0.000000 19.406355,50.151200,0.000000 19.410550,50.150903,0.000000 19.414470,50.150552,0.000000 19.418152,50.150075,0.000000 19.421795,50.149453,0.000000 19.425410,50.148612,0.000000 19.429227,50.147607,0.000000 19.432938,50.146605,0.000000 19.432938,50.146605,0.000000 19.436693,50.145585,0.000000 19.440393,50.144600,0.000000 19.444257,50.143565,0.000000 19.448140,50.142525,0.000000 19.452012,50.141482,0.000000 19.455787,50.140478,0.000000 19.459728,50.139425,0.000000 19.463590,50.138307,0.000000 19.467235,50.137025,0.000000 19.470765,50.135525,0.000000 19.474113,50.133802,0.000000 19.477537,50.131723,0.000000 19.480295,50.129910,0.000000 19.482993,50.128142,0.000000 19.485918,50.126262,0.000000 19.489138,50.124147,0.000000 19.492437,50.121995,0.000000 19.495648,50.119908,0.000000 19.498913,50.117778,0.000000 19.498913,50.117778,0.000000 19.502098,50.115692,0.000000 19.505113,50.113725,0.000000 19.508217,50.111790,0.000000 19.511482,50.110023,0.000000 19.514950,50.108453,0.000000 19.518653,50.107087,0.000000 19.522508,50.105933,0.000000 19.526492,50.104995,0.000000 19.530683,50.104125,0.000000 19.534743,50.103275,0.000000 19.538570,50.102488,0.000000 19.538570,50.102488,0.000000 19.542387,50.101697,0.000000 19.546185,50.100935,0.000000 19.549930,50.100175,0.000000 19.553590,50.099385,0.000000 19.557335,50.098363,0.000000 19.561185,50.097063,0.000000 19.564683,50.095663,0.000000 19.568147,50.094195,0.000000 19.571728,50.092820,0.000000 19.575480,50.091717,0.000000 19.579392,50.090830,0.000000 19.583747,50.090140,0.000000 19.587975,50.089765,0.000000 19.592260,50.089655,0.000000 19.596530,50.089847,0.000000 19.600775,50.090343,0.000000 19.604977,50.091088,0.000000 19.609227,50.091955,0.000000 19.613778,50.092712,0.000000 19.613778,50.092712,0.000000 19.618202,50.093038,0.000000 19.622390,50.093042,0.000000 19.626625,50.092738,0.000000 19.630923,50.092398,0.000000 19.635240,50.092307,0.000000 19.639610,50.092568,0.000000 19.643895,50.093023,0.000000 19.648320,50.093543,0.000000 19.652792,50.094043,0.000000 19.657533,50.094572,0.000000 19.662305,50.095062,0.000000 19.662305,50.095062,0.000000 19.666800,50.095217,0.000000 19.671213,50.094935,0.000000 19.675463,50.094348,0.000000 19.679447,50.093470,0.000000 19.683078,50.092333,0.000000 19.686478,50.090932,0.000000 19.689660,50.089343,0.000000 19.692823,50.087720,0.000000 19.696120,50.086015,0.000000 19.699333,50.084373,0.000000 19.702447,50.082773,0.000000 19.705552,50.081173,0.000000 19.708942,50.079445,0.000000 19.712367,50.077882,0.000000 19.715972,50.076688,0.000000 19.719788,50.075847,0.000000 19.724095,50.075382,0.000000 19.728575,50.075283,0.000000 19.732927,50.075660,0.000000 19.732927,50.075660,0.000000 19.737463,50.076600,0.000000 19.741815,50.077858,0.000000 19.745855,50.078890,0.000000 19.749915,50.079473,0.000000 19.754132,50.079657,0.000000 19.758078,50.079635,0.000000 19.761943,50.079633,0.000000 19.766090,50.079738,0.000000 19.770035,50.080105,0.000000 19.773995,50.080637,0.000000 19.778003,50.081210,0.000000 19.778003,50.081210,0.000000 19.781843,50.081743,0.000000 19.785405,50.082258,0.000000 19.788600,50.082718,0.000000 19.790463,50.082982,0.000000 19.791340,50.083118,0.000000 19.791620,50.083150,0.000000 19.791958,50.083212,0.000000 19.793972,50.083473,0.000000 19.795970,50.083927,0.000000 19.798385,50.084543,0.000000 19.801152,50.085342,0.000000 19.803425,50.086033,0.000000 19.804253,50.086160,0.000000 19.805163,50.086142,0.000000 19.806083,50.085962,0.000000 19.806887,50.085632,0.000000 19.807237,50.085415,0.000000 19.807785,50.084858,0.000000 19.808122,50.084182,0.000000 19.808097,50.082398,0.000000 19.808143,50.080542,0.000000 19.808510,50.078665,0.000000 19.808918,50.076972,0.000000 19.808918,50.076972,0.000000 19.809182,50.075693,0.000000 19.809100,50.075173,0.000000 19.808972,50.074815,0.000000 19.808812,50.074633,0.000000 19.808682,50.074573,0.000000 19.808528,50.074537,0.000000 19.808373,50.074525,0.000000 19.808235,50.074535,0.000000 19.807828,50.074673,0.000000 19.807750,50.074753,0.000000 19.807650,50.074993,0.000000 19.807518,50.075028,0.000000 19.807358,50.075030,0.000000 19.807195,50.074968,0.000000 19.807095,50.074877,0.000000 19.807087,50.074763,0.000000 19.807062,50.074540,0.000000 19.806725,50.073913,0.000000 19.806318,50.073102,0.000000 19.806073,50.072712,0.000000 19.805820,50.072570,0.000000 19.805638,50.072528,0.000000 19.805638,50.072528,0.000000 19.805182,50.072405,0.000000 19.804340,50.072068,0.000000 19.803313,50.071918,0.000000 19.802278,50.071747,0.000000 19.802022,50.071692,0.000000 19.801880,50.071738,0.000000 19.801125,50.071580,0.000000 19.800082,50.071388,0.000000 19.799930,50.071368,0.000000 19.799857,50.071325,0.000000 19.799855,50.071270,0.000000 19.800107,50.071022,0.000000 19.800188,50.071012,0.000000 19.800637,50.071010,0.000000 19.801277,50.071143,0.000000 19.803442,50.071395,0.000000 19.804040,50.071477,0.000000 19.804370,50.071597,0.000000 19.804370,50.071597,0.000000 19.804815,50.071995,0.000000 19.804815,50.071995,0.000000 19.805277,50.072375,0.000000 19.805277,50.072375,0.000000 19.805480,50.072428,0.000000 19.805480,50.072428,0.000000 19.805718,50.072468,0.000000 19.805718,50.072468,0.000000 19.805817,50.072433,0.000000 19.805817,50.072433,0.000000 19.806012,50.072333,0.000000 19.806012,50.072333,0.000000 19.806165,50.072340,0.000000 19.806165,50.072340,0.000000 19.806535,50.072397,0.000000 19.806535,50.072397,0.000000 19.807142,50.072320,0.000000 19.807142,50.072320,0.000000 19.808897,50.071970,0.000000 19.808897,50.071970,0.000000 19.809242,50.071968,0.000000 19.809242,50.071968,0.000000 19.809610,50.072005,0.000000 19.809610,50.072005,0.000000 19.809982,50.072082,0.000000 19.809982,50.072082,0.000000 19.811052,50.072375,0.000000 19.811052,50.072375,0.000000 19.811605,50.072715,0.000000 19.811605,50.072715,0.000000 19.811755,50.072938,0.000000 19.811755,50.072938,0.000000 19.811767,50.073210,0.000000 19.811767,50.073210,0.000000 19.811713,50.073475,0.000000 19.811713,50.073475,0.000000 19.811348,50.074338,0.000000 19.811348,50.074338,0.000000 19.811183,50.074538,0.000000 19.811183,50.074538,0.000000 19.810927,50.074743,0.000000 19.810927,50.074743,0.000000 19.809777,50.075577,0.000000 19.809777,50.075577,0.000000 19.809437,50.076128,0.000000 19.809437,50.076128,0.000000 19.809437,50.076128,0.000000 19.808837,50.078390,0.000000 19.808837,50.078390,0.000000 19.808337,50.080722,0.000000 19.808337,50.080722,0.000000 19.808320,50.083018,0.000000 19.808320,50.083018,0.000000 19.808203,50.084663,0.000000 19.808203,50.084663,0.000000 19.807767,50.085440,0.000000 19.807767,50.085440,0.000000 19.807088,50.086138,0.000000 19.807088,50.086138,0.000000 19.806147,50.086735,0.000000 19.806147,50.086735,0.000000 19.805040,50.087153,0.000000 19.805040,50.087153,0.000000 19.803870,50.087380,0.000000 19.803870,50.087380,0.000000 19.802650,50.087393,0.000000 19.802650,50.087393,0.000000 19.801510,50.087165,0.000000 19.801510,50.087165,0.000000 19.800513,50.086730,0.000000 19.800513,50.086730,0.000000 19.800120,50.086435,0.000000 19.800120,50.086435,0.000000 19.798600,50.085023,0.000000 19.798600,50.085023,0.000000 19.797515,50.084550,0.000000 19.797515,50.084550,0.000000 19.794638,50.083840,0.000000 19.794638,50.083840,0.000000 19.792408,50.083378,0.000000 19.792408,50.083378,0.000000 19.791363,50.083207,0.000000 19.791363,50.083207,0.000000 19.791297,50.083207,0.000000 19.791297,50.083207,0.000000 19.791118,50.083175,0.000000 19.791118,50.083175,0.000000 19.789020,50.082938,0.000000 19.789020,50.082938,0.000000 19.786763,50.082655,0.000000 19.786763,50.082655,0.000000 19.784445,50.082347,0.000000 19.784445,50.082347,0.000000 19.781997,50.081987,0.000000 19.781997,50.081987,0.000000 19.779297,50.081610,0.000000 19.779297,50.081610,0.000000 19.779297,50.081610,0.000000 19.776493,50.081218,0.000000 19.775288,50.081148,0.000000 19.774912,50.081240,0.000000 19.774727,50.081217,0.000000 19.773495,50.081008,0.000000 19.772102,50.080838,0.000000 19.772102,50.080838,0.000000 19.771123,50.080732,0.000000 19.771123,50.080732,0.000000 19.771123,50.080732,0.000000 19.771123,50.080732,0.000000 19.771123,50.080732,0.000000 19.771123,50.080732,0.000000 19.771123,50.080732,0.000000 19.770993,50.080670,0.000000 19.770993,50.080670,0.000000 19.770778,50.080638,0.000000 19.770778,50.080638,0.000000 19.770318,50.080572,0.000000 19.770318,50.080572,0.000000 19.770112,50.080500,0.000000 19.770112,50.080500,0.000000 19.769862,50.080395,0.000000 19.769862,50.080395,0.000000 19.769477,50.080318,0.000000 19.769477,50.080318,0.000000 19.766338,50.080013,0.000000 19.766338,50.080013,0.000000 19.762642,50.079842,0.000000 19.762642,50.079842,0.000000 19.758342,50.079832,0.000000 19.758342,50.079832,0.000000 19.753830,50.079833,0.000000 19.753830,50.079833,0.000000 19.749617,50.079630,0.000000 19.749617,50.079630,0.000000 19.745770,50.079087,0.000000 19.745770,50.079087,0.000000 19.742153,50.078222,0.000000 19.742153,50.078222,0.000000 19.738503,50.077103,0.000000 19.734788,50.076193,0.000000 19.730778,50.075628,0.000000 19.730778,50.075628,0.000000 19.726588,50.075492,0.000000 19.726588,50.075492,0.000000 19.722137,50.075727,0.000000 19.717823,50.076405,0.000000 19.713743,50.077582,0.000000 19.710062,50.079100,0.000000 19.706557,50.080870,0.000000 19.703265,50.082628,0.000000 19.700008,50.084332,0.000000 19.696797,50.085982,0.000000 19.693547,50.087632,0.000000 19.690417,50.089232,0.000000 19.687105,50.090907,0.000000 19.683665,50.092392,0.000000 19.683665,50.092392,0.000000 19.679942,50.093585,0.000000 19.675893,50.094475,0.000000 19.671700,50.095065,0.000000 19.666895,50.095332,0.000000 19.661705,50.095228,0.000000 19.656832,50.094742,0.000000 19.652393,50.094258,0.000000 19.648383,50.093807,0.000000 19.644188,50.093313,0.000000 19.639280,50.092792,0.000000 19.635208,50.092543,0.000000 19.631600,50.092573,0.000000 19.628057,50.092815,0.000000 19.624622,50.093095,0.000000 19.621038,50.093288,0.000000 19.617477,50.093255,0.000000 19.614042,50.092975,0.000000 19.610165,50.092340,0.000000 19.610165,50.092340,0.000000 19.605880,50.091465,0.000000 19.601592,50.090653,0.000000 19.596650,50.090043,0.000000 19.591868,50.089837,0.000000 19.587127,50.089973,0.000000 19.582653,50.090483,0.000000 19.578513,50.091193,0.000000 19.574435,50.092205,0.000000 19.570537,50.093490,0.000000 19.567180,50.094798,0.000000 19.563502,50.096375,0.000000 19.559752,50.097810,0.000000 19.559752,50.097810,0.000000 19.555880,50.099015,0.000000 19.551657,50.100023,0.000000 19.547397,50.100917,0.000000 19.543217,50.101755,0.000000 19.538808,50.102637,0.000000 19.534137,50.103582,0.000000 19.529535,50.104557,0.000000 19.524758,50.105585,0.000000 19.519982,50.106868,0.000000 19.515445,50.108473,0.000000 19.511393,50.110295,0.000000 19.507853,50.112233,0.000000 19.504690,50.114200,0.000000 19.501517,50.116292,0.000000 19.498218,50.118447,0.000000 19.495032,50.120510,0.000000 19.491827,50.122612,0.000000 19.488683,50.124667,0.000000 19.488683,50.124667,0.000000 19.485745,50.126595,0.000000 19.483295,50.128025,0.000000 19.480672,50.129713,0.000000 19.477760,50.131620,0.000000 19.474527,50.133623,0.000000 19.471245,50.135358,0.000000 19.467893,50.136847,0.000000 19.464528,50.138087,0.000000 19.461367,50.139070,0.000000 19.458493,50.139845,0.000000 19.455430,50.140650,0.000000 19.452587,50.141410,0.000000 19.452587,50.141410,0.000000 19.449757,50.142160,0.000000 19.446573,50.142995,0.000000 19.443118,50.143927,0.000000 19.439707,50.144835,0.000000 19.436998,50.145700,0.000000 19.434338,50.146422,0.000000 19.431573,50.147148,0.000000 19.428477,50.147972,0.000000 19.425575,50.148735,0.000000 19.423378,50.149270,0.000000 19.421175,50.149765,0.000000 19.420333,50.149918,0.000000 19.418798,50.150038,0.000000 19.417070,50.150272,0.000000 19.415268,50.150522,0.000000 19.413213,50.150885,0.000000 19.410157,50.151095,0.000000 19.406678,50.151335,0.000000 19.406678,50.151335,0.000000 19.403048,50.151590,0.000000 19.399038,50.151862,0.000000 19.394633,50.152152,0.000000 19.390125,50.152493,0.000000 19.385372,50.152803,0.000000 19.380623,50.153097,0.000000 19.376133,50.153408,0.000000 19.371183,50.153707,0.000000 19.366190,50.153792,0.000000 19.360752,50.153607,0.000000 19.356087,50.153260,0.000000 19.351697,50.152730,0.000000 19.351697,50.152730,0.000000 19.347600,50.152110,0.000000 19.343582,50.151522,0.000000 19.339402,50.150885,0.000000 19.335175,50.150253,0.000000 19.330983,50.149608,0.000000 19.326980,50.148998,0.000000 19.323203,50.148517,0.000000 19.319220,50.148147,0.000000 19.315300,50.147938,0.000000 19.311312,50.147875,0.000000 19.306723,50.147948,0.000000 19.301677,50.148335,0.000000 19.296148,50.148755,0.000000 19.290590,50.149203,0.000000 19.285532,50.149577,0.000000 19.279977,50.149920,0.000000 19.274432,50.150073,0.000000 19.269365,50.150143,0.000000 19.269365,50.150143,0.000000 19.264310,50.150165,0.000000 19.258862,50.150238,0.000000 19.253672,50.150397,0.000000 19.248457,50.151017,0.000000 19.243185,50.152200,0.000000 19.238292,50.153980,0.000000 19.234438,50.155920,0.000000 19.231328,50.157797,0.000000 19.228352,50.159872,0.000000 19.225435,50.161835,0.000000 19.222417,50.163882,0.000000 19.219388,50.165897,0.000000 19.219388,50.165897,0.000000 19.216232,50.168042,0.000000 19.213223,50.170088,0.000000 19.210320,50.172090,0.000000 19.207383,50.174052,0.000000 19.204460,50.176028,0.000000 19.201598,50.177960,0.000000 19.198630,50.179993,0.000000 19.195882,50.182257,0.000000 19.193503,50.184665,0.000000 19.191443,50.187190,0.000000 19.189837,50.189700,0.000000 19.188430,50.192175,0.000000 19.187173,50.194360,0.000000 19.186293,50.196037,0.000000 19.185930,50.196750,0.000000 19.185817,50.196905,0.000000 19.184883,50.198275,0.000000 19.184883,50.198275,0.000000 19.183538,50.199813,0.000000 19.183538,50.199813,0.000000 19.181215,50.201920,0.000000 19.181215,50.201920,0.000000 19.177985,50.204052,0.000000 19.177985,50.204052,0.000000 19.174053,50.205952,0.000000 19.174053,50.205952,0.000000 19.170042,50.207187,0.000000 19.170042,50.207187,0.000000 19.166172,50.208048,0.000000 19.166172,50.208048,0.000000 19.162255,50.208903,0.000000 19.162255,50.208903,0.000000 19.158232,50.209802,0.000000 19.158232,50.209802,0.000000 19.154478,50.210660,0.000000 19.154478,50.210660,0.000000 19.150798,50.211523,0.000000 19.150798,50.211523,0.000000 19.147208,50.212342,0.000000 19.147208,50.212342,0.000000 19.143823,50.213063,0.000000 19.143823,50.213063,0.000000 19.143823,50.213063,0.000000 19.140230,50.213878,0.000000 19.140230,50.213878,0.000000 19.136327,50.214755,0.000000 19.136327,50.214755,0.000000 19.132400,50.215627,0.000000 19.132400,50.215627,0.000000 19.128482,50.216498,0.000000 19.128482,50.216498,0.000000 19.124342,50.217237,0.000000 19.124342,50.217237,0.000000 19.120360,50.217850,0.000000 19.120360,50.217850,0.000000 19.116527,50.218317,0.000000 19.116527,50.218317,0.000000 19.112873,50.218745,0.000000 19.112873,50.218745,0.000000 19.108902,50.219198,0.000000 19.108902,50.219198,0.000000 19.108902,50.219198,0.000000 19.104322,50.219805,0.000000 19.100050,50.220725,0.000000 19.095827,50.221980,0.000000 19.091553,50.223350,0.000000 19.091553,50.223350,0.000000 19.087362,50.224720,0.000000 19.087362,50.224720,0.000000 19.083537,50.225930,0.000000 19.080110,50.226998,0.000000 19.076645,50.228068,0.000000 19.072858,50.229242,0.000000 19.069063,50.230423,0.000000 19.066123,50.231593,0.000000 19.064262,50.232662,0.000000 19.062845,50.233868,0.000000 19.061212,50.235953,0.000000 19.059550,50.238055,0.000000 19.057770,50.239528,0.000000 19.056143,50.240448,0.000000 19.053820,50.241333,0.000000 19.050883,50.242020,0.000000 19.047825,50.242633,0.000000 19.044033,50.243420,0.000000 19.039953,50.244222,0.000000 19.035982,50.245008,0.000000 19.035982,50.245008,0.000000 19.031742,50.245742,0.000000 19.027465,50.246087,0.000000 19.023505,50.246355,0.000000 19.019213,50.246635,0.000000 19.014832,50.246937,0.000000 19.010157,50.247248,0.000000 19.005562,50.247687,0.000000 19.003937,50.248117,0.000000 19.001733,50.249078,0.000000 18.998637,50.250427,0.000000 18.994805,50.251332,0.000000 18.991298,50.251927,0.000000 18.987865,50.252523,0.000000 18.984090,50.253157,0.000000 18.984090,50.253157,0.000000 18.979457,50.253965,0.000000 18.974633,50.254815,0.000000 18.969820,50.255648,0.000000 18.965673,50.256087,0.000000 18.961272,50.256008,0.000000 18.956265,50.255648,0.000000 18.951580,50.255282,0.000000 18.946787,50.254930,0.000000 18.942235,50.254440,0.000000 18.937485,50.253812,0.000000 18.932630,50.253025,0.000000 18.928025,50.252252,0.000000 18.923563,50.251502,0.000000 18.919252,50.250805,0.000000 18.915137,50.250128,0.000000 18.911097,50.249467,0.000000 18.906945,50.248768,0.000000 18.906945,50.248768,0.000000 18.902607,50.248017,0.000000 18.897907,50.247357,0.000000 18.895005,50.247342,0.000000 18.892257,50.247755,0.000000 18.889713,50.248475,0.000000 18.887453,50.249530,0.000000 18.884313,50.251282,0.000000 18.881708,50.252252,0.000000 18.879033,50.252818,0.000000 18.875313,50.253310,0.000000 18.871402,50.253853,0.000000 18.867555,50.254382,0.000000 18.864032,50.254863,0.000000 18.860483,50.255375,0.000000 18.857942,50.255870,0.000000 18.856392,50.256255,0.000000 18.856392,50.256255,0.000000 18.856317,50.256330,0.000000 18.856312,50.256418,0.000000 18.856402,50.256515,0.000000 18.857515,50.257425,0.000000 18.858323,50.258233,0.000000 18.858565,50.258658,0.000000 18.858670,50.259042,0.000000 18.858678,50.259403,0.000000 18.858577,50.260640,0.000000 18.858790,50.261807,0.000000 18.858925,50.262297,0.000000 18.858987,50.262618,0.000000 18.859147,50.262810,0.000000 18.859282,50.262877,0.000000 18.859395,50.262943,0.000000 18.859640,50.263122,0.000000 18.860368,50.263465,0.000000 18.861230,50.264135,0.000000 18.861397,50.264353,0.000000 18.861890,50.265462,0.000000 18.862013,50.266188,0.000000 18.862025,50.266268,0.000000 18.862025,50.266268,0.000000 18.862323,50.267527,0.000000 18.862645,50.268943,0.000000 18.862893,50.269860,0.000000 18.863110,50.270853,0.000000 18.863398,50.272072,0.000000 18.863678,50.273537,0.000000 18.863960,50.274925,0.000000 18.864083,50.276078,0.000000 18.864007,50.276258,0.000000 18.863953,50.276410,0.000000 18.863897,50.276600,0.000000 18.863727,50.276675,0.000000 18.863295,50.276897,0.000000 18.862028,50.277893,0.000000 18.860733,50.278908,0.000000 18.860733,50.278908,0.000000 18.859703,50.279743,0.000000 18.859170,50.280163,0.000000 18.858423,50.280783,0.000000 18.857083,50.281910,0.000000 18.856695,50.282452,0.000000 18.856205,50.283822,0.000000 18.855938,50.285670,0.000000 18.855707,50.287442,0.000000 18.855428,50.289243,0.000000 18.855130,50.291108,0.000000 18.854840,50.292957,0.000000 18.854542,50.294743,0.000000 18.854542,50.294743,0.000000 18.854288,50.296217,0.000000 18.854292,50.296703,0.000000 18.854310,50.296913,0.000000 18.854335,50.297330,0.000000 18.854432,50.297508,0.000000 18.854557,50.297782,0.000000 18.854402,50.297882,0.000000 18.854040,50.298177,0.000000 18.853938,50.298468,0.000000 18.853820,50.299717,0.000000 18.853837,50.299818,0.000000 18.853900,50.299913,0.000000 18.853958,50.300012,0.000000 18.853917,50.300115,0.000000 18.853818,50.300368,0.000000 18.853868,50.301143,0.000000 18.853983,50.302365,0.000000 18.854075,50.303505,0.000000 18.854142,50.304342,0.000000 18.854277,50.305383,0.000000 18.854182,50.306517,0.000000 18.854227,50.306613,0.000000 18.854332,50.306695,0.000000 18.854478,50.306797,0.000000 18.854500,50.306938,0.000000 18.854380,50.307058,0.000000 18.854182,50.307122,0.000000 18.854182,50.307122,0.000000 18.853762,50.307297,0.000000 18.853138,50.308095,0.000000 18.852442,50.309080,0.000000 18.852135,50.309703,0.000000 18.852057,50.310212,0.000000 18.852042,50.310612,0.000000 18.851913,50.311777,0.000000 18.851752,50.312807,0.000000 18.851665,50.313390,0.000000 18.852005,50.314095,0.000000 18.852623,50.315137,0.000000 18.852818,50.315250,0.000000 18.853058,50.315273,0.000000 18.853285,50.315225,0.000000 18.854322,50.314970,0.000000 18.855823,50.314605,0.000000 18.856053,50.314575,0.000000 18.856278,50.314607,0.000000 18.856477,50.314678,0.000000 18.856633,50.314778,0.000000 18.857082,50.315205,0.000000 18.857097,50.315452,0.000000 18.857107,50.315663,0.000000 18.856957,50.316022,0.000000 18.856957,50.316022,0.000000 18.856655,50.316297,0.000000 18.856175,50.316820,0.000000 18.856008,50.317197,0.000000 18.855858,50.318147,0.000000 18.855947,50.318340,0.000000 18.856112,50.318513,0.000000 18.856780,50.319182,0.000000 18.856850,50.319368,0.000000 18.856968,50.320520,0.000000 18.857080,50.321575,0.000000 18.857077,50.322493,0.000000 18.856882,50.322872,0.000000 18.856155,50.323738,0.000000 18.855612,50.324518,0.000000 18.855552,50.324987,0.000000 18.855630,50.325200,0.000000 18.855770,50.325398,0.000000 18.855960,50.325585,0.000000 18.856213,50.325763,0.000000 18.856833,50.326008,0.000000 18.857222,50.326060,0.000000 18.857668,50.326060,0.000000 18.859308,50.325940,0.000000 18.859672,50.326008,0.000000 18.860303,50.326272,0.000000 18.861613,50.327117,0.000000 18.862035,50.327493,0.000000 18.862035,50.327493,0.000000 18.862673,50.328507,0.000000 18.862922,50.328963,0.000000 18.862972,50.329063,0.000000 18.863735,50.330190,0.000000 18.864545,50.331427,0.000000 18.865445,50.332582,0.000000 18.866740,50.333398,0.000000 18.868097,50.334197,0.000000 18.869342,50.334960,0.000000 18.869628,50.335218,0.000000 18.869683,50.335390,0.000000 18.869715,50.335585,0.000000 18.869615,50.336037,0.000000 18.869373,50.336968,0.000000 18.869035,50.337975,0.000000 18.869010,50.338460,0.000000 18.869085,50.338712,0.000000 18.869397,50.339130,0.000000 18.870502,50.340352,0.000000 18.871613,50.341667,0.000000 18.871613,50.341667,0.000000 18.872913,50.343250,0.000000 18.874265,50.344818,0.000000 18.875458,50.346223,0.000000 18.876698,50.347698,0.000000 18.877007,50.348203,0.000000 18.877037,50.348452,0.000000 18.876953,50.349655,0.000000 18.876695,50.350682,0.000000 18.876507,50.351557,0.000000 18.876537,50.351680,0.000000 18.876440,50.352810,0.000000 18.876395,50.352948,0.000000 18.876247,50.353057,0.000000 18.875993,50.353098,0.000000 18.873468,50.353313,0.000000 18.870180,50.353643,0.000000 18.870180,50.353643,0.000000 18.867270,50.353953,0.000000 18.865488,50.354297,0.000000 18.863242,50.355122,0.000000 18.860968,50.355905,0.000000 18.859812,50.356263,0.000000 18.858982,50.356785,0.000000 18.858702,50.357205,0.000000 18.858017,50.358218,0.000000 18.857500,50.359292,0.000000 18.857080,50.360265,0.000000 18.857108,50.360497,0.000000 18.857308,50.361502,0.000000 18.856692,50.362447,0.000000 18.856077,50.363477,0.000000 18.855903,50.363665,0.000000 18.855187,50.364155,0.000000 18.853720,50.364767,0.000000 18.853017,50.365147,0.000000 18.852507,50.365877,0.000000 18.852267,50.366670,0.000000 18.852267,50.366670,0.000000 18.852150,50.367077,0.000000 18.851837,50.368407,0.000000 18.851588,50.369112,0.000000 18.851373,50.369127,0.000000 18.851087,50.369095,0.000000 18.850058,50.368957,0.000000 18.850138,50.368897,0.000000 18.850138,50.368897,0.000000 18.849765,50.368905,0.000000 18.849758,50.368828,0.000000 18.850177,50.367887,0.000000 18.850608,50.366923,0.000000 18.851020,50.365840,0.000000 18.851112,50.364763,0.000000 18.851110,50.364367,0.000000 18.850977,50.364000,0.000000 18.850523,50.363135,0.000000 18.850322,50.362802,0.000000 18.850173,50.362737,0.000000 18.848550,50.362328,0.000000 18.846635,50.361882,0.000000 18.844853,50.361465,0.000000 18.843023,50.361058,0.000000 18.840523,50.360658,0.000000 18.838538,50.360303,0.000000 18.838538,50.360303,0.000000 18.838060,50.360163,0.000000 18.838065,50.360070,0.000000 18.838517,50.359112,0.000000 18.839040,50.358067,0.000000 18.839277,50.357497,0.000000 18.839177,50.357470,0.000000 18.837947,50.357178,0.000000 18.837005,50.356962,0.000000 18.837000,50.356910,0.000000 18.837050,50.356828,0.000000 18.837498,50.356403,0.000000 18.837498,50.356403,0.000000 18.837602,50.356300,0.000000 18.837602,50.356300,0.000000 18.837602,50.356300,0.000000 18.837602,50.356300,0.000000 18.837602,50.356300,0.000000 18.837602,50.356300,0.000000 18.837602,50.356300,0.000000 18.837602,50.356300,0.000000 18.837602,50.356300,0.000000 18.837602,50.356300,0.000000 18.837602,50.356300,0.000000 18.837602,50.356300,0.000000 18.837602,50.356300,0.000000 18.837602,50.356300,0.000000 18.837602,50.356300,0.000000 18.837602,50.356300,0.000000 18.837602,50.356300,0.000000 18.837602,50.356300,0.000000 18.837602,50.356300,0.000000 18.837602,50.356300,0.000000 18.837602,50.356300,0.000000 18.837602,50.356300,0.000000 18.837602,50.356300,0.000000 18.837602,50.356300,0.000000 18.837602,50.356300,0.000000 18.837602,50.356300,0.000000 18.837602,50.356300,0.000000 18.837602,50.356300,0.000000 18.837602,50.356300,0.000000 18.837602,50.356300,0.000000 18.837602,50.356300,0.000000 18.837602,50.356300,0.000000 18.837602,50.356300,0.000000 18.837602,50.356300,0.000000 18.837602,50.356300,0.000000 18.837602,50.356300,0.000000 18.837602,50.356300,0.000000 18.837602,50.356300,0.000000 18.837602,50.356300,0.000000 18.837602,50.356300,0.000000 18.837602,50.356300,0.000000 18.837602,50.356300,0.000000 18.837602,50.356300,0.000000 18.837602,50.356300,0.000000 18.837602,50.356300,0.000000 18.837602,50.356300,0.000000 18.837602,50.356300,0.000000 18.837602,50.356300,0.000000 18.837602,50.356300,0.000000 18.837602,50.356300,0.000000 18.837602,50.356300,0.000000 18.837602,50.356300,0.000000 18.837602,50.356300,0.000000 18.837602,50.356300,0.000000 18.837602,50.356300,0.000000 18.837602,50.356300,0.000000 18.837602,50.356300,0.000000 18.837602,50.356300,0.000000 18.837602,50.356300,0.000000 18.837602,50.356300,0.000000 18.837602,50.356300,0.000000 18.837602,50.356300,0.000000 18.837602,50.356300,0.000000 18.837602,50.356300,0.000000 18.837602,50.356300,0.000000 18.837602,50.356300,0.000000 18.837602,50.356300,0.000000 18.837602,50.356300,0.000000 18.837602,50.356300,0.000000 18.837602,50.356300,0.000000 18.837602,50.356300,0.000000 18.837602,50.356300,0.000000 18.837602,50.356300,0.000000 18.837602,50.356300,0.000000 18.837602,50.356300,0.000000 18.837602,50.356300,0.000000 18.837602,50.356300,0.000000 18.837602,50.356300,0.000000 18.837602,50.356300,0.000000 18.837602,50.356300,0.000000 18.837602,50.356300,0.000000 18.837602,50.356300,0.000000 18.837602,50.356300,0.000000 18.837602,50.356300,0.000000 18.837602,50.356300,0.000000 18.837602,50.356300,0.000000 18.837602,50.356300,0.000000 18.837602,50.356300,0.000000 18.837602,50.356300,0.000000 18.837602,50.356300,0.000000 18.837602,50.356300,0.000000 18.837602,50.356300,0.000000 18.837602,50.356300,0.000000 18.837602,50.356300,0.000000 18.837602,50.356300,0.000000 18.837602,50.356300,0.000000 18.837602,50.356300,0.000000 18.837602,50.356300,0.000000 18.837602,50.356300,0.000000 18.837602,50.356300,0.000000 18.837602,50.356300,0.000000 18.837602,50.356300,0.000000 18.837602,50.356300,0.000000 18.837602,50.356300,0.000000 18.837602,50.356300,0.000000 18.837602,50.356300,0.000000 18.837602,50.356300,0.000000 18.837602,50.356300,0.000000 18.837602,50.356300,0.000000 18.837602,50.356300,0.000000 18.837602,50.356300,0.000000 18.837602,50.356300,0.000000 18.837602,50.356300,0.000000 18.837602,50.356300,0.000000 18.837602,50.356300,0.000000 18.837602,50.356300,0.000000 18.837602,50.356300,0.000000 18.837602,50.356300,0.000000 18.837602,50.356300,0.000000 18.837602,50.356300,0.000000 18.837602,50.356300,0.000000 18.837602,50.356300,0.000000 18.837602,50.356300,0.000000 18.837602,50.356300,0.000000 18.837602,50.356300,0.000000 18.837602,50.356300,0.000000 18.837602,50.356300,0.000000 18.837602,50.356300,0.000000 18.837602,50.356300,0.000000 18.837602,50.356300,0.000000 18.837602,50.356300,0.000000 18.837602,50.356300,0.000000 18.837602,50.356300,0.000000 18.837602,50.356300,0.000000 18.837602,50.356300,0.000000 18.837602,50.356300,0.000000 18.837602,50.356300,0.000000 18.837602,50.356300,0.000000 18.837602,50.356300,0.000000 18.837602,50.356300,0.000000 18.837602,50.356300,0.000000 18.837602,50.356300,0.000000 18.837602,50.356300,0.000000 18.837602,50.356300,0.000000 18.837602,50.356300,0.000000 18.837602,50.356300,0.000000 18.837602,50.356300,0.000000 18.837602,50.356300,0.000000 18.837602,50.356300,0.000000 18.837602,50.356300,0.000000 18.837602,50.356300,0.000000 18.837602,50.356300,0.000000 18.837602,50.356300,0.000000 18.837602,50.356300,0.000000 18.837602,50.356300,0.000000 18.837602,50.356300,0.000000 18.837602,50.356300,0.000000 18.837602,50.356300,0.000000 18.837602,50.356300,0.000000 18.837602,50.356300,0.000000 18.837602,50.356300,0.000000 18.837602,50.356300,0.000000 18.837602,50.356300,0.000000 18.837602,50.356300,0.000000 18.837602,50.356300,0.000000 18.837602,50.356300,0.000000 18.837602,50.356300,0.000000 18.837602,50.356300,0.000000 18.837602,50.356300,0.000000 18.837602,50.356300,0.000000 18.837602,50.356300,0.000000 18.837602,50.356300,0.000000 18.837602,50.356300,0.000000 18.837602,50.356300,0.000000 18.837602,50.356300,0.000000 18.837602,50.356300,0.000000 18.837602,50.356300,0.000000 18.837602,50.356300,0.000000 18.837602,50.356300,0.000000 18.837602,50.356300,0.000000 18.837602,50.356300,0.000000 18.837602,50.356300,0.000000 18.837602,50.356300,0.000000 18.837602,50.356300,0.000000 18.837602,50.356300,0.000000 18.837602,50.356300,0.000000 18.837602,50.356300,0.000000 18.837602,50.356300,0.000000 18.837602,50.356300,0.000000 18.837602,50.356300,0.000000 18.837602,50.356300,0.000000 18.837602,50.356300,0.000000 18.837602,50.356300,0.000000 18.837602,50.356300,0.000000 18.837602,50.356300,0.000000 18.837602,50.356300,0.000000 18.837602,50.356300,0.000000 18.837602,50.356300,0.000000 18.837602,50.356300,0.000000 18.837602,50.356300,0.000000 18.837602,50.356300,0.000000 18.837602,50.356300,0.000000 18.837602,50.356300,0.000000 18.837602,50.356300,0.000000 18.837602,50.356300,0.000000 18.837602,50.356300,0.000000 18.837602,50.356300,0.000000 18.837602,50.356300,0.000000 18.837602,50.356300,0.000000 18.837602,50.356300,0.000000 18.837602,50.356300,0.000000 18.837602,50.356300,0.000000 18.837602,50.356300,0.000000 18.837602,50.356300,0.000000 18.837602,50.356300,0.000000 18.837602,50.356300,0.000000 18.837602,50.356300,0.000000 18.837602,50.356300,0.000000 18.837602,50.356300,0.000000 18.837602,50.356300,0.000000 18.837602,50.356300,0.000000 18.837602,50.356300,0.000000 18.837602,50.356300,0.000000 18.837602,50.356300,0.000000 18.837602,50.356300,0.000000 18.837602,50.356300,0.000000 18.837602,50.356300,0.000000 18.837602,50.356300,0.000000 18.837602,50.356300,0.000000 18.837602,50.356300,0.000000 18.837602,50.356300,0.000000 18.837602,50.356300,0.000000 18.837602,50.356300,0.000000 18.837602,50.356300,0.000000 18.837602,50.356300,0.000000 18.837602,50.356300,0.000000 18.837602,50.356300,0.000000 18.837602,50.356300,0.000000 18.837602,50.356300,0.000000 18.837602,50.356300,0.000000 18.837602,50.356300,0.000000 18.837602,50.356300,0.000000 18.837602,50.356300,0.000000 18.837602,50.356300,0.000000 18.837602,50.356300,0.000000 18.837602,50.356300,0.000000 18.837602,50.356300,0.000000 18.837602,50.356300,0.000000 18.837602,50.356300,0.000000 18.837602,50.356300,0.000000 18.837602,50.356300,0.000000 18.837602,50.356300,0.000000 18.837602,50.356300,0.000000 18.837602,50.356300,0.000000 18.837602,50.356300,0.000000 18.837602,50.356300,0.000000 18.837602,50.356300,0.000000 18.837602,50.356300,0.000000 18.837602,50.356300,0.000000 18.837602,50.356300,0.000000 18.837602,50.356300,0.000000 18.837602,50.356300,0.000000 18.837602,50.356300,0.000000 18.837602,50.356300,0.000000 18.837602,50.356300,0.000000 18.837602,50.356300,0.000000 18.837602,50.356300,0.000000 18.837602,50.356300,0.000000 18.837602,50.356300,0.000000 18.837602,50.356300,0.000000 18.837602,50.356300,0.000000 18.837602,50.356300,0.000000 18.837602,50.356300,0.000000 18.837602,50.356300,0.000000 18.837602,50.356300,0.000000 18.837602,50.356300,0.000000 18.837602,50.356300,0.000000 18.837602,50.356300,0.000000 18.837602,50.356300,0.000000 18.837602,50.356300,0.000000 18.837602,50.356300,0.000000 18.837602,50.356300,0.000000 18.837602,50.356300,0.000000 18.837602,50.356300,0.000000 18.837602,50.356300,0.000000 18.837602,50.356300,0.000000 18.837602,50.356300,0.000000 18.837602,50.356300,0.000000 18.837602,50.356300,0.000000 18.837602,50.356300,0.000000 18.837602,50.356300,0.000000 18.837602,50.356300,0.000000 18.837602,50.356300,0.000000 18.837602,50.356300,0.000000 18.837602,50.356300,0.000000 18.837602,50.356300,0.000000 18.837602,50.356300,0.000000 18.837602,50.356300,0.000000 18.837602,50.356300,0.000000 18.837602,50.356300,0.000000 18.837602,50.356300,0.000000 18.837602,50.356300,0.000000 18.837602,50.356300,0.000000 18.837602,50.356300,0.000000 18.837602,50.356300,0.000000 18.837602,50.356300,0.000000 18.837602,50.356300,0.000000 18.837602,50.356300,0.000000 18.837602,50.356300,0.000000 18.837602,50.356300,0.000000 18.837602,50.356300,0.000000 18.837602,50.356300,0.000000 18.837602,50.356300,0.000000 18.837602,50.356300,0.000000 18.837602,50.356300,0.000000 18.837602,50.356300,0.000000 18.837602,50.356300,0.000000 18.837602,50.356300,0.000000 18.837602,50.356300,0.000000 18.837602,50.356300,0.000000 18.837602,50.356300,0.000000 18.837602,50.356300,0.000000 18.837602,50.356300,0.000000 18.837602,50.356300,0.000000 18.837602,50.356300,0.000000 18.837602,50.356300,0.000000 18.837602,50.356300,0.000000 18.837602,50.356300,0.000000 18.837602,50.356300,0.000000 18.837602,50.356300,0.000000 18.837602,50.356300,0.000000 18.837602,50.356300,0.000000 18.837602,50.356300,0.000000 18.837602,50.356300,0.000000 18.837602,50.356300,0.000000 18.837602,50.356300,0.000000 18.837602,50.356300,0.000000 18.837602,50.356300,0.000000 18.837602,50.356300,0.000000 18.837602,50.356300,0.000000 18.837602,50.356300,0.000000 18.837602,50.356300,0.000000 18.837602,50.356300,0.000000 18.837602,50.356300,0.000000 18.837602,50.356300,0.000000 18.837602,50.356300,0.000000 18.837602,50.356300,0.000000 18.837602,50.356300,0.000000 18.837602,50.356300,0.000000 18.837602,50.356300,0.000000 18.837602,50.356300,0.000000 18.837602,50.356300,0.000000 18.837602,50.356300,0.000000 18.837602,50.356300,0.000000 18.837602,50.356300,0.000000 18.837602,50.356300,0.000000 18.837602,50.356300,0.000000 18.837602,50.356300,0.000000 18.837602,50.356300,0.000000 18.837602,50.356300,0.000000 18.837602,50.356300,0.000000 18.837602,50.356300,0.000000 18.837602,50.356300,0.000000 18.837602,50.356300,0.000000 18.837602,50.356300,0.000000 18.837602,50.356300,0.000000 18.837602,50.356300,0.000000 18.837602,50.356300,0.000000 18.837602,50.356300,0.000000 18.837602,50.356300,0.000000 18.837602,50.356300,0.000000 18.837602,50.356300,0.000000 18.837602,50.356300,0.000000 18.837602,50.356300,0.000000 18.837602,50.356300,0.000000 18.837602,50.356300,0.000000 18.837602,50.356300,0.000000 18.837602,50.356300,0.000000 18.837602,50.356300,0.000000 18.837602,50.356300,0.000000 18.837602,50.356300,0.000000 18.837602,50.356300,0.000000 18.837602,50.356300,0.000000 18.837602,50.356300,0.000000 18.837602,50.356300,0.000000 18.837602,50.356300,0.000000 18.837602,50.356300,0.000000 18.837602,50.356300,0.000000 18.837602,50.356300,0.000000 18.837602,50.356300,0.000000 18.837602,50.356300,0.000000 18.837602,50.356300,0.000000 18.837602,50.356300,0.000000 18.837602,50.356300,0.000000 18.837602,50.356300,0.000000 18.837602,50.356300,0.000000 18.837602,50.356300,0.000000 18.837602,50.356300,0.000000 18.837602,50.356300,0.000000 18.837602,50.356300,0.000000 18.837602,50.356300,0.000000 18.837602,50.356300,0.000000 18.837602,50.356300,0.000000 18.837602,50.356300,0.000000 18.837602,50.356300,0.000000 18.837602,50.356300,0.000000 18.837602,50.356300,0.000000 18.837602,50.356300,0.000000 18.837602,50.356300,0.000000 18.837602,50.356300,0.000000 18.837602,50.356300,0.000000 18.837602,50.356300,0.000000 18.837602,50.356300,0.000000 18.837602,50.356300,0.000000 18.837602,50.356300,0.000000 18.837602,50.356300,0.000000 18.837602,50.356300,0.000000 18.837602,50.356300,0.000000 18.837602,50.356300,0.000000 18.837602,50.356300,0.000000 18.837602,50.356300,0.000000 18.837602,50.356300,0.000000 18.837602,50.356300,0.000000 18.837602,50.356300,0.000000 18.837602,50.356300,0.000000 18.837602,50.356300,0.000000 18.837602,50.356300,0.000000 18.837602,50.356300,0.000000 18.837602,50.356300,0.000000 18.837602,50.356300,0.000000 18.837602,50.356300,0.000000 18.837602,50.356300,0.000000 18.837602,50.356300,0.000000 18.837602,50.356300,0.000000 18.837602,50.356300,0.000000</coordinates></LineString><ExtendedData><Data name="speed_0"><value>20.039567013770636</value></Data><Data name="speed_limit_0"><value>90</value></Data><Data name="speed_difference_0"><value>-69.96043298622936</value></Data><Data name="speed_1"><value>4.379429613793188</value></Data><Data name="speed_limit_1"><value>90</value></Data><Data name="speed_difference_1"><value>-85.62057038620681</value></Data><Data name="speed_2"><value>9.017108020999926</value></Data><Data name="speed_limit_2"><value>90</value></Data><Data name="speed_difference_2"><value>-80.98289197900007</value></Data><Data name="speed_3"><value>27.479719491227925</value></Data><Data name="speed_limit_3"><value>90</value></Data><Data name="speed_difference_3"><value>-62.520280508772075</value></Data><Data name="speed_4"><value>34.956921584831335</value></Data><Data name="speed_limit_4"><value>90</value></Data><Data name="speed_difference_4"><value>-55.043078415168665</value></Data><Data name="speed_5"><value>43.57977037854004</value></Data><Data name="speed_limit_5"><value>90</value></Data><Data name="speed_difference_5"><value>-46.42022962145996</value></Data><Data name="speed_6"><value>49.47915412689617</value></Data><Data name="speed_limit_6"><value>90</value></Data><Data name="speed_difference_6"><value>-40.52084587310383</value></Data><Data name="speed_7"><value>44.58198745068309</value></Data><Data name="speed_limit_7"><value>90</value></Data><Data name="speed_difference_7"><value>-45.41801254931691</value></Data><Data name="speed_8"><value>40.129348824474974</value></Data><Data name="speed_limit_8"><value>90</value></Data><Data name="speed_difference_8"><value>-49.870651175525026</value></Data><Data name="speed_9"><value>32.360457631879264</value></Data><Data name="speed_limit_9"><value>90</value></Data><Data name="speed_difference_9"><value>-57.639542368120736</value></Data><Data name="speed_10"><value>27.600957875934103</value></Data><Data name="speed_limit_10"><value>90</value></Data><Data name="speed_difference_10"><value>-62.3990421240659</value></Data><Data name="speed_11"><value>35.384867000378485</value></Data><Data name="speed_limit_11"><value>90</value></Data><Data name="speed_difference_11"><value>-54.615132999621515</value></Data><Data name="speed_12"><value>32.49841724498859</value></Data><Data name="speed_limit_12"><value>90</value></Data><Data name="speed_difference_12"><value>-57.50158275501141</value></Data><Data name="speed_13"><value>30.207780780886168</value></Data><Data name="speed_limit_13"><value>90</value></Data><Data name="speed_difference_13"><value>-59.79221921911383</value></Data><Data name="speed_14"><value>28.654797113550003</value></Data><Data name="speed_limit_14"><value>90</value></Data><Data name="speed_difference_14"><value>-61.34520288645</value></Data><Data name="speed_15"><value>8.277632074562176</value></Data><Data name="speed_limit_15"><value>90</value></Data><Data name="speed_difference_15"><value>-81.72236792543782</value></Data><Data name="speed_16"><value>4.063598495807226</value></Data><Data name="speed_limit_16"><value>50</value></Data><Data name="speed_difference_16"><value>-45.93640150419277</value></Data><Data name="speed_17"><value>2.6775520980551892</value></Data><Data name="speed_limit_17"><value>50</value></Data><Data name="speed_difference_17"><value>-47.32244790194481</value></Data><Data name="speed_18"><value>3.808180819942411</value></Data><Data name="speed_limit_18"><value>50</value></Data><Data name="speed_difference_18"><value>-46.19181918005759</value></Data><Data name="speed_19"><value>7.696334335569077</value></Data><Data name="speed_limit_19"><value>90</value></Data><Data name="speed_difference_19"><value>-82.30366566443092</value></Data><Data name="speed_20"><value>0.0</value></Data><Data name="speed_limit_20"><value>90</value></Data><Data name="speed_difference_20"><value>-90.0</value></Data><Data name="speed_21"><value>0.0</value></Data><Data name="speed_limit_21"><value>90</value></Data><Data name="speed_difference_21"><value>-90.0</value></Data><Data name="speed_22"><value>32.37049137961378</value></Data><Data name="speed_limit_22"><value>90</value></Data><Data name="speed_difference_22"><value>-57.62950862038622</value></Data><Data name="speed_23"><value>10.780795508737768</value></Data><Data name="speed_limit_23"><value>90</value></Data><Data name="speed_difference_23"><value>-79.21920449126223</value></Data><Data name="speed_24"><value>5.797446115600139</value></Data><Data name="speed_limit_24"><value>90</value></Data><Data name="speed_difference_24"><value>-84.20255388439986</value></Data><Data name="speed_25"><value>18.048316707755834</value></Data><Data name="speed_limit_25"><value>90</value></Data><Data name="speed_difference_25"><value>-71.95168329224417</value></Data><Data name="speed_26"><value>13.4821822541543</value></Data><Data name="speed_limit_26"><value>90</value></Data><Data name="speed_difference_26"><value>-76.5178177458457</value></Data><Data name="speed_27"><value>38.21366269465857</value></Data><Data name="speed_limit_27"><value>90</value></Data><Data name="speed_difference_27"><value>-51.78633730534143</value></Data><Data name="speed_28"><value>10.412913330062894</value></Data><Data name="speed_limit_28"><value>90</value></Data><Data name="speed_difference_28"><value>-79.58708666993711</value></Data><Data name="speed_29"><value>5.400285913373119</value></Data><Data name="speed_limit_29"><value>90</value></Data><Data name="speed_difference_29"><value>-84.59971408662688</value></Data><Data name="speed_30"><value>7.298219591770982</value></Data><Data name="speed_limit_30"><value>30</value></Data><Data name="speed_difference_30"><value>-22.70178040822902</value></Data><Data name="speed_31"><value>15.76755475346233</value></Data><Data name="speed_limit_31"><value>30</value></Data><Data name="speed_difference_31"><value>-14.23244524653767</value></Data><Data name="speed_32"><value>7.731154966404401</value></Data><Data name="speed_limit_32"><value>30</value></Data><Data name="speed_difference_32"><value>-22.2688450335956</value></Data><Data name="speed_33"><value>8.520361377548221</value></Data><Data name="speed_limit_33"><value>30</value></Data><Data name="speed_difference_33"><value>-21.47963862245178</value></Data><Data name="speed_34"><value>21.735228821101618</value></Data><Data name="speed_limit_34"><value>30</value></Data><Data name="speed_difference_34"><value>-8.264771178898382</value></Data><Data name="speed_35"><value>14.799987591731584</value></Data><Data name="speed_limit_35"><value>30</value></Data><Data name="speed_difference_35"><value>-15.200012408268416</value></Data><Data name="speed_36"><value>10.905468774734139</value></Data><Data name="speed_limit_36"><value>30</value></Data><Data name="speed_difference_36"><value>-19.09453122526586</value></Data><Data name="speed_37"><value>11.533572126294512</value></Data><Data name="speed_limit_37"><value>30</value></Data><Data name="speed_difference_37"><value>-18.466427873705488</value></Data><Data name="speed_38"><value>23.444886851863515</value></Data><Data name="speed_limit_38"><value>30</value></Data><Data name="speed_difference_38"><value>-6.555113148136485</value></Data><Data name="speed_39"><value>10.828584928959527</value></Data><Data name="speed_limit_39"><value>30</value></Data><Data name="speed_difference_39"><value>-19.17141507104047</value></Data><Data name="speed_40"><value>10.415907258644687</value></Data><Data name="speed_limit_40"><value>30</value></Data><Data name="speed_difference_40"><value>-19.584092741355313</value></Data><Data name="speed_41"><value>19.26039284489979</value></Data><Data name="speed_limit_41"><value>30</value></Data><Data name="speed_difference_41"><value>-10.73960715510021</value></Data><Data name="speed_42"><value>9.673348616485328</value></Data><Data name="speed_limit_42"><value>30</value></Data><Data name="speed_difference_42"><value>-20.326651383514672</value></Data><Data name="speed_43"><value>3.274667074222981</value></Data><Data name="speed_limit_43"><value>30</value></Data><Data name="speed_difference_43"><value>-26.725332925777018</value></Data><Data name="speed_44"><value>5.6371792412910064</value></Data><Data name="speed_limit_44"><value>30</value></Data><Data name="speed_difference_44"><value>-24.36282075870899</value></Data><Data name="speed_45"><value>33.71633853626097</value></Data><Data name="speed_limit_45"><value>30</value></Data><Data name="speed_difference_45"><value>3.71633853626097</value></Data><Data name="speed_46"><value>4.737243610489265</value></Data><Data name="speed_limit_46"><value>30</value></Data><Data name="speed_difference_46"><value>-25.262756389510734</value></Data><Data name="speed_47"><value>4.080572450781526</value></Data><Data name="speed_limit_47"><value>30</value></Data><Data name="speed_difference_47"><value>-25.919427549218476</value></Data><Data name="speed_48"><value>0.0</value></Data><Data name="speed_limit_48"><value>30</value></Data><Data name="speed_difference_48"><value>-30.0</value></Data><Data name="speed_49"><value>0.0</value></Data><Data name="speed_limit_49"><value>30</value></Data><Data name="speed_difference_49"><value>-30.0</value></Data><Data name="speed_50"><value>6.188720525922766</value></Data><Data name="speed_limit_50"><value>30</value></Data><Data name="speed_difference_50"><value>-23.811279474077235</value></Data><Data name="speed_51"><value>5.1670650785829295</value></Data><Data name="speed_limit_51"><value>30</value></Data><Data name="speed_difference_51"><value>-24.83293492141707</value></Data><Data name="speed_52"><value>37.06099198565522</value></Data><Data name="speed_limit_52"><value>30</value></Data><Data name="speed_difference_52"><value>7.060991985655221</value></Data><Data name="speed_53"><value>5.046202910082105</value></Data><Data name="speed_limit_53"><value>30</value></Data><Data name="speed_difference_53"><value>-24.953797089917895</value></Data><Data name="speed_54"><value>12.085353899267533</value></Data><Data name="speed_limit_54"><value>30</value></Data><Data name="speed_difference_54"><value>-17.91464610073247</value></Data><Data name="speed_55"><value>4.45921477600856</value></Data><Data name="speed_limit_55"><value>30</value></Data><Data name="speed_difference_55"><value>-25.540785223991442</value></Data><Data name="speed_56"><value>18.031045634906256</value></Data><Data name="speed_limit_56"><value>30</value></Data><Data name="speed_difference_56"><value>-11.968954365093744</value></Data><Data name="speed_57"><value>38.80431293162752</value></Data><Data name="speed_limit_57"><value>30</value></Data><Data name="speed_difference_57"><value>8.804312931627521</value></Data><Data name="speed_58"><value>37.49797278319491</value></Data><Data name="speed_limit_58"><value>50</value></Data><Data name="speed_difference_58"><value>-12.50202721680509</value></Data><Data name="speed_59"><value>25.994128344391985</value></Data><Data name="speed_limit_59"><value>50</value></Data><Data name="speed_difference_59"><value>-24.005871655608015</value></Data><Data name="speed_60"><value>19.070744519286077</value></Data><Data name="speed_limit_60"><value>50</value></Data><Data name="speed_difference_60"><value>-30.929255480713923</value></Data><Data name="speed_61"><value>22.672232751058154</value></Data><Data name="speed_limit_61"><value>50</value></Data><Data name="speed_difference_61"><value>-27.327767248941846</value></Data><Data name="speed_62"><value>37.39074979384211</value></Data><Data name="speed_limit_62"><value>50</value></Data><Data name="speed_difference_62"><value>-12.609250206157888</value></Data><Data name="speed_63"><value>3.849451020483292</value></Data><Data name="speed_limit_63"><value>50</value></Data><Data name="speed_difference_63"><value>-46.15054897951671</value></Data><Data name="speed_64"><value>3.4577301079344163</value></Data><Data name="speed_limit_64"><value>50</value></Data><Data name="speed_difference_64"><value>-46.54226989206558</value></Data><Data name="speed_65"><value>18.812642904439432</value></Data><Data name="speed_limit_65"><value>50</value></Data><Data name="speed_difference_65"><value>-31.187357095560568</value></Data><Data name="speed_66"><value>8.411097046000412</value></Data><Data name="speed_limit_66"><value>50</value></Data><Data name="speed_difference_66"><value>-41.588902953999586</value></Data><Data name="speed_67"><value>42.21207154965851</value></Data><Data name="speed_limit_67"><value>50</value></Data><Data name="speed_difference_67"><value>-7.787928450341489</value></Data><Data name="speed_68"><value>6.131747348267738</value></Data><Data name="speed_limit_68"><value>50</value></Data><Data name="speed_difference_68"><value>-43.86825265173226</value></Data><Data name="speed_69"><value>6.297295280618467</value></Data><Data name="speed_limit_69"><value>50</value></Data><Data name="speed_difference_69"><value>-43.70270471938153</value></Data><Data name="speed_70"><value>7.410918810451893</value></Data><Data name="speed_limit_70"><value>90</value></Data><Data name="speed_difference_70"><value>-82.58908118954811</value></Data><Data name="speed_71"><value>7.433199733878086</value></Data><Data name="speed_limit_71"><value>90</value></Data><Data name="speed_difference_71"><value>-82.56680026612192</value></Data><Data name="speed_72"><value>6.755054757389434</value></Data><Data name="speed_limit_72"><value>90</value></Data><Data name="speed_difference_72"><value>-83.24494524261057</value></Data><Data name="speed_73"><value>6.099278579159381</value></Data><Data name="speed_limit_73"><value>90</value></Data><Data name="speed_difference_73"><value>-83.90072142084063</value></Data><Data name="speed_74"><value>6.472471110315944</value></Data><Data name="speed_limit_74"><value>90</value></Data><Data name="speed_difference_74"><value>-83.52752888968405</value></Data><Data name="speed_75"><value>7.231113322175081</value></Data><Data name="speed_limit_75"><value>90</value></Data><Data name="speed_difference_75"><value>-82.76888667782492</value></Data><Data name="speed_76"><value>15.721197468538739</value></Data><Data name="speed_limit_76"><value>90</value></Data><Data name="speed_difference_76"><value>-74.27880253146127</value></Data><Data name="speed_77"><value>36.26734304525759</value></Data><Data name="speed_limit_77"><value>90</value></Data><Data name="speed_difference_77"><value>-53.73265695474241</value></Data><Data name="speed_78"><value>20.985860906986236</value></Data><Data name="speed_limit_78"><value>90</value></Data><Data name="speed_difference_78"><value>-69.01413909301377</value></Data><Data name="speed_79"><value>4.707051624725873</value></Data><Data name="speed_limit_79"><value>90</value></Data><Data name="speed_difference_79"><value>-85.29294837527412</value></Data><Data name="speed_80"><value>4.146697498793862</value></Data><Data name="speed_limit_80"><value>90</value></Data><Data name="speed_difference_80"><value>-85.85330250120614</value></Data><Data name="speed_81"><value>18.156153984186275</value></Data><Data name="speed_limit_81"><value>90</value></Data><Data name="speed_difference_81"><value>-71.84384601581372</value></Data><Data name="speed_82"><value>6.973659657770812</value></Data><Data name="speed_limit_82"><value>90</value></Data><Data name="speed_difference_82"><value>-83.02634034222919</value></Data><Data name="speed_83"><value>8.098978176006451</value></Data><Data name="speed_limit_83"><value>90</value></Data><Data name="speed_difference_83"><value>-81.90102182399355</value></Data><Data name="speed_84"><value>55.852743819133515</value></Data><Data name="speed_limit_84"><value>90</value></Data><Data name="speed_difference_84"><value>-34.147256180866485</value></Data><Data name="speed_85"><value>62.199289823355336</value></Data><Data name="speed_limit_85"><value>90</value></Data><Data name="speed_difference_85"><value>-27.800710176644664</value></Data><Data name="speed_86"><value>39.57955942425978</value></Data><Data name="speed_limit_86"><value>90</value></Data><Data name="speed_difference_86"><value>-50.42044057574022</value></Data><Data name="speed_87"><value>62.92650635294412</value></Data><Data name="speed_limit_87"><value>90</value></Data><Data name="speed_difference_87"><value>-27.073493647055876</value></Data><Data name="speed_88"><value>55.542017652505216</value></Data><Data name="speed_limit_88"><value>90</value></Data><Data name="speed_difference_88"><value>-34.457982347494784</value></Data><Data name="speed_89"><value>52.377432101043674</value></Data><Data name="speed_limit_89"><value>90</value></Data><Data name="speed_difference_89"><value>-37.622567898956326</value></Data><Data name="speed_90"><value>51.714030109504435</value></Data><Data name="speed_limit_90"><value>90</value></Data><Data name="speed_difference_90"><value>-38.285969890495565</value></Data><Data name="speed_91"><value>51.61956216122328</value></Data><Data name="speed_limit_91"><value>90</value></Data><Data name="speed_difference_91"><value>-38.38043783877672</value></Data><Data name="speed_92"><value>43.105104452631494</value></Data><Data name="speed_limit_92"><value>90</value></Data><Data name="speed_difference_92"><value>-46.894895547368506</value></Data><Data name="speed_93"><value>27.879589489445404</value></Data><Data name="speed_limit_93"><value>90</value></Data><Data name="speed_difference_93"><value>-62.12041051055459</value></Data><Data name="speed_94"><value>17.695926355246925</value></Data><Data name="speed_limit_94"><value>90</value></Data><Data name="speed_difference_94"><value>-72.30407364475307</value></Data><Data name="speed_95"><value>37.82062175924899</value></Data><Data name="speed_limit_95"><value>90</value></Data><Data name="speed_difference_95"><value>-52.17937824075101</value></Data><Data name="speed_96"><value>0.0</value></Data><Data name="speed_limit_96"><value>90</value></Data><Data name="speed_difference_96"><value>-90.0</value></Data><Data name="speed_97"><value>0.0</value></Data><Data name="speed_limit_97"><value>90</value></Data><Data name="speed_difference_97"><value>-90.0</value></Data><Data name="speed_98"><value>62.555350773609284</value></Data><Data name="speed_limit_98"><value>90</value></Data><Data name="speed_difference_98"><value>-27.444649226390716</value></Data><Data name="speed_99"><value>56.001087754546596</value></Data><Data name="speed_limit_99"><value>90</value></Data><Data name="speed_difference_99"><value>-33.998912245453404</value></Data><Data name="speed_100"><value>23.513909380388696</value></Data><Data name="speed_limit_100"><value>90</value></Data><Data name="speed_difference_100"><value>-66.4860906196113</value></Data><Data name="speed_101"><value>4.159743676627989</value></Data><Data name="speed_limit_101"><value>90</value></Data><Data name="speed_difference_101"><value>-85.84025632337202</value></Data><Data name="speed_102"><value>1.9939756428013142</value></Data><Data name="speed_limit_102"><value>90</value></Data><Data name="speed_difference_102"><value>-88.00602435719868</value></Data><Data name="speed_103"><value>5.582064096505188</value></Data><Data name="speed_limit_103"><value>90</value></Data><Data name="speed_difference_103"><value>-84.41793590349481</value></Data><Data name="speed_104"><value>5.151337631545103</value></Data><Data name="speed_limit_104"><value>90</value></Data><Data name="speed_difference_104"><value>-84.8486623684549</value></Data><Data name="speed_105"><value>11.845293221513703</value></Data><Data name="speed_limit_105"><value>90</value></Data><Data name="speed_difference_105"><value>-78.1547067784863</value></Data><Data name="speed_106"><value>41.18586298126148</value></Data><Data name="speed_limit_106"><value>50</value></Data><Data name="speed_difference_106"><value>-8.81413701873852</value></Data><Data name="speed_107"><value>46.36846895134285</value></Data><Data name="speed_limit_107"><value>50</value></Data><Data name="speed_difference_107"><value>-3.631531048657152</value></Data><Data name="speed_108"><value>30.614396046201023</value></Data><Data name="speed_limit_108"><value>90</value></Data><Data name="speed_difference_108"><value>-59.38560395379898</value></Data><Data name="speed_109"><value>14.43205451859926</value></Data><Data name="speed_limit_109"><value>90</value></Data><Data name="speed_difference_109"><value>-75.56794548140074</value></Data><Data name="speed_110"><value>7.82592733723601</value></Data><Data name="speed_limit_110"><value>50</value></Data><Data name="speed_difference_110"><value>-42.17407266276399</value></Data><Data name="speed_111"><value>43.43388965124843</value></Data><Data name="speed_limit_111"><value>50</value></Data><Data name="speed_difference_111"><value>-6.566110348751572</value></Data><Data name="speed_112"><value>45.897091371263315</value></Data><Data name="speed_limit_112"><value>50</value></Data><Data name="speed_difference_112"><value>-4.102908628736685</value></Data><Data name="speed_113"><value>43.56872389839362</value></Data><Data name="speed_limit_113"><value>40</value></Data><Data name="speed_difference_113"><value>3.568723898393621</value></Data><Data name="speed_114"><value>44.707196466675484</value></Data><Data name="speed_limit_114"><value>40</value></Data><Data name="speed_difference_114"><value>4.707196466675484</value></Data><Data name="speed_115"><value>44.889703391547016</value></Data><Data name="speed_limit_115"><value>40</value></Data><Data name="speed_difference_115"><value>4.889703391547016</value></Data><Data name="speed_116"><value>37.90382406682492</value></Data><Data name="speed_limit_116"><value>90</value></Data><Data name="speed_difference_116"><value>-52.09617593317508</value></Data><Data name="speed_117"><value>61.2972803653175</value></Data><Data name="speed_limit_117"><value>90</value></Data><Data name="speed_difference_117"><value>-28.702719634682502</value></Data><Data name="speed_118"><value>71.77066195613061</value></Data><Data name="speed_limit_118"><value>90</value></Data><Data name="speed_difference_118"><value>-18.22933804386939</value></Data><Data name="speed_119"><value>66.4455260767543</value></Data><Data name="speed_limit_119"><value>90</value></Data><Data name="speed_difference_119"><value>-23.554473923245695</value></Data><Data name="speed_120"><value>41.121224622469036</value></Data><Data name="speed_limit_120"><value>90</value></Data><Data name="speed_difference_120"><value>-48.878775377530964</value></Data><Data name="speed_121"><value>37.0489094964852</value></Data><Data name="speed_limit_121"><value>90</value></Data><Data name="speed_difference_121"><value>-52.9510905035148</value></Data><Data name="speed_122"><value>3.050296943709682</value></Data><Data name="speed_limit_122"><value>90</value></Data><Data name="speed_difference_122"><value>-86.94970305629032</value></Data><Data name="speed_123"><value>4.014305364447393</value></Data><Data name="speed_limit_123"><value>90</value></Data><Data name="speed_difference_123"><value>-85.9856946355526</value></Data><Data name="speed_124"><value>30.94756242314313</value></Data><Data name="speed_limit_124"><value>90</value></Data><Data name="speed_difference_124"><value>-59.052437576856875</value></Data><Data name="speed_125"><value>2.6389581127541</value></Data><Data name="speed_limit_125"><value>90</value></Data><Data name="speed_difference_125"><value>-87.3610418872459</value></Data><Data name="speed_126"><value>6.28647040350615</value></Data><Data name="speed_limit_126"><value>90</value></Data><Data name="speed_difference_126"><value>-83.71352959649386</value></Data><Data name="speed_127"><value>27.17366709053863</value></Data><Data name="speed_limit_127"><value>90</value></Data><Data name="speed_difference_127"><value>-62.82633290946137</value></Data><Data name="speed_128"><value>35.98934058825109</value></Data><Data name="speed_limit_128"><value>90</value></Data><Data name="speed_difference_128"><value>-54.01065941174891</value></Data><Data name="speed_129"><value>9.172627386033707</value></Data><Data name="speed_limit_129"><value>90</value></Data><Data name="speed_difference_129"><value>-80.82737261396629</value></Data><Data name="speed_130"><value>3.284661612297941</value></Data><Data name="speed_limit_130"><value>50</value></Data><Data name="speed_difference_130"><value>-46.71533838770206</value></Data><Data name="speed_131"><value>2.627626724175794</value></Data><Data name="speed_limit_131"><value>50</value></Data><Data name="speed_difference_131"><value>-47.37237327582421</value></Data><Data name="speed_132"><value>3.307002543005241</value></Data><Data name="speed_limit_132"><value>50</value></Data><Data name="speed_difference_132"><value>-46.69299745699476</value></Data><Data name="speed_133"><value>5.368979398237683</value></Data><Data name="speed_limit_133"><value>50</value></Data><Data name="speed_difference_133"><value>-44.631020601762316</value></Data><Data name="speed_134"><value>57.20370755330235</value></Data><Data name="speed_limit_134"><value>50</value></Data><Data name="speed_difference_134"><value>7.203707553302351</value></Data><Data name="speed_135"><value>69.2933962875835</value></Data><Data name="speed_limit_135"><value>50</value></Data><Data name="speed_difference_135"><value>19.293396287583505</value></Data><Data name="speed_136"><value>12.33233923267764</value></Data><Data name="speed_limit_136"><value>50</value></Data><Data name="speed_difference_136"><value>-37.66766076732236</value></Data><Data name="speed_137"><value>23.29600276354889</value></Data><Data name="speed_limit_137"><value>50</value></Data><Data name="speed_difference_137"><value>-26.70399723645111</value></Data><Data name="speed_138"><value>43.889410324351964</value></Data><Data name="speed_limit_138"><value>50</value></Data><Data name="speed_difference_138"><value>-6.110589675648036</value></Data><Data name="speed_139"><value>20.810026906449416</value></Data><Data name="speed_limit_139"><value>50</value></Data><Data name="speed_difference_139"><value>-29.189973093550584</value></Data><Data name="speed_140"><value>38.98756519683696</value></Data><Data name="speed_limit_140"><value>90</value></Data><Data name="speed_difference_140"><value>-51.01243480316304</value></Data><Data name="speed_141"><value>0.0</value></Data><Data name="speed_limit_141"><value>90</value></Data><Data name="speed_difference_141"><value>-90.0</value></Data><Data name="speed_142"><value>0.0</value></Data><Data name="speed_limit_142"><value>90</value></Data><Data name="speed_difference_142"><value>-90.0</value></Data><Data name="speed_143"><value>45.40088229576293</value></Data><Data name="speed_limit_143"><value>90</value></Data><Data name="speed_difference_143"><value>-44.59911770423707</value></Data><Data name="speed_144"><value>37.1023448943375</value></Data><Data name="speed_limit_144"><value>90</value></Data><Data name="speed_difference_144"><value>-52.8976551056625</value></Data><Data name="speed_145"><value>37.98500171143304</value></Data><Data name="speed_limit_145"><value>90</value></Data><Data name="speed_difference_145"><value>-52.01499828856696</value></Data><Data name="speed_146"><value>26.552249666890294</value></Data><Data name="speed_limit_146"><value>90</value></Data><Data name="speed_difference_146"><value>-63.44775033310971</value></Data><Data name="speed_147"><value>39.62699742818375</value></Data><Data name="speed_limit_147"><value>90</value></Data><Data name="speed_difference_147"><value>-50.37300257181625</value></Data><Data name="speed_148"><value>41.844801374149654</value></Data><Data name="speed_limit_148"><value>90</value></Data><Data name="speed_difference_148"><value>-48.155198625850346</value></Data><Data name="speed_149"><value>17.513265313561764</value></Data><Data name="speed_limit_149"><value>40</value></Data><Data name="speed_difference_149"><value>-22.486734686438236</value></Data><Data name="speed_150"><value>35.34442574768532</value></Data><Data name="speed_limit_150"><value>90</value></Data><Data name="speed_difference_150"><value>-54.65557425231468</value></Data><Data name="speed_151"><value>37.49206505216848</value></Data><Data name="speed_limit_151"><value>90</value></Data><Data name="speed_difference_151"><value>-52.50793494783152</value></Data><Data name="speed_152"><value>25.02592825355703</value></Data><Data name="speed_limit_152"><value>90</value></Data><Data name="speed_difference_152"><value>-64.97407174644297</value></Data><Data name="speed_153"><value>7.800743965320951</value></Data><Data name="speed_limit_153"><value>90</value></Data><Data name="speed_difference_153"><value>-82.19925603467905</value></Data><Data name="speed_154"><value>1.8406285570732792</value></Data><Data name="speed_limit_154"><value>90</value></Data><Data name="speed_difference_154"><value>-88.15937144292673</value></Data><Data name="speed_155"><value>3.346605492946182</value></Data><Data name="speed_limit_155"><value>90</value></Data><Data name="speed_difference_155"><value>-86.65339450705382</value></Data><Data name="speed_156"><value>2.425702955777329</value></Data><Data name="speed_limit_156"><value>90</value></Data><Data name="speed_difference_156"><value>-87.57429704422267</value></Data><Data name="speed_157"><value>3.9089528717363953</value></Data><Data name="speed_limit_157"><value>90</value></Data><Data name="speed_difference_157"><value>-86.09104712826361</value></Data><Data name="speed_158"><value>16.60183458080452</value></Data><Data name="speed_limit_158"><value>90</value></Data><Data name="speed_difference_158"><value>-73.39816541919548</value></Data><Data name="speed_159"><value>27.67130184816099</value></Data><Data name="speed_limit_159"><value>90</value></Data><Data name="speed_difference_159"><value>-62.328698151839006</value></Data><Data name="speed_160"><value>8.210953819879686</value></Data><Data name="speed_limit_160"><value>90</value></Data><Data name="speed_difference_160"><value>-81.78904618012031</value></Data><Data name="speed_161"><value>34.599705595814505</value></Data><Data name="speed_limit_161"><value>90</value></Data><Data name="speed_difference_161"><value>-55.400294404185495</value></Data><Data name="speed_162"><value>8.019055122710409</value></Data><Data name="speed_limit_162"><value>90</value></Data><Data name="speed_difference_162"><value>-81.98094487728959</value></Data><Data name="speed_163"><value>4.411922535102779</value></Data><Data name="speed_limit_163"><value>90</value></Data><Data name="speed_difference_163"><value>-85.58807746489722</value></Data><Data name="speed_164"><value>6.79054857499677</value></Data><Data name="speed_limit_164"><value>90</value></Data><Data name="speed_difference_164"><value>-83.20945142500324</value></Data><Data name="speed_165"><value>42.84458256066121</value></Data><Data name="speed_limit_165"><value>90</value></Data><Data name="speed_difference_165"><value>-47.15541743933879</value></Data><Data name="speed_166"><value>11.332276920550862</value></Data><Data name="speed_limit_166"><value>90</value></Data><Data name="speed_difference_166"><value>-78.66772307944913</value></Data><Data name="speed_167"><value>3.674020860813784</value></Data><Data name="speed_limit_167"><value>90</value></Data><Data name="speed_difference_167"><value>-86.32597913918622</value></Data><Data name="speed_168"><value>22.711211184624155</value></Data><Data name="speed_limit_168"><value>90</value></Data><Data name="speed_difference_168"><value>-67.28878881537585</value></Data><Data name="speed_169"><value>42.15455904858303</value></Data><Data name="speed_limit_169"><value>40</value></Data><Data name="speed_difference_169"><value>2.1545590485830317</value></Data><Data name="speed_170"><value>9.286208237790152</value></Data><Data name="speed_limit_170"><value>40</value></Data><Data name="speed_difference_170"><value>-30.713791762209848</value></Data><Data name="speed_171"><value>9.444552535778326</value></Data><Data name="speed_limit_171"><value>40</value></Data><Data name="speed_difference_171"><value>-30.555447464221672</value></Data><Data name="speed_172"><value>9.712702999253874</value></Data><Data name="speed_limit_172"><value>40</value></Data><Data name="speed_difference_172"><value>-30.287297000746126</value></Data><Data name="speed_173"><value>0.0</value></Data><Data name="speed_limit_173"><value>40</value></Data><Data name="speed_difference_173"><value>-40.0</value></Data><Data name="speed_174"><value>0.0</value></Data><Data name="speed_limit_174"><value>40</value></Data><Data name="speed_difference_174"><value>-40.0</value></Data><Data name="speed_175"><value>23.06760190768641</value></Data><Data name="speed_limit_175"><value>40</value></Data><Data name="speed_difference_175"><value>-16.93239809231359</value></Data><Data name="speed_176"><value>3.6666167531868963</value></Data><Data name="speed_limit_176"><value>90</value></Data><Data name="speed_difference_176"><value>-86.3333832468131</value></Data><Data name="speed_177"><value>3.745684142449294</value></Data><Data name="speed_limit_177"><value>90</value></Data><Data name="speed_difference_177"><value>-86.25431585755071</value></Data><Data name="speed_178"><value>12.974393077841402</value></Data><Data name="speed_limit_178"><value>90</value></Data><Data name="speed_difference_178"><value>-77.0256069221586</value></Data><Data name="speed_179"><value>14.355881411962736</value></Data><Data name="speed_limit_179"><value>90</value></Data><Data name="speed_difference_179"><value>-75.64411858803726</value></Data><Data name="speed_180"><value>26.918657461287413</value></Data><Data name="speed_limit_180"><value>50</value></Data><Data name="speed_difference_180"><value>-23.081342538712587</value></Data><Data name="speed_181"><value>18.94881360185727</value></Data><Data name="speed_limit_181"><value>50</value></Data><Data name="speed_difference_181"><value>-31.05118639814273</value></Data><Data name="speed_182"><value>18.08196410636375</value></Data><Data name="speed_limit_182"><value>50</value></Data><Data name="speed_difference_182"><value>-31.91803589363625</value></Data><Data name="speed_183"><value>7.701136506670435</value></Data><Data name="speed_limit_183"><value>50</value></Data><Data name="speed_difference_183"><value>-42.29886349332956</value></Data><Data name="speed_184"><value>13.171928760987614</value></Data><Data name="speed_limit_184"><value>50</value></Data><Data name="speed_difference_184"><value>-36.82807123901239</value></Data><Data name="speed_185"><value>11.699333975120195</value></Data><Data name="speed_limit_185"><value>50</value></Data><Data name="speed_difference_185"><value>-38.3006660248798</value></Data><Data name="speed_186"><value>28.386534300750522</value></Data><Data name="speed_limit_186"><value>50</value></Data><Data name="speed_difference_186"><value>-21.613465699249478</value></Data><Data name="speed_187"><value>7.439724018401624</value></Data><Data name="speed_limit_187"><value>50</value></Data><Data name="speed_difference_187"><value>-42.56027598159837</value></Data><Data name="speed_188"><value>2.183124479270617</value></Data><Data name="speed_limit_188"><value>50</value></Data><Data name="speed_difference_188"><value>-47.81687552072938</value></Data><Data name="speed_189"><value>2.905892262835236</value></Data><Data name="speed_limit_189"><value>50</value></Data><Data name="speed_difference_189"><value>-47.09410773716476</value></Data><Data name="speed_190"><value>4.651574730310046</value></Data><Data name="speed_limit_190"><value>50</value></Data><Data name="speed_difference_190"><value>-45.348425269689955</value></Data><Data name="speed_191"><value>36.592097100894925</value></Data><Data name="speed_limit_191"><value>50</value></Data><Data name="speed_difference_191"><value>-13.407902899105075</value></Data><Data name="speed_192"><value>33.16069239956717</value></Data><Data name="speed_limit_192"><value>50</value></Data><Data name="speed_difference_192"><value>-16.839307600432832</value></Data><Data name="speed_193"><value>39.517418985276706</value></Data><Data name="speed_limit_193"><value>50</value></Data><Data name="speed_difference_193"><value>-10.482581014723294</value></Data><Data name="speed_194"><value>36.66244320813782</value></Data><Data name="speed_limit_194"><value>50</value></Data><Data name="speed_difference_194"><value>-13.337556791862177</value></Data><Data name="speed_195"><value>21.085979112990703</value></Data><Data name="speed_limit_195"><value>50</value></Data><Data name="speed_difference_195"><value>-28.914020887009297</value></Data><Data name="speed_196"><value>13.417325310213531</value></Data><Data name="speed_limit_196"><value>50</value></Data><Data name="speed_difference_196"><value>-36.58267468978647</value></Data><Data name="speed_197"><value>6.410639275913329</value></Data><Data name="speed_limit_197"><value>50</value></Data><Data name="speed_difference_197"><value>-43.589360724086674</value></Data><Data name="speed_198"><value>0.0</value></Data><Data name="speed_limit_198"><value>50</value></Data><Data name="speed_difference_198"><value>-50.0</value></Data><Data name="speed_199"><value>0.0</value></Data><Data name="speed_limit_199"><value>50</value></Data><Data name="speed_difference_199"><value>-50.0</value></Data><Data name="speed_200"><value>15.149785094327378</value></Data><Data name="speed_limit_200"><value>50</value></Data><Data name="speed_difference_200"><value>-34.85021490567262</value></Data><Data name="speed_201"><value>16.597104582820837</value></Data><Data name="speed_limit_201"><value>50</value></Data><Data name="speed_difference_201"><value>-33.40289541717917</value></Data><Data name="speed_202"><value>49.21908463361973</value></Data><Data name="speed_limit_202"><value>50</value></Data><Data name="speed_difference_202"><value>-0.7809153663802704</value></Data><Data name="speed_203"><value>39.99348683751697</value></Data><Data name="speed_limit_203"><value>50</value></Data><Data name="speed_difference_203"><value>-10.006513162483031</value></Data><Data name="speed_204"><value>26.46484597285599</value></Data><Data name="speed_limit_204"><value>50</value></Data><Data name="speed_difference_204"><value>-23.53515402714401</value></Data><Data name="speed_205"><value>26.43021063950962</value></Data><Data name="speed_limit_205"><value>50</value></Data><Data name="speed_difference_205"><value>-23.56978936049038</value></Data><Data name="speed_206"><value>0.0</value></Data><Data name="speed_limit_206"><value>50</value></Data><Data name="speed_difference_206"><value>-50.0</value></Data><Data name="speed_207"><value>0.0</value></Data><Data name="speed_limit_207"><value>50</value></Data><Data name="speed_difference_207"><value>-50.0</value></Data><Data name="speed_208"><value>20.67349642122819</value></Data><Data name="speed_limit_208"><value>50</value></Data><Data name="speed_difference_208"><value>-29.32650357877181</value></Data><Data name="speed_209"><value>42.17706440455913</value></Data><Data name="speed_limit_209"><value>50</value></Data><Data name="speed_difference_209"><value>-7.8229355954408675</value></Data><Data name="speed_210"><value>57.51882663686724</value></Data><Data name="speed_limit_210"><value>100</value></Data><Data name="speed_difference_210"><value>-42.48117336313276</value></Data><Data name="speed_211"><value>62.040659538743895</value></Data><Data name="speed_limit_211"><value>100</value></Data><Data name="speed_difference_211"><value>-37.959340461256105</value></Data><Data name="speed_212"><value>57.584543010441315</value></Data><Data name="speed_limit_212"><value>100</value></Data><Data name="speed_difference_212"><value>-42.415456989558685</value></Data><Data name="speed_213"><value>45.582253231048405</value></Data><Data name="speed_limit_213"><value>100</value></Data><Data name="speed_difference_213"><value>-54.417746768951595</value></Data><Data name="speed_214"><value>17.783399162784768</value></Data><Data name="speed_limit_214"><value>100</value></Data><Data name="speed_difference_214"><value>-82.21660083721522</value></Data><Data name="speed_215"><value>6.301616575197183</value></Data><Data name="speed_limit_215"><value>100</value></Data><Data name="speed_difference_215"><value>-93.69838342480281</value></Data><Data name="speed_216"><value>6.56780170398354</value></Data><Data name="speed_limit_216"><value>100</value></Data><Data name="speed_difference_216"><value>-93.43219829601647</value></Data><Data name="speed_217"><value>6.537487188367201</value></Data><Data name="speed_limit_217"><value>100</value></Data><Data name="speed_difference_217"><value>-93.46251281163279</value></Data><Data name="speed_218"><value>7.30562125663738</value></Data><Data name="speed_limit_218"><value>100</value></Data><Data name="speed_difference_218"><value>-92.69437874336262</value></Data><Data name="speed_219"><value>8.55541485626054</value></Data><Data name="speed_limit_219"><value>100</value></Data><Data name="speed_difference_219"><value>-91.44458514373946</value></Data><Data name="speed_220"><value>9.008903238387752</value></Data><Data name="speed_limit_220"><value>100</value></Data><Data name="speed_difference_220"><value>-90.99109676161225</value></Data><Data name="speed_221"><value>9.126260869021822</value></Data><Data name="speed_limit_221"><value>100</value></Data><Data name="speed_difference_221"><value>-90.87373913097818</value></Data><Data name="speed_222"><value>9.181249636566646</value></Data><Data name="speed_limit_222"><value>100</value></Data><Data name="speed_difference_222"><value>-90.81875036343335</value></Data><Data name="speed_223"><value>23.056457612737894</value></Data><Data name="speed_limit_223"><value>100</value></Data><Data name="speed_difference_223"><value>-76.94354238726211</value></Data><Data name="speed_224"><value>76.42062098738323</value></Data><Data name="speed_limit_224"><value>100</value></Data><Data name="speed_difference_224"><value>-23.57937901261677</value></Data><Data name="speed_225"><value>93.41391082916145</value></Data><Data name="speed_limit_225"><value>100</value></Data><Data name="speed_difference_225"><value>-6.586089170838548</value></Data><Data name="speed_226"><value>102.32628758458732</value></Data><Data name="speed_limit_226"><value>100</value></Data><Data name="speed_difference_226"><value>2.3262875845873197</value></Data><Data name="speed_227"><value>62.173971047354655</value></Data><Data name="speed_limit_227"><value>100</value></Data><Data name="speed_difference_227"><value>-37.826028952645345</value></Data><Data name="speed_228"><value>100.35978787408959</value></Data><Data name="speed_limit_228"><value>100</value></Data><Data name="speed_difference_228"><value>0.3597878740895908</value></Data><Data name="speed_229"><value>105.84168022510872</value></Data><Data name="speed_limit_229"><value>80</value></Data><Data name="speed_difference_229"><value>25.841680225108718</value></Data><Data name="speed_230"><value>103.84812993821663</value></Data><Data name="speed_limit_230"><value>80</value></Data><Data name="speed_difference_230"><value>23.84812993821663</value></Data><Data name="speed_231"><value>33.30894993057399</value></Data><Data name="speed_limit_231"><value>80</value></Data><Data name="speed_difference_231"><value>-46.69105006942601</value></Data><Data name="speed_232"><value>46.31056523260236</value></Data><Data name="speed_limit_232"><value>80</value></Data><Data name="speed_difference_232"><value>-33.68943476739764</value></Data><Data name="speed_233"><value>79.8735157974142</value></Data><Data name="speed_limit_233"><value>80</value></Data><Data name="speed_difference_233"><value>-0.12648420258580018</value></Data><Data name="speed_234"><value>66.2341732752093</value></Data><Data name="speed_limit_234"><value>80</value></Data><Data name="speed_difference_234"><value>-13.7658267247907</value></Data><Data name="speed_235"><value>83.85880792321598</value></Data><Data name="speed_limit_235"><value>80</value></Data><Data name="speed_difference_235"><value>3.858807923215977</value></Data><Data name="speed_236"><value>84.91154801586836</value></Data><Data name="speed_limit_236"><value>80</value></Data><Data name="speed_difference_236"><value>4.911548015868362</value></Data><Data name="speed_237"><value>76.97688173758785</value></Data><Data name="speed_limit_237"><value>80</value></Data><Data name="speed_difference_237"><value>-3.0231182624121544</value></Data><Data name="speed_238"><value>70.56149905928355</value></Data><Data name="speed_limit_238"><value>80</value></Data><Data name="speed_difference_238"><value>-9.438500940716452</value></Data><Data name="speed_239"><value>68.9889478778152</value></Data><Data name="speed_limit_239"><value>70</value></Data><Data name="speed_difference_239"><value>-1.0110521221847932</value></Data><Data name="speed_240"><value>65.32208856792487</value></Data><Data name="speed_limit_240"><value>70</value></Data><Data name="speed_difference_240"><value>-4.677911432075135</value></Data><Data name="speed_241"><value>58.738172970218876</value></Data><Data name="speed_limit_241"><value>70</value></Data><Data name="speed_difference_241"><value>-11.261827029781124</value></Data><Data name="speed_242"><value>25.06649180430979</value></Data><Data name="speed_limit_242"><value>70</value></Data><Data name="speed_difference_242"><value>-44.93350819569021</value></Data><Data name="speed_243"><value>0.0</value></Data><Data name="speed_limit_243"><value>70</value></Data><Data name="speed_difference_243"><value>-70.0</value></Data><Data name="speed_244"><value>0.0</value></Data><Data name="speed_limit_244"><value>70</value></Data><Data name="speed_difference_244"><value>-70.0</value></Data><Data name="speed_245"><value>19.525446369956143</value></Data><Data name="speed_limit_245"><value>70</value></Data><Data name="speed_difference_245"><value>-50.47455363004386</value></Data><Data name="speed_246"><value>3.339817207211395</value></Data><Data name="speed_limit_246"><value>70</value></Data><Data name="speed_difference_246"><value>-66.6601827927886</value></Data><Data name="speed_247"><value>31.352329234063934</value></Data><Data name="speed_limit_247"><value>70</value></Data><Data name="speed_difference_247"><value>-38.64767076593607</value></Data><Data name="speed_248"><value>50.76367452850443</value></Data><Data name="speed_limit_248"><value>70</value></Data><Data name="speed_difference_248"><value>-19.23632547149557</value></Data><Data name="speed_249"><value>50.38137072682856</value></Data><Data name="speed_limit_249"><value>70</value></Data><Data name="speed_difference_249"><value>-19.618629273171443</value></Data><Data name="speed_250"><value>36.20184719193513</value></Data><Data name="speed_limit_250"><value>50</value></Data><Data name="speed_difference_250"><value>-13.79815280806487</value></Data><Data name="speed_251"><value>37.54858734188133</value></Data><Data name="speed_limit_251"><value>50</value></Data><Data name="speed_difference_251"><value>-12.45141265811867</value></Data><Data name="speed_252"><value>39.798945898915704</value></Data><Data name="speed_limit_252"><value>50</value></Data><Data name="speed_difference_252"><value>-10.201054101084296</value></Data><Data name="speed_253"><value>35.47470053743722</value></Data><Data name="speed_limit_253"><value>50</value></Data><Data name="speed_difference_253"><value>-14.525299462562778</value></Data><Data name="speed_254"><value>34.83478084974018</value></Data><Data name="speed_limit_254"><value>50</value></Data><Data name="speed_difference_254"><value>-15.165219150259823</value></Data><Data name="speed_255"><value>38.0943562816894</value></Data><Data name="speed_limit_255"><value>50</value></Data><Data name="speed_difference_255"><value>-11.9056437183106</value></Data><Data name="speed_256"><value>36.10821728247065</value></Data><Data name="speed_limit_256"><value>50</value></Data><Data name="speed_difference_256"><value>-13.891782717529352</value></Data><Data name="speed_257"><value>33.43677208921086</value></Data><Data name="speed_limit_257"><value>50</value></Data><Data name="speed_difference_257"><value>-16.563227910789138</value></Data><Data name="speed_258"><value>36.4034557632087</value></Data><Data name="speed_limit_258"><value>50</value></Data><Data name="speed_difference_258"><value>-13.596544236791303</value></Data><Data name="speed_259"><value>52.20857900235368</value></Data><Data name="speed_limit_259"><value>50</value></Data><Data name="speed_difference_259"><value>2.20857900235368</value></Data><Data name="speed_260"><value>47.04416474067032</value></Data><Data name="speed_limit_260"><value>140</value></Data><Data name="speed_difference_260"><value>-92.95583525932969</value></Data><Data name="speed_261"><value>56.62621071212011</value></Data><Data name="speed_limit_261"><value>140</value></Data><Data name="speed_difference_261"><value>-83.37378928787989</value></Data><Data name="speed_262"><value>0.0</value></Data><Data name="speed_limit_262"><value>140</value></Data><Data name="speed_difference_262"><value>-140.0</value></Data><Data name="speed_263"><value>0.0</value></Data><Data name="speed_limit_263"><value>140</value></Data><Data name="speed_difference_263"><value>-140.0</value></Data><Data name="speed_264"><value>38.82449460091272</value></Data><Data name="speed_limit_264"><value>140</value></Data><Data name="speed_difference_264"><value>-101.17550539908729</value></Data><Data name="speed_265"><value>11.089332156063346</value></Data><Data name="speed_limit_265"><value>140</value></Data><Data name="speed_difference_265"><value>-128.91066784393666</value></Data><Data name="speed_266"><value>4.831956813646121</value></Data><Data name="speed_limit_266"><value>140</value></Data><Data name="speed_difference_266"><value>-135.16804318635388</value></Data><Data name="speed_267"><value>6.485088493557976</value></Data><Data name="speed_limit_267"><value>140</value></Data><Data name="speed_difference_267"><value>-133.51491150644202</value></Data><Data name="speed_268"><value>45.78870009163537</value></Data><Data name="speed_limit_268"><value>140</value></Data><Data name="speed_difference_268"><value>-94.21129990836462</value></Data><Data name="speed_269"><value>18.5195344796017</value></Data><Data name="speed_limit_269"><value>140</value></Data><Data name="speed_difference_269"><value>-121.4804655203983</value></Data><Data name="speed_270"><value>8.428956237872653</value></Data><Data name="speed_limit_270"><value>120</value></Data><Data name="speed_difference_270"><value>-111.57104376212735</value></Data><Data name="speed_271"><value>8.479613164815248</value></Data><Data name="speed_limit_271"><value>120</value></Data><Data name="speed_difference_271"><value>-111.52038683518475</value></Data><Data name="speed_272"><value>8.656918858620728</value></Data><Data name="speed_limit_272"><value>120</value></Data><Data name="speed_difference_272"><value>-111.34308114137927</value></Data><Data name="speed_273"><value>8.73153706068515</value></Data><Data name="speed_limit_273"><value>120</value></Data><Data name="speed_difference_273"><value>-111.26846293931484</value></Data><Data name="speed_274"><value>8.541104050360845</value></Data><Data name="speed_limit_274"><value>120</value></Data><Data name="speed_difference_274"><value>-111.45889594963916</value></Data><Data name="speed_275"><value>8.460767752717093</value></Data><Data name="speed_limit_275"><value>120</value></Data><Data name="speed_difference_275"><value>-111.53923224728291</value></Data><Data name="speed_276"><value>9.14984291716603</value></Data><Data name="speed_limit_276"><value>120</value></Data><Data name="speed_difference_276"><value>-110.85015708283397</value></Data><Data name="speed_277"><value>65.83535674483319</value></Data><Data name="speed_limit_277"><value>120</value></Data><Data name="speed_difference_277"><value>-54.16464325516681</value></Data><Data name="speed_278"><value>67.55395586902566</value></Data><Data name="speed_limit_278"><value>120</value></Data><Data name="speed_difference_278"><value>-52.44604413097434</value></Data><Data name="speed_279"><value>70.76099590247675</value></Data><Data name="speed_limit_279"><value>140</value></Data><Data name="speed_difference_279"><value>-69.23900409752325</value></Data><Data name="speed_280"><value>74.61358921791071</value></Data><Data name="speed_limit_280"><value>100</value></Data><Data name="speed_difference_280"><value>-25.386410782089285</value></Data><Data name="speed_281"><value>56.298826983282396</value></Data><Data name="speed_limit_281"><value>100</value></Data><Data name="speed_difference_281"><value>-43.701173016717604</value></Data><Data name="speed_282"><value>67.6478789751749</value></Data><Data name="speed_limit_282"><value>100</value></Data><Data name="speed_difference_282"><value>-32.352121024825095</value></Data><Data name="speed_283"><value>65.72174027038331</value></Data><Data name="speed_limit_283"><value>100</value></Data><Data name="speed_difference_283"><value>-34.27825972961669</value></Data><Data name="speed_284"><value>44.979936757031545</value></Data><Data name="speed_limit_284"><value>100</value></Data><Data name="speed_difference_284"><value>-55.020063242968455</value></Data><Data name="speed_285"><value>29.701526221345674</value></Data><Data name="speed_limit_285"><value>100</value></Data><Data name="speed_difference_285"><value>-70.29847377865433</value></Data><Data name="speed_286"><value>77.37119067067408</value></Data><Data name="speed_limit_286"><value>100</value></Data><Data name="speed_difference_286"><value>-22.628809329325918</value></Data><Data name="speed_287"><value>95.97534802443626</value></Data><Data name="speed_limit_287"><value>100</value></Data><Data name="speed_difference_287"><value>-4.024651975563742</value></Data><Data name="speed_288"><value>109.21031612715332</value></Data><Data name="speed_limit_288"><value>100</value></Data><Data name="speed_difference_288"><value>9.21031612715332</value></Data><Data name="speed_289"><value>109.57934204608964</value></Data><Data name="speed_limit_289"><value>100</value></Data><Data name="speed_difference_289"><value>9.579342046089636</value></Data><Data name="speed_290"><value>110.01554410229444</value></Data><Data name="speed_limit_290"><value>100</value></Data><Data name="speed_difference_290"><value>10.015544102294442</value></Data><Data name="speed_291"><value>112.19268627628989</value></Data><Data name="speed_limit_291"><value>100</value></Data><Data name="speed_difference_291"><value>12.19268627628989</value></Data><Data name="speed_292"><value>112.31640827384334</value></Data><Data name="speed_limit_292"><value>100</value></Data><Data name="speed_difference_292"><value>12.316408273843336</value></Data><Data name="speed_293"><value>117.59484638847442</value></Data><Data name="speed_limit_293"><value>100</value></Data><Data name="speed_difference_293"><value>17.594846388474423</value></Data><Data name="speed_294"><value>118.26496985345693</value></Data><Data name="speed_limit_294"><value>100</value></Data><Data name="speed_difference_294"><value>18.264969853456932</value></Data><Data name="speed_295"><value>115.21635209843258</value></Data><Data name="speed_limit_295"><value>140</value></Data><Data name="speed_difference_295"><value>-24.78364790156742</value></Data><Data name="speed_296"><value>102.45198921614787</value></Data><Data name="speed_limit_296"><value>100</value></Data><Data name="speed_difference_296"><value>2.451989216147865</value></Data><Data name="speed_297"><value>104.08650225593851</value></Data><Data name="speed_limit_297"><value>120</value></Data><Data name="speed_difference_297"><value>-15.913497744061488</value></Data><Data name="speed_298"><value>65.97263830393739</value></Data><Data name="speed_limit_298"><value>140</value></Data><Data name="speed_difference_298"><value>-74.02736169606261</value></Data><Data name="speed_299"><value>0.0</value></Data><Data name="speed_limit_299"><value>140</value></Data><Data name="speed_difference_299"><value>-140.0</value></Data><Data name="speed_300"><value>0.0</value></Data><Data name="speed_limit_300"><value>140</value></Data><Data name="speed_difference_300"><value>-140.0</value></Data><Data name="speed_301"><value>68.6150452321624</value></Data><Data name="speed_limit_301"><value>140</value></Data><Data name="speed_difference_301"><value>-71.3849547678376</value></Data><Data name="speed_302"><value>70.42562280533225</value></Data><Data name="speed_limit_302"><value>140</value></Data><Data name="speed_difference_302"><value>-69.57437719466775</value></Data><Data name="speed_303"><value>112.87089993365461</value></Data><Data name="speed_limit_303"><value>140</value></Data><Data name="speed_difference_303"><value>-27.129100066345387</value></Data><Data name="speed_304"><value>88.66473236910929</value></Data><Data name="speed_limit_304"><value>140</value></Data><Data name="speed_difference_304"><value>-51.33526763089071</value></Data><Data name="speed_305"><value>66.2938431949912</value></Data><Data name="speed_limit_305"><value>140</value></Data><Data name="speed_difference_305"><value>-73.7061568050088</value></Data><Data name="speed_306"><value>71.37307787194153</value></Data><Data name="speed_limit_306"><value>140</value></Data><Data name="speed_difference_306"><value>-68.62692212805847</value></Data><Data name="speed_307"><value>111.90269145402651</value></Data><Data name="speed_limit_307"><value>140</value></Data><Data name="speed_difference_307"><value>-28.09730854597349</value></Data><Data name="speed_308"><value>100.78825700968773</value></Data><Data name="speed_limit_308"><value>140</value></Data><Data name="speed_difference_308"><value>-39.211742990312274</value></Data><Data name="speed_309"><value>103.76175324078696</value></Data><Data name="speed_limit_309"><value>140</value></Data><Data name="speed_difference_309"><value>-36.23824675921304</value></Data><Data name="speed_310"><value>112.91045085598881</value></Data><Data name="speed_limit_310"><value>140</value></Data><Data name="speed_difference_310"><value>-27.089549144011187</value></Data><Data name="speed_311"><value>115.48048052854487</value></Data><Data name="speed_limit_311"><value>140</value></Data><Data name="speed_difference_311"><value>-24.519519471455126</value></Data><Data name="speed_312"><value>79.50084342817314</value></Data><Data name="speed_limit_312"><value>140</value></Data><Data name="speed_difference_312"><value>-60.49915657182686</value></Data><Data name="speed_313"><value>63.42193397449527</value></Data><Data name="speed_limit_313"><value>140</value></Data><Data name="speed_difference_313"><value>-76.57806602550474</value></Data><Data name="speed_314"><value>73.51021919422314</value></Data><Data name="speed_limit_314"><value>140</value></Data><Data name="speed_difference_314"><value>-66.48978080577686</value></Data><Data name="speed_315"><value>67.91448583946098</value></Data><Data name="speed_limit_315"><value>140</value></Data><Data name="speed_difference_315"><value>-72.08551416053902</value></Data><Data name="speed_316"><value>82.20370381763432</value></Data><Data name="speed_limit_316"><value>140</value></Data><Data name="speed_difference_316"><value>-57.79629618236568</value></Data><Data name="speed_317"><value>88.7461693119015</value></Data><Data name="speed_limit_317"><value>140</value></Data><Data name="speed_difference_317"><value>-51.2538306880985</value></Data><Data name="speed_318"><value>94.8561720235201</value></Data><Data name="speed_limit_318"><value>140</value></Data><Data name="speed_difference_318"><value>-45.1438279764799</value></Data><Data name="speed_319"><value>93.42072726385096</value></Data><Data name="speed_limit_319"><value>140</value></Data><Data name="speed_difference_319"><value>-46.579272736149036</value></Data><Data name="speed_320"><value>93.96501990362904</value></Data><Data name="speed_limit_320"><value>140</value></Data><Data name="speed_difference_320"><value>-46.03498009637096</value></Data><Data name="speed_321"><value>90.82549727169813</value></Data><Data name="speed_limit_321"><value>140</value></Data><Data name="speed_difference_321"><value>-49.174502728301874</value></Data><Data name="speed_322"><value>97.39332650058586</value></Data><Data name="speed_limit_322"><value>140</value></Data><Data name="speed_difference_322"><value>-42.60667349941414</value></Data><Data name="speed_323"><value>113.58915454742686</value></Data><Data name="speed_limit_323"><value>140</value></Data><Data name="speed_difference_323"><value>-26.41084545257314</value></Data><Data name="speed_324"><value>118.82133329296452</value></Data><Data name="speed_limit_324"><value>140</value></Data><Data name="speed_difference_324"><value>-21.178666707035475</value></Data><Data name="speed_325"><value>112.04671623139035</value></Data><Data name="speed_limit_325"><value>140</value></Data><Data name="speed_difference_325"><value>-27.95328376860965</value></Data><Data name="speed_326"><value>112.43925099708693</value></Data><Data name="speed_limit_326"><value>140</value></Data><Data name="speed_difference_326"><value>-27.56074900291307</value></Data><Data name="speed_327"><value>106.48353180752957</value></Data><Data name="speed_limit_327"><value>140</value></Data><Data name="speed_difference_327"><value>-33.51646819247043</value></Data><Data name="speed_328"><value>94.61765626312956</value></Data><Data name="speed_limit_328"><value>140</value></Data><Data name="speed_difference_328"><value>-45.38234373687044</value></Data><Data name="speed_329"><value>87.92141135506834</value></Data><Data name="speed_limit_329"><value>140</value></Data><Data name="speed_difference_329"><value>-52.078588644931656</value></Data><Data name="speed_330"><value>90.60272385453491</value></Data><Data name="speed_limit_330"><value>140</value></Data><Data name="speed_difference_330"><value>-49.397276145465085</value></Data><Data name="speed_331"><value>90.02474326370056</value></Data><Data name="speed_limit_331"><value>140</value></Data><Data name="speed_difference_331"><value>-49.97525673629944</value></Data><Data name="speed_332"><value>0.0</value></Data><Data name="speed_limit_332"><value>140</value></Data><Data name="speed_difference_332"><value>-140.0</value></Data><Data name="speed_333"><value>98.12457324929136</value></Data><Data name="speed_limit_333"><value>140</value></Data><Data name="speed_difference_333"><value>-41.87542675070864</value></Data><Data name="speed_334"><value>0.0</value></Data><Data name="speed_limit_334"><value>140</value></Data><Data name="speed_difference_334"><value>-140.0</value></Data><Data name="speed_335"><value>104.1287620772065</value></Data><Data name="speed_limit_335"><value>140</value></Data><Data name="speed_difference_335"><value>-35.8712379227935</value></Data><Data name="speed_336"><value>102.75628754180279</value></Data><Data name="speed_limit_336"><value>140</value></Data><Data name="speed_difference_336"><value>-37.24371245819721</value></Data><Data name="speed_337"><value>107.56959537251309</value></Data><Data name="speed_limit_337"><value>140</value></Data><Data name="speed_difference_337"><value>-32.43040462748691</value></Data><Data name="speed_338"><value>121.46076329341281</value></Data><Data name="speed_limit_338"><value>140</value></Data><Data name="speed_difference_338"><value>-18.53923670658719</value></Data><Data name="speed_339"><value>119.46645554115892</value></Data><Data name="speed_limit_339"><value>140</value></Data><Data name="speed_difference_339"><value>-20.533544458841078</value></Data><Data name="speed_340"><value>103.73485434022605</value></Data><Data name="speed_limit_340"><value>120</value></Data><Data name="speed_difference_340"><value>-16.26514565977395</value></Data><Data name="speed_341"><value>68.08420638502633</value></Data><Data name="speed_limit_341"><value>100</value></Data><Data name="speed_difference_341"><value>-31.915793614973666</value></Data><Data name="speed_342"><value>61.71375874953183</value></Data><Data name="speed_limit_342"><value>50</value></Data><Data name="speed_difference_342"><value>11.713758749531827</value></Data><Data name="speed_343"><value>17.826223669682854</value></Data><Data name="speed_limit_343"><value>50</value></Data><Data name="speed_difference_343"><value>-32.173776330317146</value></Data><Data name="speed_344"><value>20.971288954295254</value></Data><Data name="speed_limit_344"><value>50</value></Data><Data name="speed_difference_344"><value>-29.028711045704746</value></Data><Data name="speed_345"><value>5.911767085590616</value></Data><Data name="speed_limit_345"><value>50</value></Data><Data name="speed_difference_345"><value>-44.08823291440938</value></Data><Data name="speed_346"><value>9.8091998228931</value></Data><Data name="speed_limit_346"><value>50</value></Data><Data name="speed_difference_346"><value>-40.1908001771069</value></Data><Data name="speed_347"><value>5.514221179546207</value></Data><Data name="speed_limit_347"><value>50</value></Data><Data name="speed_difference_347"><value>-44.485778820453795</value></Data><Data name="speed_348"><value>30.962293731506684</value></Data><Data name="speed_limit_348"><value>50</value></Data><Data name="speed_difference_348"><value>-19.037706268493316</value></Data><Data name="speed_349"><value>8.638981909063258</value></Data><Data name="speed_limit_349"><value>50</value></Data><Data name="speed_difference_349"><value>-41.36101809093674</value></Data><Data name="speed_350"><value>0.0</value></Data><Data name="speed_limit_350"><value>50</value></Data><Data name="speed_difference_350"><value>-50.0</value></Data><Data name="speed_351"><value>0.0</value></Data><Data name="speed_limit_351"><value>50</value></Data><Data name="speed_difference_351"><value>-50.0</value></Data><Data name="speed_352"><value>39.63593030867961</value></Data><Data name="speed_limit_352"><value>50</value></Data><Data name="speed_difference_352"><value>-10.364069691320388</value></Data><Data name="speed_353"><value>0.0</value></Data><Data name="speed_limit_353"><value>50</value></Data><Data name="speed_difference_353"><value>-50.0</value></Data><Data name="speed_354"><value>59.66473220769121</value></Data><Data name="speed_limit_354"><value>40</value></Data><Data name="speed_difference_354"><value>19.66473220769121</value></Data><Data name="speed_355"><value>0.0</value></Data><Data name="speed_limit_355"><value>50</value></Data><Data name="speed_difference_355"><value>-50.0</value></Data><Data name="speed_356"><value>71.57047343499774</value></Data><Data name="speed_limit_356"><value>50</value></Data><Data name="speed_difference_356"><value>21.570473434997737</value></Data><Data name="speed_357"><value>0.0</value></Data><Data name="speed_limit_357"><value>80</value></Data><Data name="speed_difference_357"><value>-80.0</value></Data><Data name="speed_358"><value>89.91027711846831</value></Data><Data name="speed_limit_358"><value>110</value></Data><Data name="speed_difference_358"><value>-20.089722881531685</value></Data><Data name="speed_359"><value>119.84047368976367</value></Data><Data name="speed_limit_359"><value>140</value></Data><Data name="speed_difference_359"><value>-20.15952631023633</value></Data><Data name="speed_360"><value>131.99319578380562</value></Data><Data name="speed_limit_360"><value>140</value></Data><Data name="speed_difference_360"><value>-8.006804216194382</value></Data><Data name="speed_361"><value>134.53516079696354</value></Data><Data name="speed_limit_361"><value>140</value></Data><Data name="speed_difference_361"><value>-5.464839203036462</value></Data><Data name="speed_362"><value>128.7999081680571</value></Data><Data name="speed_limit_362"><value>140</value></Data><Data name="speed_difference_362"><value>-11.200091831942899</value></Data><Data name="speed_363"><value>0.0</value></Data><Data name="speed_limit_363"><value>140</value></Data><Data name="speed_difference_363"><value>-140.0</value></Data><Data name="speed_364"><value>112.72529793347717</value></Data><Data name="speed_limit_364"><value>140</value></Data><Data name="speed_difference_364"><value>-27.274702066522835</value></Data><Data name="speed_365"><value>103.27228437995056</value></Data><Data name="speed_limit_365"><value>140</value></Data><Data name="speed_difference_365"><value>-36.72771562004944</value></Data><Data name="speed_366"><value>0.0</value></Data><Data name="speed_limit_366"><value>140</value></Data><Data name="speed_difference_366"><value>-140.0</value></Data><Data name="speed_367"><value>102.88535014032864</value></Data><Data name="speed_limit_367"><value>140</value></Data><Data name="speed_difference_367"><value>-37.11464985967136</value></Data><Data name="speed_368"><value>0.0</value></Data><Data name="speed_limit_368"><value>140</value></Data><Data name="speed_difference_368"><value>-140.0</value></Data><Data name="speed_369"><value>105.6028805186263</value></Data><Data name="speed_limit_369"><value>140</value></Data><Data name="speed_difference_369"><value>-34.39711948137369</value></Data><Data name="speed_370"><value>0.0</value></Data><Data name="speed_limit_370"><value>140</value></Data><Data name="speed_difference_370"><value>-140.0</value></Data><Data name="speed_371"><value>109.33917641356597</value></Data><Data name="speed_limit_371"><value>140</value></Data><Data name="speed_difference_371"><value>-30.660823586434034</value></Data><Data name="speed_372"><value>0.0</value></Data><Data name="speed_limit_372"><value>140</value></Data><Data name="speed_difference_372"><value>-140.0</value></Data><Data name="speed_373"><value>115.99441512578173</value></Data><Data name="speed_limit_373"><value>140</value></Data><Data name="speed_difference_373"><value>-24.005584874218272</value></Data><Data name="speed_374"><value>0.0</value></Data><Data name="speed_limit_374"><value>140</value></Data><Data name="speed_difference_374"><value>-140.0</value></Data><Data name="speed_375"><value>126.60216429222466</value></Data><Data name="speed_limit_375"><value>140</value></Data><Data name="speed_difference_375"><value>-13.397835707775343</value></Data><Data name="speed_376"><value>0.0</value></Data><Data name="speed_limit_376"><value>140</value></Data><Data name="speed_difference_376"><value>-140.0</value></Data><Data name="speed_377"><value>133.03477442243528</value></Data><Data name="speed_limit_377"><value>140</value></Data><Data name="speed_difference_377"><value>-6.965225577564723</value></Data><Data name="speed_378"><value>0.0</value></Data><Data name="speed_limit_378"><value>140</value></Data><Data name="speed_difference_378"><value>-140.0</value></Data><Data name="speed_379"><value>126.95787778644964</value></Data><Data name="speed_limit_379"><value>140</value></Data><Data name="speed_difference_379"><value>-13.042122213550357</value></Data><Data name="speed_380"><value>0.0</value></Data><Data name="speed_limit_380"><value>140</value></Data><Data name="speed_difference_380"><value>-140.0</value></Data><Data name="speed_381"><value>127.74453471182919</value></Data><Data name="speed_limit_381"><value>140</value></Data><Data name="speed_difference_381"><value>-12.25546528817081</value></Data><Data name="speed_382"><value>0.0</value></Data><Data name="speed_limit_382"><value>140</value></Data><Data name="speed_difference_382"><value>-140.0</value></Data><Data name="speed_383"><value>124.51194451122196</value></Data><Data name="speed_limit_383"><value>140</value></Data><Data name="speed_difference_383"><value>-15.488055488778045</value></Data><Data name="speed_384"><value>0.0</value></Data><Data name="speed_limit_384"><value>140</value></Data><Data name="speed_difference_384"><value>-140.0</value></Data><Data name="speed_385"><value>129.568666540799</value></Data><Data name="speed_limit_385"><value>140</value></Data><Data name="speed_difference_385"><value>-10.431333459201</value></Data><Data name="speed_386"><value>0.0</value></Data><Data name="speed_limit_386"><value>140</value></Data><Data name="speed_difference_386"><value>-140.0</value></Data><Data name="speed_387"><value>127.34358319045752</value></Data><Data name="speed_limit_387"><value>140</value></Data><Data name="speed_difference_387"><value>-12.656416809542478</value></Data><Data name="speed_388"><value>0.0</value></Data><Data name="speed_limit_388"><value>140</value></Data><Data name="speed_difference_388"><value>-140.0</value></Data><Data name="speed_389"><value>136.42205009534163</value></Data><Data name="speed_limit_389"><value>140</value></Data><Data name="speed_difference_389"><value>-3.577949904658368</value></Data><Data name="speed_390"><value>0.0</value></Data><Data name="speed_limit_390"><value>140</value></Data><Data name="speed_difference_390"><value>-140.0</value></Data><Data name="speed_391"><value>0.0</value></Data><Data name="speed_limit_391"><value>140</value></Data><Data name="speed_difference_391"><value>-140.0</value></Data><Data name="speed_392"><value>142.48207077983187</value></Data><Data name="speed_limit_392"><value>140</value></Data><Data name="speed_difference_392"><value>2.482070779831872</value></Data><Data name="speed_393"><value>133.986129906879</value></Data><Data name="speed_limit_393"><value>140</value></Data><Data name="speed_difference_393"><value>-6.013870093121</value></Data><Data name="speed_394"><value>118.20989882667863</value></Data><Data name="speed_limit_394"><value>140</value></Data><Data name="speed_difference_394"><value>-21.790101173321375</value></Data><Data name="speed_395"><value>102.24230726945156</value></Data><Data name="speed_limit_395"><value>140</value></Data><Data name="speed_difference_395"><value>-37.75769273054844</value></Data><Data name="speed_396"><value>0.0</value></Data><Data name="speed_limit_396"><value>140</value></Data><Data name="speed_difference_396"><value>-140.0</value></Data><Data name="speed_397"><value>95.6899851279616</value></Data><Data name="speed_limit_397"><value>140</value></Data><Data name="speed_difference_397"><value>-44.310014872038394</value></Data><Data name="speed_398"><value>86.95623148257863</value></Data><Data name="speed_limit_398"><value>140</value></Data><Data name="speed_difference_398"><value>-53.04376851742137</value></Data><Data name="speed_399"><value>85.33484294589934</value></Data><Data name="speed_limit_399"><value>140</value></Data><Data name="speed_difference_399"><value>-54.66515705410066</value></Data><Data name="speed_400"><value>83.0464674243373</value></Data><Data name="speed_limit_400"><value>140</value></Data><Data name="speed_difference_400"><value>-56.953532575662706</value></Data><Data name="speed_401"><value>0.0</value></Data><Data name="speed_limit_401"><value>140</value></Data><Data name="speed_difference_401"><value>-140.0</value></Data><Data name="speed_402"><value>83.58798936951204</value></Data><Data name="speed_limit_402"><value>140</value></Data><Data name="speed_difference_402"><value>-56.412010630487956</value></Data><Data name="speed_403"><value>82.0836268293008</value></Data><Data name="speed_limit_403"><value>140</value></Data><Data name="speed_difference_403"><value>-57.9163731706992</value></Data><Data name="speed_404"><value>82.6533428128181</value></Data><Data name="speed_limit_404"><value>140</value></Data><Data name="speed_difference_404"><value>-57.346657187181904</value></Data><Data name="speed_405"><value>81.24349402848034</value></Data><Data name="speed_limit_405"><value>140</value></Data><Data name="speed_difference_405"><value>-58.75650597151966</value></Data><Data name="speed_406"><value>62.20794472308956</value></Data><Data name="speed_limit_406"><value>140</value></Data><Data name="speed_difference_406"><value>-77.79205527691045</value></Data><Data name="speed_407"><value>26.6372807015013</value></Data><Data name="speed_limit_407"><value>140</value></Data><Data name="speed_difference_407"><value>-113.3627192984987</value></Data><Data name="speed_408"><value>6.715868823201204</value></Data><Data name="speed_limit_408"><value>140</value></Data><Data name="speed_difference_408"><value>-133.2841311767988</value></Data><Data name="speed_409"><value>5.829561920737443</value></Data><Data name="speed_limit_409"><value>140</value></Data><Data name="speed_difference_409"><value>-134.17043807926257</value></Data><Data name="speed_410"><value>12.499541726858128</value></Data><Data name="speed_limit_410"><value>140</value></Data><Data name="speed_difference_410"><value>-127.50045827314187</value></Data><Data name="speed_411"><value>23.85242805962797</value></Data><Data name="speed_limit_411"><value>140</value></Data><Data name="speed_difference_411"><value>-116.14757194037203</value></Data><Data name="speed_412"><value>6.625761780458329</value></Data><Data name="speed_limit_412"><value>140</value></Data><Data name="speed_difference_412"><value>-133.37423821954167</value></Data><Data name="speed_413"><value>4.412319959516022</value></Data><Data name="speed_limit_413"><value>140</value></Data><Data name="speed_difference_413"><value>-135.58768004048397</value></Data><Data name="speed_414"><value>17.774356314087434</value></Data><Data name="speed_limit_414"><value>140</value></Data><Data name="speed_difference_414"><value>-122.22564368591256</value></Data><Data name="speed_415"><value>5.147637156953144</value></Data><Data name="speed_limit_415"><value>140</value></Data><Data name="speed_difference_415"><value>-134.85236284304685</value></Data><Data name="speed_416"><value>28.494144477623948</value></Data><Data name="speed_limit_416"><value>140</value></Data><Data name="speed_difference_416"><value>-111.50585552237605</value></Data><Data name="speed_417"><value>23.301938281668363</value></Data><Data name="speed_limit_417"><value>140</value></Data><Data name="speed_difference_417"><value>-116.69806171833164</value></Data><Data name="speed_418"><value>12.28553627744163</value></Data><Data name="speed_limit_418"><value>140</value></Data><Data name="speed_difference_418"><value>-127.71446372255838</value></Data><Data name="speed_419"><value>3.967274271003074</value></Data><Data name="speed_limit_419"><value>140</value></Data><Data name="speed_difference_419"><value>-136.03272572899692</value></Data><Data name="speed_420"><value>4.585887567442424</value></Data><Data name="speed_limit_420"><value>140</value></Data><Data name="speed_difference_420"><value>-135.41411243255757</value></Data><Data name="speed_421"><value>6.381809263333537</value></Data><Data name="speed_limit_421"><value>140</value></Data><Data name="speed_difference_421"><value>-133.61819073666646</value></Data><Data name="speed_422"><value>0.0</value></Data><Data name="speed_limit_422"><value>140</value></Data><Data name="speed_difference_422"><value>-140.0</value></Data><Data name="speed_423"><value>50.49683655031217</value></Data><Data name="speed_limit_423"><value>140</value></Data><Data name="speed_difference_423"><value>-89.50316344968783</value></Data><Data name="speed_424"><value>0.0</value></Data><Data name="speed_limit_424"><value>140</value></Data><Data name="speed_difference_424"><value>-140.0</value></Data><Data name="speed_425"><value>66.91144609760595</value></Data><Data name="speed_limit_425"><value>140</value></Data><Data name="speed_difference_425"><value>-73.08855390239405</value></Data><Data name="speed_426"><value>0.0</value></Data><Data name="speed_limit_426"><value>140</value></Data><Data name="speed_difference_426"><value>-140.0</value></Data><Data name="speed_427"><value>81.52639851996553</value></Data><Data name="speed_limit_427"><value>140</value></Data><Data name="speed_difference_427"><value>-58.473601480034475</value></Data><Data name="speed_428"><value>0.0</value></Data><Data name="speed_limit_428"><value>140</value></Data><Data name="speed_difference_428"><value>-140.0</value></Data><Data name="speed_429"><value>95.98686362773043</value></Data><Data name="speed_limit_429"><value>140</value></Data><Data name="speed_difference_429"><value>-44.01313637226957</value></Data><Data name="speed_430"><value>0.0</value></Data><Data name="speed_limit_430"><value>140</value></Data><Data name="speed_difference_430"><value>-140.0</value></Data><Data name="speed_431"><value>0.0</value></Data><Data name="speed_limit_431"><value>140</value></Data><Data name="speed_difference_431"><value>-140.0</value></Data><Data name="speed_432"><value>105.3538497464678</value></Data><Data name="speed_limit_432"><value>140</value></Data><Data name="speed_difference_432"><value>-34.6461502535322</value></Data><Data name="speed_433"><value>0.0</value></Data><Data name="speed_limit_433"><value>140</value></Data><Data name="speed_difference_433"><value>-140.0</value></Data><Data name="speed_434"><value>108.78967041404199</value></Data><Data name="speed_limit_434"><value>140</value></Data><Data name="speed_difference_434"><value>-31.210329585958007</value></Data><Data name="speed_435"><value>0.0</value></Data><Data name="speed_limit_435"><value>140</value></Data><Data name="speed_difference_435"><value>-140.0</value></Data><Data name="speed_436"><value>105.34937421143957</value></Data><Data name="speed_limit_436"><value>140</value></Data><Data name="speed_difference_436"><value>-34.65062578856043</value></Data><Data name="speed_437"><value>0.0</value></Data><Data name="speed_limit_437"><value>140</value></Data><Data name="speed_difference_437"><value>-140.0</value></Data><Data name="speed_438"><value>104.50088986310743</value></Data><Data name="speed_limit_438"><value>140</value></Data><Data name="speed_difference_438"><value>-35.49911013689257</value></Data><Data name="speed_439"><value>0.0</value></Data><Data name="speed_limit_439"><value>140</value></Data><Data name="speed_difference_439"><value>-140.0</value></Data><Data name="speed_440"><value>115.16213510252959</value></Data><Data name="speed_limit_440"><value>140</value></Data><Data name="speed_difference_440"><value>-24.83786489747041</value></Data><Data name="speed_441"><value>0.0</value></Data><Data name="speed_limit_441"><value>140</value></Data><Data name="speed_difference_441"><value>-140.0</value></Data><Data name="speed_442"><value>125.47767967289676</value></Data><Data name="speed_limit_442"><value>140</value></Data><Data name="speed_difference_442"><value>-14.522320327103245</value></Data><Data name="speed_443"><value>0.0</value></Data><Data name="speed_limit_443"><value>140</value></Data><Data name="speed_difference_443"><value>-140.0</value></Data><Data name="speed_444"><value>114.30260347574401</value></Data><Data name="speed_limit_444"><value>140</value></Data><Data name="speed_difference_444"><value>-25.697396524255993</value></Data><Data name="speed_445"><value>0.0</value></Data><Data name="speed_limit_445"><value>140</value></Data><Data name="speed_difference_445"><value>-140.0</value></Data><Data name="speed_446"><value>102.9880749486158</value></Data><Data name="speed_limit_446"><value>140</value></Data><Data name="speed_difference_446"><value>-37.011925051384196</value></Data><Data name="speed_447"><value>0.0</value></Data><Data name="speed_limit_447"><value>140</value></Data><Data name="speed_difference_447"><value>-140.0</value></Data><Data name="speed_448"><value>92.15651822821084</value></Data><Data name="speed_limit_448"><value>140</value></Data><Data name="speed_difference_448"><value>-47.84348177178916</value></Data><Data name="speed_449"><value>0.0</value></Data><Data name="speed_limit_449"><value>140</value></Data><Data name="speed_difference_449"><value>-140.0</value></Data><Data name="speed_450"><value>83.17899151202144</value></Data><Data name="speed_limit_450"><value>140</value></Data><Data name="speed_difference_450"><value>-56.82100848797856</value></Data><Data name="speed_451"><value>0.0</value></Data><Data name="speed_limit_451"><value>140</value></Data><Data name="speed_difference_451"><value>-140.0</value></Data><Data name="speed_452"><value>77.75683783795108</value></Data><Data name="speed_limit_452"><value>140</value></Data><Data name="speed_difference_452"><value>-62.24316216204892</value></Data><Data name="speed_453"><value>0.0</value></Data><Data name="speed_limit_453"><value>140</value></Data><Data name="speed_difference_453"><value>-140.0</value></Data><Data name="speed_454"><value>93.1056244694894</value></Data><Data name="speed_limit_454"><value>140</value></Data><Data name="speed_difference_454"><value>-46.8943755305106</value></Data><Data name="speed_455"><value>0.0</value></Data><Data name="speed_limit_455"><value>140</value></Data><Data name="speed_difference_455"><value>-140.0</value></Data><Data name="speed_456"><value>104.24009337689321</value></Data><Data name="speed_limit_456"><value>140</value></Data><Data name="speed_difference_456"><value>-35.75990662310679</value></Data><Data name="speed_457"><value>0.0</value></Data><Data name="speed_limit_457"><value>140</value></Data><Data name="speed_difference_457"><value>-140.0</value></Data><Data name="speed_458"><value>0.0</value></Data><Data name="speed_limit_458"><value>140</value></Data><Data name="speed_difference_458"><value>-140.0</value></Data><Data name="speed_459"><value>115.44157303891055</value></Data><Data name="speed_limit_459"><value>140</value></Data><Data name="speed_difference_459"><value>-24.558426961089452</value></Data><Data name="speed_460"><value>115.6240639164443</value></Data><Data name="speed_limit_460"><value>140</value></Data><Data name="speed_difference_460"><value>-24.3759360835557</value></Data><Data name="speed_461"><value>114.46750989921554</value></Data><Data name="speed_limit_461"><value>140</value></Data><Data name="speed_difference_461"><value>-25.532490100784457</value></Data><Data name="speed_462"><value>112.83914912867489</value></Data><Data name="speed_limit_462"><value>140</value></Data><Data name="speed_difference_462"><value>-27.16085087132511</value></Data><Data name="speed_463"><value>110.24293526466688</value></Data><Data name="speed_limit_463"><value>140</value></Data><Data name="speed_difference_463"><value>-29.757064735333117</value></Data><Data name="speed_464"><value>0.0</value></Data><Data name="speed_limit_464"><value>140</value></Data><Data name="speed_difference_464"><value>-140.0</value></Data><Data name="speed_465"><value>107.5966455246019</value></Data><Data name="speed_limit_465"><value>140</value></Data><Data name="speed_difference_465"><value>-32.4033544753981</value></Data><Data name="speed_466"><value>0.0</value></Data><Data name="speed_limit_466"><value>140</value></Data><Data name="speed_difference_466"><value>-140.0</value></Data><Data name="speed_467"><value>109.02131393167346</value></Data><Data name="speed_limit_467"><value>140</value></Data><Data name="speed_difference_467"><value>-30.97868606832654</value></Data><Data name="speed_468"><value>108.90596479320007</value></Data><Data name="speed_limit_468"><value>140</value></Data><Data name="speed_difference_468"><value>-31.09403520679993</value></Data><Data name="speed_469"><value>104.3788353125746</value></Data><Data name="speed_limit_469"><value>140</value></Data><Data name="speed_difference_469"><value>-35.621164687425406</value></Data><Data name="speed_470"><value>109.21167878681001</value></Data><Data name="speed_limit_470"><value>140</value></Data><Data name="speed_difference_470"><value>-30.788321213189988</value></Data><Data name="speed_471"><value>108.5885442099425</value></Data><Data name="speed_limit_471"><value>140</value></Data><Data name="speed_difference_471"><value>-31.411455790057502</value></Data><Data name="speed_472"><value>101.83499018657488</value></Data><Data name="speed_limit_472"><value>140</value></Data><Data name="speed_difference_472"><value>-38.165009813425115</value></Data><Data name="speed_473"><value>96.64386794903851</value></Data><Data name="speed_limit_473"><value>60</value></Data><Data name="speed_difference_473"><value>36.64386794903851</value></Data><Data name="speed_474"><value>96.98781610538676</value></Data><Data name="speed_limit_474"><value>140</value></Data><Data name="speed_difference_474"><value>-43.012183894613244</value></Data><Data name="speed_475"><value>98.92475858651432</value></Data><Data name="speed_limit_475"><value>140</value></Data><Data name="speed_difference_475"><value>-41.075241413485685</value></Data><Data name="speed_476"><value>106.14073348678441</value></Data><Data name="speed_limit_476"><value>140</value></Data><Data name="speed_difference_476"><value>-33.85926651321559</value></Data><Data name="speed_477"><value>103.57729426504204</value></Data><Data name="speed_limit_477"><value>140</value></Data><Data name="speed_difference_477"><value>-36.42270573495796</value></Data><Data name="speed_478"><value>0.0</value></Data><Data name="speed_limit_478"><value>140</value></Data><Data name="speed_difference_478"><value>-140.0</value></Data><Data name="speed_479"><value>104.90241750680825</value></Data><Data name="speed_limit_479"><value>140</value></Data><Data name="speed_difference_479"><value>-35.09758249319175</value></Data><Data name="speed_480"><value>103.05763207516873</value></Data><Data name="speed_limit_480"><value>140</value></Data><Data name="speed_difference_480"><value>-36.942367924831274</value></Data><Data name="speed_481"><value>107.72495025916959</value></Data><Data name="speed_limit_481"><value>140</value></Data><Data name="speed_difference_481"><value>-32.27504974083041</value></Data><Data name="speed_482"><value>108.25527037178746</value></Data><Data name="speed_limit_482"><value>140</value></Data><Data name="speed_difference_482"><value>-31.74472962821254</value></Data><Data name="speed_483"><value>108.04241200055569</value></Data><Data name="speed_limit_483"><value>140</value></Data><Data name="speed_difference_483"><value>-31.957587999444314</value></Data><Data name="speed_484"><value>105.13952133465052</value></Data><Data name="speed_limit_484"><value>140</value></Data><Data name="speed_difference_484"><value>-34.860478665349476</value></Data><Data name="speed_485"><value>109.83929886021915</value></Data><Data name="speed_limit_485"><value>140</value></Data><Data name="speed_difference_485"><value>-30.160701139780855</value></Data><Data name="speed_486"><value>109.00971253644555</value></Data><Data name="speed_limit_486"><value>140</value></Data><Data name="speed_difference_486"><value>-30.990287463554452</value></Data><Data name="speed_487"><value>106.93789448990216</value></Data><Data name="speed_limit_487"><value>140</value></Data><Data name="speed_difference_487"><value>-33.06210551009784</value></Data><Data name="speed_488"><value>108.91333839913213</value></Data><Data name="speed_limit_488"><value>140</value></Data><Data name="speed_difference_488"><value>-31.08666160086787</value></Data><Data name="speed_489"><value>110.38960808878124</value></Data><Data name="speed_limit_489"><value>140</value></Data><Data name="speed_difference_489"><value>-29.610391911218755</value></Data><Data name="speed_490"><value>121.23426516097078</value></Data><Data name="speed_limit_490"><value>140</value></Data><Data name="speed_difference_490"><value>-18.76573483902922</value></Data><Data name="speed_491"><value>101.5402195419232</value></Data><Data name="speed_limit_491"><value>140</value></Data><Data name="speed_difference_491"><value>-38.45978045807681</value></Data><Data name="speed_492"><value>99.17400758489356</value></Data><Data name="speed_limit_492"><value>140</value></Data><Data name="speed_difference_492"><value>-40.82599241510644</value></Data><Data name="speed_493"><value>106.4745402066483</value></Data><Data name="speed_limit_493"><value>140</value></Data><Data name="speed_difference_493"><value>-33.5254597933517</value></Data><Data name="speed_494"><value>118.50753984570171</value></Data><Data name="speed_limit_494"><value>140</value></Data><Data name="speed_difference_494"><value>-21.492460154298286</value></Data><Data name="speed_495"><value>120.99226829450944</value></Data><Data name="speed_limit_495"><value>140</value></Data><Data name="speed_difference_495"><value>-19.007731705490556</value></Data><Data name="speed_496"><value>117.55093511516958</value></Data><Data name="speed_limit_496"><value>140</value></Data><Data name="speed_difference_496"><value>-22.44906488483042</value></Data><Data name="speed_497"><value>119.75555651631052</value></Data><Data name="speed_limit_497"><value>140</value></Data><Data name="speed_difference_497"><value>-20.24444348368948</value></Data><Data name="speed_498"><value>0.0</value></Data><Data name="speed_limit_498"><value>140</value></Data><Data name="speed_difference_498"><value>-140.0</value></Data><Data name="speed_499"><value>117.05756987005945</value></Data><Data name="speed_limit_499"><value>140</value></Data><Data name="speed_difference_499"><value>-22.942430129940547</value></Data><Data name="speed_500"><value>110.59322879028589</value></Data><Data name="speed_limit_500"><value>140</value></Data><Data name="speed_difference_500"><value>-29.40677120971411</value></Data><Data name="speed_501"><value>111.32040528234936</value></Data><Data name="speed_limit_501"><value>140</value></Data><Data name="speed_difference_501"><value>-28.679594717650644</value></Data><Data name="speed_502"><value>109.88829361715297</value></Data><Data name="speed_limit_502"><value>140</value></Data><Data name="speed_difference_502"><value>-30.111706382847032</value></Data><Data name="speed_503"><value>109.21647579983149</value></Data><Data name="speed_limit_503"><value>140</value></Data><Data name="speed_difference_503"><value>-30.783524200168515</value></Data><Data name="speed_504"><value>109.93617251508905</value></Data><Data name="speed_limit_504"><value>140</value></Data><Data name="speed_difference_504"><value>-30.063827484910945</value></Data><Data name="speed_505"><value>109.50682501309909</value></Data><Data name="speed_limit_505"><value>140</value></Data><Data name="speed_difference_505"><value>-30.49317498690091</value></Data><Data name="speed_506"><value>109.26267262311713</value></Data><Data name="speed_limit_506"><value>140</value></Data><Data name="speed_difference_506"><value>-30.737327376882874</value></Data><Data name="speed_507"><value>113.41971102309925</value></Data><Data name="speed_limit_507"><value>140</value></Data><Data name="speed_difference_507"><value>-26.580288976900746</value></Data><Data name="speed_508"><value>109.96510229538316</value></Data><Data name="speed_limit_508"><value>140</value></Data><Data name="speed_difference_508"><value>-30.03489770461684</value></Data><Data name="speed_509"><value>103.48107513015188</value></Data><Data name="speed_limit_509"><value>140</value></Data><Data name="speed_difference_509"><value>-36.51892486984812</value></Data><Data name="speed_510"><value>0.0</value></Data><Data name="speed_limit_510"><value>140</value></Data><Data name="speed_difference_510"><value>-140.0</value></Data><Data name="speed_511"><value>103.28632814535463</value></Data><Data name="speed_limit_511"><value>140</value></Data><Data name="speed_difference_511"><value>-36.71367185464537</value></Data><Data name="speed_512"><value>102.47039399489489</value></Data><Data name="speed_limit_512"><value>140</value></Data><Data name="speed_difference_512"><value>-37.52960600510511</value></Data><Data name="speed_513"><value>101.14538724204951</value></Data><Data name="speed_limit_513"><value>140</value></Data><Data name="speed_difference_513"><value>-38.85461275795049</value></Data><Data name="speed_514"><value>99.43678632560339</value></Data><Data name="speed_limit_514"><value>140</value></Data><Data name="speed_difference_514"><value>-40.56321367439661</value></Data><Data name="speed_515"><value>104.78390570417426</value></Data><Data name="speed_limit_515"><value>140</value></Data><Data name="speed_difference_515"><value>-35.21609429582574</value></Data><Data name="speed_516"><value>112.00124980149405</value></Data><Data name="speed_limit_516"><value>140</value></Data><Data name="speed_difference_516"><value>-27.998750198505945</value></Data><Data name="speed_517"><value>106.12057594909876</value></Data><Data name="speed_limit_517"><value>140</value></Data><Data name="speed_difference_517"><value>-33.879424050901235</value></Data><Data name="speed_518"><value>106.8536468426317</value></Data><Data name="speed_limit_518"><value>140</value></Data><Data name="speed_difference_518"><value>-33.146353157368296</value></Data><Data name="speed_519"><value>107.42997825817652</value></Data><Data name="speed_limit_519"><value>140</value></Data><Data name="speed_difference_519"><value>-32.57002174182348</value></Data><Data name="speed_520"><value>106.26872742357487</value></Data><Data name="speed_limit_520"><value>140</value></Data><Data name="speed_difference_520"><value>-33.73127257642513</value></Data><Data name="speed_521"><value>106.85507331111413</value></Data><Data name="speed_limit_521"><value>140</value></Data><Data name="speed_difference_521"><value>-33.144926688885874</value></Data><Data name="speed_522"><value>115.54558406388418</value></Data><Data name="speed_limit_522"><value>140</value></Data><Data name="speed_difference_522"><value>-24.454415936115822</value></Data><Data name="speed_523"><value>109.95312136054513</value></Data><Data name="speed_limit_523"><value>140</value></Data><Data name="speed_difference_523"><value>-30.046878639454874</value></Data><Data name="speed_524"><value>110.47977517148641</value></Data><Data name="speed_limit_524"><value>140</value></Data><Data name="speed_difference_524"><value>-29.52022482851359</value></Data><Data name="speed_525"><value>110.2737427394113</value></Data><Data name="speed_limit_525"><value>140</value></Data><Data name="speed_difference_525"><value>-29.726257260588696</value></Data><Data name="speed_526"><value>111.14947762471807</value></Data><Data name="speed_limit_526"><value>140</value></Data><Data name="speed_difference_526"><value>-28.850522375281926</value></Data><Data name="speed_527"><value>112.28676458209027</value></Data><Data name="speed_limit_527"><value>140</value></Data><Data name="speed_difference_527"><value>-27.71323541790973</value></Data><Data name="speed_528"><value>114.85863649332853</value></Data><Data name="speed_limit_528"><value>140</value></Data><Data name="speed_difference_528"><value>-25.141363506671468</value></Data><Data name="speed_529"><value>121.09369323619077</value></Data><Data name="speed_limit_529"><value>140</value></Data><Data name="speed_difference_529"><value>-18.906306763809226</value></Data><Data name="speed_530"><value>0.0</value></Data><Data name="speed_limit_530"><value>140</value></Data><Data name="speed_difference_530"><value>-140.0</value></Data><Data name="speed_531"><value>114.71059780780594</value></Data><Data name="speed_limit_531"><value>140</value></Data><Data name="speed_difference_531"><value>-25.28940219219406</value></Data><Data name="speed_532"><value>107.88562217045498</value></Data><Data name="speed_limit_532"><value>140</value></Data><Data name="speed_difference_532"><value>-32.11437782954502</value></Data><Data name="speed_533"><value>109.7736359039858</value></Data><Data name="speed_limit_533"><value>140</value></Data><Data name="speed_difference_533"><value>-30.226364096014194</value></Data><Data name="speed_534"><value>111.55417862090812</value></Data><Data name="speed_limit_534"><value>140</value></Data><Data name="speed_difference_534"><value>-28.445821379091882</value></Data><Data name="speed_535"><value>111.26989769645708</value></Data><Data name="speed_limit_535"><value>140</value></Data><Data name="speed_difference_535"><value>-28.73010230354292</value></Data><Data name="speed_536"><value>113.05944359250967</value></Data><Data name="speed_limit_536"><value>140</value></Data><Data name="speed_difference_536"><value>-26.940556407490334</value></Data><Data name="speed_537"><value>111.87836465062</value></Data><Data name="speed_limit_537"><value>140</value></Data><Data name="speed_difference_537"><value>-28.12163534938</value></Data><Data name="speed_538"><value>115.87638963455699</value></Data><Data name="speed_limit_538"><value>140</value></Data><Data name="speed_difference_538"><value>-24.123610365443014</value></Data><Data name="speed_539"><value>116.92663200187057</value></Data><Data name="speed_limit_539"><value>140</value></Data><Data name="speed_difference_539"><value>-23.073367998129427</value></Data><Data name="speed_540"><value>123.95135062330974</value></Data><Data name="speed_limit_540"><value>140</value></Data><Data name="speed_difference_540"><value>-16.048649376690264</value></Data><Data name="speed_541"><value>124.48126119493178</value></Data><Data name="speed_limit_541"><value>140</value></Data><Data name="speed_difference_541"><value>-15.518738805068224</value></Data><Data name="speed_542"><value>0.0</value></Data><Data name="speed_limit_542"><value>140</value></Data><Data name="speed_difference_542"><value>-140.0</value></Data><Data name="speed_543"><value>115.95518655232767</value></Data><Data name="speed_limit_543"><value>140</value></Data><Data name="speed_difference_543"><value>-24.044813447672325</value></Data><Data name="speed_544"><value>114.2363075138154</value></Data><Data name="speed_limit_544"><value>140</value></Data><Data name="speed_difference_544"><value>-25.763692486184596</value></Data><Data name="speed_545"><value>111.97389860113925</value></Data><Data name="speed_limit_545"><value>140</value></Data><Data name="speed_difference_545"><value>-28.026101398860746</value></Data><Data name="speed_546"><value>108.48354492992681</value></Data><Data name="speed_limit_546"><value>140</value></Data><Data name="speed_difference_546"><value>-31.516455070073192</value></Data><Data name="speed_547"><value>104.02923079803082</value></Data><Data name="speed_limit_547"><value>140</value></Data><Data name="speed_difference_547"><value>-35.970769201969176</value></Data><Data name="speed_548"><value>104.01457732003271</value></Data><Data name="speed_limit_548"><value>140</value></Data><Data name="speed_difference_548"><value>-35.985422679967286</value></Data><Data name="speed_549"><value>103.77150771865993</value></Data><Data name="speed_limit_549"><value>140</value></Data><Data name="speed_difference_549"><value>-36.22849228134007</value></Data><Data name="speed_550"><value>104.2308282804853</value></Data><Data name="speed_limit_550"><value>140</value></Data><Data name="speed_difference_550"><value>-35.7691717195147</value></Data><Data name="speed_551"><value>108.98023719479278</value></Data><Data name="speed_limit_551"><value>140</value></Data><Data name="speed_difference_551"><value>-31.019762805207222</value></Data><Data name="speed_552"><value>105.71698388219868</value></Data><Data name="speed_limit_552"><value>140</value></Data><Data name="speed_difference_552"><value>-34.283016117801324</value></Data><Data name="speed_553"><value>102.67608226402815</value></Data><Data name="speed_limit_553"><value>140</value></Data><Data name="speed_difference_553"><value>-37.32391773597185</value></Data><Data name="speed_554"><value>102.49704456713415</value></Data><Data name="speed_limit_554"><value>140</value></Data><Data name="speed_difference_554"><value>-37.502955432865846</value></Data><Data name="speed_555"><value>111.43683754012885</value></Data><Data name="speed_limit_555"><value>140</value></Data><Data name="speed_difference_555"><value>-28.56316245987115</value></Data><Data name="speed_556"><value>108.19601333567958</value></Data><Data name="speed_limit_556"><value>140</value></Data><Data name="speed_difference_556"><value>-31.80398666432042</value></Data><Data name="speed_557"><value>104.47904334537294</value></Data><Data name="speed_limit_557"><value>140</value></Data><Data name="speed_difference_557"><value>-35.52095665462706</value></Data><Data name="speed_558"><value>103.94335623147931</value></Data><Data name="speed_limit_558"><value>140</value></Data><Data name="speed_difference_558"><value>-36.056643768520686</value></Data><Data name="speed_559"><value>112.54226393817784</value></Data><Data name="speed_limit_559"><value>140</value></Data><Data name="speed_difference_559"><value>-27.45773606182216</value></Data><Data name="speed_560"><value>115.51817064306152</value></Data><Data name="speed_limit_560"><value>140</value></Data><Data name="speed_difference_560"><value>-24.481829356938476</value></Data><Data name="speed_561"><value>113.16268767387662</value></Data><Data name="speed_limit_561"><value>140</value></Data><Data name="speed_difference_561"><value>-26.83731232612338</value></Data><Data name="speed_562"><value>0.0</value></Data><Data name="speed_limit_562"><value>140</value></Data><Data name="speed_difference_562"><value>-140.0</value></Data><Data name="speed_563"><value>122.8022014016259</value></Data><Data name="speed_limit_563"><value>140</value></Data><Data name="speed_difference_563"><value>-17.197798598374106</value></Data><Data name="speed_564"><value>122.9411571926295</value></Data><Data name="speed_limit_564"><value>140</value></Data><Data name="speed_difference_564"><value>-17.058842807370496</value></Data><Data name="speed_565"><value>112.0066580815299</value></Data><Data name="speed_limit_565"><value>140</value></Data><Data name="speed_difference_565"><value>-27.993341918470094</value></Data><Data name="speed_566"><value>107.19133435744541</value></Data><Data name="speed_limit_566"><value>140</value></Data><Data name="speed_difference_566"><value>-32.80866564255459</value></Data><Data name="speed_567"><value>108.91252698719677</value></Data><Data name="speed_limit_567"><value>140</value></Data><Data name="speed_difference_567"><value>-31.08747301280323</value></Data><Data name="speed_568"><value>101.68357965503348</value></Data><Data name="speed_limit_568"><value>140</value></Data><Data name="speed_difference_568"><value>-38.31642034496652</value></Data><Data name="speed_569"><value>99.59262825101348</value></Data><Data name="speed_limit_569"><value>140</value></Data><Data name="speed_difference_569"><value>-40.40737174898652</value></Data><Data name="speed_570"><value>106.94168905280029</value></Data><Data name="speed_limit_570"><value>140</value></Data><Data name="speed_difference_570"><value>-33.058310947199715</value></Data><Data name="speed_571"><value>102.71018727641213</value></Data><Data name="speed_limit_571"><value>140</value></Data><Data name="speed_difference_571"><value>-37.28981272358787</value></Data><Data name="speed_572"><value>104.23898114797863</value></Data><Data name="speed_limit_572"><value>140</value></Data><Data name="speed_difference_572"><value>-35.761018852021365</value></Data><Data name="speed_573"><value>105.79274484042256</value></Data><Data name="speed_limit_573"><value>140</value></Data><Data name="speed_difference_573"><value>-34.20725515957744</value></Data><Data name="speed_574"><value>0.0</value></Data><Data name="speed_limit_574"><value>140</value></Data><Data name="speed_difference_574"><value>-140.0</value></Data><Data name="speed_575"><value>101.2203357095244</value></Data><Data name="speed_limit_575"><value>120</value></Data><Data name="speed_difference_575"><value>-18.779664290475594</value></Data><Data name="speed_576"><value>94.06870346069363</value></Data><Data name="speed_limit_576"><value>100</value></Data><Data name="speed_difference_576"><value>-5.9312965393063735</value></Data><Data name="speed_577"><value>84.35881887507377</value></Data><Data name="speed_limit_577"><value>50</value></Data><Data name="speed_difference_577"><value>34.358818875073766</value></Data><Data name="speed_578"><value>49.15248887600154</value></Data><Data name="speed_limit_578"><value>50</value></Data><Data name="speed_difference_578"><value>-0.8475111239984585</value></Data><Data name="speed_579"><value>23.243733539744436</value></Data><Data name="speed_limit_579"><value>50</value></Data><Data name="speed_difference_579"><value>-26.756266460255564</value></Data><Data name="speed_580"><value>7.327372887895874</value></Data><Data name="speed_limit_580"><value>50</value></Data><Data name="speed_difference_580"><value>-42.672627112104124</value></Data><Data name="speed_581"><value>9.055837900081526</value></Data><Data name="speed_limit_581"><value>50</value></Data><Data name="speed_difference_581"><value>-40.94416209991847</value></Data><Data name="speed_582"><value>52.934360184431654</value></Data><Data name="speed_limit_582"><value>50</value></Data><Data name="speed_difference_582"><value>2.934360184431654</value></Data><Data name="speed_583"><value>54.59541080907803</value></Data><Data name="speed_limit_583"><value>50</value></Data><Data name="speed_difference_583"><value>4.595410809078032</value></Data><Data name="speed_584"><value>66.93412876413504</value></Data><Data name="speed_limit_584"><value>70</value></Data><Data name="speed_difference_584"><value>-3.065871235864961</value></Data><Data name="speed_585"><value>78.14181309450808</value></Data><Data name="speed_limit_585"><value>70</value></Data><Data name="speed_difference_585"><value>8.14181309450808</value></Data><Data name="speed_586"><value>64.77054971983553</value></Data><Data name="speed_limit_586"><value>120</value></Data><Data name="speed_difference_586"><value>-55.22945028016447</value></Data><Data name="speed_587"><value>21.93065865645107</value></Data><Data name="speed_limit_587"><value>70</value></Data><Data name="speed_difference_587"><value>-48.06934134354893</value></Data><Data name="speed_588"><value>23.456607283913733</value></Data><Data name="speed_limit_588"><value>70</value></Data><Data name="speed_difference_588"><value>-46.54339271608627</value></Data><Data name="speed_589"><value>24.774875123401298</value></Data><Data name="speed_limit_589"><value>70</value></Data><Data name="speed_difference_589"><value>-45.2251248765987</value></Data><Data name="speed_590"><value>24.57056545288829</value></Data><Data name="speed_limit_590"><value>90</value></Data><Data name="speed_difference_590"><value>-65.42943454711171</value></Data><Data name="speed_591"><value>12.522872185226289</value></Data><Data name="speed_limit_591"><value>90</value></Data><Data name="speed_difference_591"><value>-77.47712781477371</value></Data><Data name="speed_592"><value>26.39730704243932</value></Data><Data name="speed_limit_592"><value>90</value></Data><Data name="speed_difference_592"><value>-63.60269295756068</value></Data><Data name="speed_593"><value>28.42760074012662</value></Data><Data name="speed_limit_593"><value>90</value></Data><Data name="speed_difference_593"><value>-61.57239925987338</value></Data><Data name="speed_594"><value>71.43968885668184</value></Data><Data name="speed_limit_594"><value>90</value></Data><Data name="speed_difference_594"><value>-18.56031114331816</value></Data><Data name="speed_595"><value>74.32931123157599</value></Data><Data name="speed_limit_595"><value>140</value></Data><Data name="speed_difference_595"><value>-65.67068876842401</value></Data><Data name="speed_596"><value>75.75333467018551</value></Data><Data name="speed_limit_596"><value>140</value></Data><Data name="speed_difference_596"><value>-64.24666532981449</value></Data><Data name="speed_597"><value>68.60321707944706</value></Data><Data name="speed_limit_597"><value>140</value></Data><Data name="speed_difference_597"><value>-71.39678292055294</value></Data><Data name="speed_598"><value>0.0</value></Data><Data name="speed_limit_598"><value>140</value></Data><Data name="speed_difference_598"><value>-140.0</value></Data><Data name="speed_599"><value>51.66486290524926</value></Data><Data name="speed_limit_599"><value>140</value></Data><Data name="speed_difference_599"><value>-88.33513709475073</value></Data><Data name="speed_600"><value>20.929303915459446</value></Data><Data name="speed_limit_600"><value>140</value></Data><Data name="speed_difference_600"><value>-119.07069608454056</value></Data><Data name="speed_601"><value>14.710000014260357</value></Data><Data name="speed_limit_601"><value>140</value></Data><Data name="speed_difference_601"><value>-125.28999998573964</value></Data><Data name="speed_602"><value>8.37339375506809</value></Data><Data name="speed_limit_602"><value>140</value></Data><Data name="speed_difference_602"><value>-131.6266062449319</value></Data><Data name="speed_603"><value>4.122620355181381</value></Data><Data name="speed_limit_603"><value>140</value></Data><Data name="speed_difference_603"><value>-135.87737964481863</value></Data><Data name="speed_604"><value>4.222361858463422</value></Data><Data name="speed_limit_604"><value>140</value></Data><Data name="speed_difference_604"><value>-135.77763814153658</value></Data><Data name="speed_605"><value>4.023233230807562</value></Data><Data name="speed_limit_605"><value>140</value></Data><Data name="speed_difference_605"><value>-135.97676676919244</value></Data><Data name="speed_606"><value>3.5788081002513454</value></Data><Data name="speed_limit_606"><value>140</value></Data><Data name="speed_difference_606"><value>-136.42119189974866</value></Data><Data name="speed_607"><value>11.855234478325443</value></Data><Data name="speed_limit_607"><value>140</value></Data><Data name="speed_difference_607"><value>-128.14476552167457</value></Data><Data name="speed_608"><value>3.7818647050602037</value></Data><Data name="speed_limit_608"><value>140</value></Data><Data name="speed_difference_608"><value>-136.2181352949398</value></Data><Data name="speed_609"><value>9.94983850523568</value></Data><Data name="speed_limit_609"><value>140</value></Data><Data name="speed_difference_609"><value>-130.05016149476432</value></Data><Data name="speed_610"><value>3.6790801120665826</value></Data><Data name="speed_limit_610"><value>50</value></Data><Data name="speed_difference_610"><value>-46.320919887933414</value></Data><Data name="speed_611"><value>4.124022624872936</value></Data><Data name="speed_limit_611"><value>50</value></Data><Data name="speed_difference_611"><value>-45.875977375127064</value></Data><Data name="speed_612"><value>4.879376623959528</value></Data><Data name="speed_limit_612"><value>50</value></Data><Data name="speed_difference_612"><value>-45.12062337604047</value></Data><Data name="speed_613"><value>4.463092393044502</value></Data><Data name="speed_limit_613"><value>50</value></Data><Data name="speed_difference_613"><value>-45.536907606955495</value></Data><Data name="speed_614"><value>4.569553023560891</value></Data><Data name="speed_limit_614"><value>50</value></Data><Data name="speed_difference_614"><value>-45.43044697643911</value></Data><Data name="speed_615"><value>8.952796055283844</value></Data><Data name="speed_limit_615"><value>50</value></Data><Data name="speed_difference_615"><value>-41.04720394471616</value></Data><Data name="speed_616"><value>26.566582850338335</value></Data><Data name="speed_limit_616"><value>50</value></Data><Data name="speed_difference_616"><value>-23.433417149661665</value></Data><Data name="speed_617"><value>34.12669976229442</value></Data><Data name="speed_limit_617"><value>50</value></Data><Data name="speed_difference_617"><value>-15.873300237705578</value></Data><Data name="speed_618"><value>16.844871292616467</value></Data><Data name="speed_limit_618"><value>50</value></Data><Data name="speed_difference_618"><value>-33.15512870738353</value></Data><Data name="speed_619"><value>8.651290052295565</value></Data><Data name="speed_limit_619"><value>60</value></Data><Data name="speed_difference_619"><value>-51.348709947704435</value></Data><Data name="speed_620"><value>4.982833396565463</value></Data><Data name="speed_limit_620"><value>60</value></Data><Data name="speed_difference_620"><value>-55.01716660343454</value></Data><Data name="speed_621"><value>0.0</value></Data><Data name="speed_limit_621"><value>60</value></Data><Data name="speed_difference_621"><value>-60.0</value></Data><Data name="speed_622"><value>12.74225179474639</value></Data><Data name="speed_limit_622"><value>60</value></Data><Data name="speed_difference_622"><value>-47.25774820525361</value></Data><Data name="speed_623"><value>25.553549128323308</value></Data><Data name="speed_limit_623"><value>60</value></Data><Data name="speed_difference_623"><value>-34.44645087167669</value></Data><Data name="speed_624"><value>27.14072843556718</value></Data><Data name="speed_limit_624"><value>60</value></Data><Data name="speed_difference_624"><value>-32.85927156443282</value></Data><Data name="speed_625"><value>27.53886647756416</value></Data><Data name="speed_limit_625"><value>60</value></Data><Data name="speed_difference_625"><value>-32.461133522435844</value></Data><Data name="speed_626"><value>6.955525466244533</value></Data><Data name="speed_limit_626"><value>60</value></Data><Data name="speed_difference_626"><value>-53.04447453375547</value></Data><Data name="speed_627"><value>4.097045685332224</value></Data><Data name="speed_limit_627"><value>60</value></Data><Data name="speed_difference_627"><value>-55.902954314667774</value></Data><Data name="speed_628"><value>20.46067241190012</value></Data><Data name="speed_limit_628"><value>60</value></Data><Data name="speed_difference_628"><value>-39.53932758809988</value></Data><Data name="speed_629"><value>27.95825879951709</value></Data><Data name="speed_limit_629"><value>60</value></Data><Data name="speed_difference_629"><value>-32.04174120048291</value></Data><Data name="speed_630"><value>3.9984049823447507</value></Data><Data name="speed_limit_630"><value>20</value></Data><Data name="speed_difference_630"><value>-16.001595017655248</value></Data><Data name="speed_631"><value>2.550358418445028</value></Data><Data name="speed_limit_631"><value>20</value></Data><Data name="speed_difference_631"><value>-17.44964158155497</value></Data><Data name="speed_632"><value>2.2029657667103115</value></Data><Data name="speed_limit_632"><value>20</value></Data><Data name="speed_difference_632"><value>-17.79703423328969</value></Data><Data name="speed_633"><value>11.865840052908684</value></Data><Data name="speed_limit_633"><value>20</value></Data><Data name="speed_difference_633"><value>-8.134159947091316</value></Data><Data name="speed_634"><value>2.1256244902247596</value></Data><Data name="speed_limit_634"><value>20</value></Data><Data name="speed_difference_634"><value>-17.87437550977524</value></Data><Data name="speed_635"><value>11.572100133421365</value></Data><Data name="speed_limit_635"><value>20</value></Data><Data name="speed_difference_635"><value>-8.427899866578635</value></Data><Data name="speed_636"><value>17.332810624645425</value></Data><Data name="speed_limit_636"><value>20</value></Data><Data name="speed_difference_636"><value>-2.6671893753545746</value></Data><Data name="speed_637"><value>56.702136648344585</value></Data><Data name="speed_limit_637"><value>20</value></Data><Data name="speed_difference_637"><value>36.702136648344585</value></Data><Data name="speed_638"><value>15.757679667580666</value></Data><Data name="speed_limit_638"><value>20</value></Data><Data name="speed_difference_638"><value>-4.242320332419334</value></Data><Data name="speed_639"><value>9.768383380647062</value></Data><Data name="speed_limit_639"><value>20</value></Data><Data name="speed_difference_639"><value>-10.231616619352938</value></Data><Data name="speed_640"><value>0.0</value></Data><Data name="speed_limit_640"><value>50</value></Data><Data name="speed_difference_640"><value>-50.0</value></Data><Data name="speed_641"><value>19.6346290414935</value></Data><Data name="speed_limit_641"><value>50</value></Data><Data name="speed_difference_641"><value>-30.3653709585065</value></Data><Data name="speed_642"><value>0.0</value></Data><Data name="speed_limit_642"><value>50</value></Data><Data name="speed_difference_642"><value>-50.0</value></Data><Data name="speed_643"><value>19.321052968263533</value></Data><Data name="speed_limit_643"><value>50</value></Data><Data name="speed_difference_643"><value>-30.678947031736467</value></Data><Data name="speed_644"><value>0.0</value></Data><Data name="speed_limit_644"><value>50</value></Data><Data name="speed_difference_644"><value>-50.0</value></Data><Data name="speed_645"><value>5.645728675125441</value></Data><Data name="speed_limit_645"><value>60</value></Data><Data name="speed_difference_645"><value>-54.35427132487456</value></Data><Data name="speed_646"><value>0.0</value></Data><Data name="speed_limit_646"><value>60</value></Data><Data name="speed_difference_646"><value>-60.0</value></Data><Data name="speed_647"><value>6.339340611654034</value></Data><Data name="speed_limit_647"><value>60</value></Data><Data name="speed_difference_647"><value>-53.66065938834596</value></Data><Data name="speed_648"><value>0.0</value></Data><Data name="speed_limit_648"><value>60</value></Data><Data name="speed_difference_648"><value>-60.0</value></Data><Data name="speed_649"><value>2.9109839237033763</value></Data><Data name="speed_limit_649"><value>60</value></Data><Data name="speed_difference_649"><value>-57.08901607629662</value></Data><Data name="speed_650"><value>0.0</value></Data><Data name="speed_limit_650"><value>60</value></Data><Data name="speed_difference_650"><value>-60.0</value></Data><Data name="speed_651"><value>6.425718088607944</value></Data><Data name="speed_limit_651"><value>60</value></Data><Data name="speed_difference_651"><value>-53.574281911392056</value></Data><Data name="speed_652"><value>0.0</value></Data><Data name="speed_limit_652"><value>60</value></Data><Data name="speed_difference_652"><value>-60.0</value></Data><Data name="speed_653"><value>3.9530240582869265</value></Data><Data name="speed_limit_653"><value>60</value></Data><Data name="speed_difference_653"><value>-56.04697594171307</value></Data><Data name="speed_654"><value>0.0</value></Data><Data name="speed_limit_654"><value>60</value></Data><Data name="speed_difference_654"><value>-60.0</value></Data><Data name="speed_655"><value>9.804893403840765</value></Data><Data name="speed_limit_655"><value>60</value></Data><Data name="speed_difference_655"><value>-50.195106596159235</value></Data><Data name="speed_656"><value>0.0</value></Data><Data name="speed_limit_656"><value>60</value></Data><Data name="speed_difference_656"><value>-60.0</value></Data><Data name="speed_657"><value>15.944393041806434</value></Data><Data name="speed_limit_657"><value>60</value></Data><Data name="speed_difference_657"><value>-44.055606958193565</value></Data><Data name="speed_658"><value>0.0</value></Data><Data name="speed_limit_658"><value>60</value></Data><Data name="speed_difference_658"><value>-60.0</value></Data><Data name="speed_659"><value>47.3511770751021</value></Data><Data name="speed_limit_659"><value>60</value></Data><Data name="speed_difference_659"><value>-12.6488229248979</value></Data><Data name="speed_660"><value>0.0</value></Data><Data name="speed_limit_660"><value>140</value></Data><Data name="speed_difference_660"><value>-140.0</value></Data><Data name="speed_661"><value>8.891673376047164</value></Data><Data name="speed_limit_661"><value>140</value></Data><Data name="speed_difference_661"><value>-131.10832662395285</value></Data><Data name="speed_662"><value>0.0</value></Data><Data name="speed_limit_662"><value>140</value></Data><Data name="speed_difference_662"><value>-140.0</value></Data><Data name="speed_663"><value>9.599091990592454</value></Data><Data name="speed_limit_663"><value>140</value></Data><Data name="speed_difference_663"><value>-130.40090800940754</value></Data><Data name="speed_664"><value>0.0</value></Data><Data name="speed_limit_664"><value>140</value></Data><Data name="speed_difference_664"><value>-140.0</value></Data><Data name="speed_665"><value>10.070751563560993</value></Data><Data name="speed_limit_665"><value>140</value></Data><Data name="speed_difference_665"><value>-129.929248436439</value></Data><Data name="speed_666"><value>0.0</value></Data><Data name="speed_limit_666"><value>140</value></Data><Data name="speed_difference_666"><value>-140.0</value></Data><Data name="speed_667"><value>29.967961873677837</value></Data><Data name="speed_limit_667"><value>140</value></Data><Data name="speed_difference_667"><value>-110.03203812632216</value></Data><Data name="speed_668"><value>0.0</value></Data><Data name="speed_limit_668"><value>140</value></Data><Data name="speed_difference_668"><value>-140.0</value></Data><Data name="speed_669"><value>19.709605839674392</value></Data><Data name="speed_limit_669"><value>140</value></Data><Data name="speed_difference_669"><value>-120.2903941603256</value></Data><Data name="speed_670"><value>0.0</value></Data><Data name="speed_limit_670"><value>50</value></Data><Data name="speed_difference_670"><value>-50.0</value></Data><Data name="speed_671"><value>9.73042743655229</value></Data><Data name="speed_limit_671"><value>50</value></Data><Data name="speed_difference_671"><value>-40.26957256344771</value></Data><Data name="speed_672"><value>0.0</value></Data><Data name="speed_limit_672"><value>50</value></Data><Data name="speed_difference_672"><value>-50.0</value></Data><Data name="speed_673"><value>10.896077409978496</value></Data><Data name="speed_limit_673"><value>50</value></Data><Data name="speed_difference_673"><value>-39.103922590021504</value></Data><Data name="speed_674"><value>0.0</value></Data><Data name="speed_limit_674"><value>50</value></Data><Data name="speed_difference_674"><value>-50.0</value></Data><Data name="speed_675"><value>10.702252951679291</value></Data><Data name="speed_limit_675"><value>50</value></Data><Data name="speed_difference_675"><value>-39.29774704832071</value></Data><Data name="speed_676"><value>0.0</value></Data><Data name="speed_limit_676"><value>50</value></Data><Data name="speed_difference_676"><value>-50.0</value></Data><Data name="speed_677"><value>35.81441288719912</value></Data><Data name="speed_limit_677"><value>50</value></Data><Data name="speed_difference_677"><value>-14.185587112800881</value></Data><Data name="speed_678"><value>0.0</value></Data><Data name="speed_limit_678"><value>50</value></Data><Data name="speed_difference_678"><value>-50.0</value></Data><Data name="speed_679"><value>9.067434906550545</value></Data><Data name="speed_limit_679"><value>50</value></Data><Data name="speed_difference_679"><value>-40.932565093449455</value></Data><Data name="speed_680"><value>0.0</value></Data><Data name="speed_limit_680"><value>140</value></Data><Data name="speed_difference_680"><value>-140.0</value></Data><Data name="speed_681"><value>10.531297331928304</value></Data><Data name="speed_limit_681"><value>140</value></Data><Data name="speed_difference_681"><value>-129.4687026680717</value></Data><Data name="speed_682"><value>0.0</value></Data><Data name="speed_limit_682"><value>140</value></Data><Data name="speed_difference_682"><value>-140.0</value></Data><Data name="speed_683"><value>44.64929955210258</value></Data><Data name="speed_limit_683"><value>140</value></Data><Data name="speed_difference_683"><value>-95.35070044789742</value></Data><Data name="speed_684"><value>0.0</value></Data><Data name="speed_limit_684"><value>140</value></Data><Data name="speed_difference_684"><value>-140.0</value></Data><Data name="speed_685"><value>23.739723453374346</value></Data><Data name="speed_limit_685"><value>140</value></Data><Data name="speed_difference_685"><value>-116.26027654662565</value></Data><Data name="speed_686"><value>0.0</value></Data><Data name="speed_limit_686"><value>140</value></Data><Data name="speed_difference_686"><value>-140.0</value></Data><Data name="speed_687"><value>0.0</value></Data><Data name="speed_limit_687"><value>140</value></Data><Data name="speed_difference_687"><value>-140.0</value></Data><Data name="speed_688"><value>91.88741574833735</value></Data><Data name="speed_limit_688"><value>140</value></Data><Data name="speed_difference_688"><value>-48.11258425166265</value></Data><Data name="speed_689"><value>0.0</value></Data><Data name="speed_limit_689"><value>140</value></Data><Data name="speed_difference_689"><value>-140.0</value></Data><Data name="speed_690"><value>94.26493524245204</value></Data><Data name="speed_limit_690"><value>140</value></Data><Data name="speed_difference_690"><value>-45.73506475754796</value></Data><Data name="speed_691"><value>0.0</value></Data><Data name="speed_limit_691"><value>140</value></Data><Data name="speed_difference_691"><value>-140.0</value></Data><Data name="speed_692"><value>91.93984252778239</value></Data><Data name="speed_limit_692"><value>140</value></Data><Data name="speed_difference_692"><value>-48.06015747221761</value></Data><Data name="speed_693"><value>0.0</value></Data><Data name="speed_limit_693"><value>120</value></Data><Data name="speed_difference_693"><value>-120.0</value></Data><Data name="speed_694"><value>65.9397530448087</value></Data><Data name="speed_limit_694"><value>90</value></Data><Data name="speed_difference_694"><value>-24.060246955191303</value></Data><Data name="speed_695"><value>0.0</value></Data><Data name="speed_limit_695"><value>90</value></Data><Data name="speed_difference_695"><value>-90.0</value></Data><Data name="speed_696"><value>33.07927500302563</value></Data><Data name="speed_limit_696"><value>90</value></Data><Data name="speed_difference_696"><value>-56.92072499697437</value></Data><Data name="speed_697"><value>0.0</value></Data><Data name="speed_limit_697"><value>90</value></Data><Data name="speed_difference_697"><value>-90.0</value></Data><Data name="speed_698"><value>32.973462783187436</value></Data><Data name="speed_limit_698"><value>90</value></Data><Data name="speed_difference_698"><value>-57.026537216812564</value></Data><Data name="speed_699"><value>0.0</value></Data><Data name="speed_limit_699"><value>60</value></Data><Data name="speed_difference_699"><value>-60.0</value></Data><Data name="speed_700"><value>34.04788298109005</value></Data><Data name="speed_limit_700"><value>60</value></Data><Data name="speed_difference_700"><value>-25.952117018909952</value></Data><Data name="speed_701"><value>0.0</value></Data><Data name="speed_limit_701"><value>60</value></Data><Data name="speed_difference_701"><value>-60.0</value></Data><Data name="speed_702"><value>33.06942837450754</value></Data><Data name="speed_limit_702"><value>60</value></Data><Data name="speed_difference_702"><value>-26.930571625492462</value></Data><Data name="speed_703"><value>0.0</value></Data><Data name="speed_limit_703"><value>60</value></Data><Data name="speed_difference_703"><value>-60.0</value></Data><Data name="speed_704"><value>31.48424829736399</value></Data><Data name="speed_limit_704"><value>60</value></Data><Data name="speed_difference_704"><value>-28.51575170263601</value></Data><Data name="speed_705"><value>0.0</value></Data><Data name="speed_limit_705"><value>60</value></Data><Data name="speed_difference_705"><value>-60.0</value></Data><Data name="speed_706"><value>31.435972059197926</value></Data><Data name="speed_limit_706"><value>60</value></Data><Data name="speed_difference_706"><value>-28.564027940802074</value></Data><Data name="speed_707"><value>0.0</value></Data><Data name="speed_limit_707"><value>60</value></Data><Data name="speed_difference_707"><value>-60.0</value></Data><Data name="speed_708"><value>30.756914597567206</value></Data><Data name="speed_limit_708"><value>60</value></Data><Data name="speed_difference_708"><value>-29.243085402432794</value></Data><Data name="speed_709"><value>0.0</value></Data><Data name="speed_limit_709"><value>60</value></Data><Data name="speed_difference_709"><value>-60.0</value></Data><Data name="speed_710"><value>31.03568504063692</value></Data><Data name="speed_limit_710"><value>60</value></Data><Data name="speed_difference_710"><value>-28.96431495936308</value></Data><Data name="speed_711"><value>0.0</value></Data><Data name="speed_limit_711"><value>60</value></Data><Data name="speed_difference_711"><value>-60.0</value></Data><Data name="speed_712"><value>15.558322521557196</value></Data><Data name="speed_limit_712"><value>60</value></Data><Data name="speed_difference_712"><value>-44.441677478442806</value></Data><Data name="speed_713"><value>0.0</value></Data><Data name="speed_limit_713"><value>60</value></Data><Data name="speed_difference_713"><value>-60.0</value></Data><Data name="speed_714"><value>68.77886731840275</value></Data><Data name="speed_limit_714"><value>60</value></Data><Data name="speed_difference_714"><value>8.778867318402746</value></Data><Data name="speed_715"><value>0.0</value></Data><Data name="speed_limit_715"><value>60</value></Data><Data name="speed_difference_715"><value>-60.0</value></Data><Data name="speed_716"><value>33.76720103924668</value></Data><Data name="speed_limit_716"><value>60</value></Data><Data name="speed_difference_716"><value>-26.23279896075332</value></Data><Data name="speed_717"><value>0.0</value></Data><Data name="speed_limit_717"><value>70</value></Data><Data name="speed_difference_717"><value>-70.0</value></Data><Data name="speed_718"><value>79.39208810831464</value></Data><Data name="speed_limit_718"><value>60</value></Data><Data name="speed_difference_718"><value>19.39208810831464</value></Data><Data name="speed_719"><value>0.0</value></Data><Data name="speed_limit_719"><value>50</value></Data><Data name="speed_difference_719"><value>-50.0</value></Data><Data name="speed_720"><value>60.362295712151926</value></Data><Data name="speed_limit_720"><value>50</value></Data><Data name="speed_difference_720"><value>10.362295712151926</value></Data><Data name="speed_721"><value>0.0</value></Data><Data name="speed_limit_721"><value>50</value></Data><Data name="speed_difference_721"><value>-50.0</value></Data><Data name="speed_722"><value>27.782349204585252</value></Data><Data name="speed_limit_722"><value>50</value></Data><Data name="speed_difference_722"><value>-22.217650795414748</value></Data><Data name="speed_723"><value>0.0</value></Data><Data name="speed_limit_723"><value>50</value></Data><Data name="speed_difference_723"><value>-50.0</value></Data><Data name="speed_724"><value>1.700549236287718</value></Data><Data name="speed_limit_724"><value>50</value></Data><Data name="speed_difference_724"><value>-48.29945076371228</value></Data><Data name="speed_725"><value>0.0</value></Data><Data name="speed_limit_725"><value>50</value></Data><Data name="speed_difference_725"><value>-50.0</value></Data><Data name="speed_726"><value>4.786791017489066</value></Data><Data name="speed_limit_726"><value>50</value></Data><Data name="speed_difference_726"><value>-45.213208982510935</value></Data><Data name="speed_727"><value>0.0</value></Data><Data name="speed_limit_727"><value>50</value></Data><Data name="speed_difference_727"><value>-50.0</value></Data><Data name="speed_728"><value>54.8837458208297</value></Data><Data name="speed_limit_728"><value>50</value></Data><Data name="speed_difference_728"><value>4.883745820829702</value></Data><Data name="speed_729"><value>0.0</value></Data><Data name="speed_limit_729"><value>50</value></Data><Data name="speed_difference_729"><value>-50.0</value></Data><Data name="speed_730"><value>59.2479604622997</value></Data><Data name="speed_limit_730"><value>50</value></Data><Data name="speed_difference_730"><value>9.247960462299702</value></Data><Data name="speed_731"><value>0.0</value></Data><Data name="speed_limit_731"><value>50</value></Data><Data name="speed_difference_731"><value>-50.0</value></Data><Data name="speed_732"><value>60.98632179315428</value></Data><Data name="speed_limit_732"><value>50</value></Data><Data name="speed_difference_732"><value>10.986321793154282</value></Data><Data name="speed_733"><value>0.0</value></Data><Data name="speed_limit_733"><value>140</value></Data><Data name="speed_difference_733"><value>-140.0</value></Data><Data name="speed_734"><value>64.7025790170478</value></Data><Data name="speed_limit_734"><value>140</value></Data><Data name="speed_difference_734"><value>-75.2974209829522</value></Data><Data name="speed_735"><value>0.0</value></Data><Data name="speed_limit_735"><value>140</value></Data><Data name="speed_difference_735"><value>-140.0</value></Data><Data name="speed_736"><value>71.18901258356381</value></Data><Data name="speed_limit_736"><value>140</value></Data><Data name="speed_difference_736"><value>-68.81098741643619</value></Data><Data name="speed_737"><value>0.0</value></Data><Data name="speed_limit_737"><value>140</value></Data><Data name="speed_difference_737"><value>-140.0</value></Data><Data name="speed_738"><value>0.0</value></Data><Data name="speed_limit_738"><value>140</value></Data><Data name="speed_difference_738"><value>-140.0</value></Data><Data name="speed_739"><value>73.93573807534703</value></Data><Data name="speed_limit_739"><value>140</value></Data><Data name="speed_difference_739"><value>-66.06426192465297</value></Data><Data name="speed_740"><value>31.175480013382202</value></Data><Data name="speed_limit_740"><value>140</value></Data><Data name="speed_difference_740"><value>-108.8245199866178</value></Data><Data name="speed_741"><value>10.365149209139323</value></Data><Data name="speed_limit_741"><value>140</value></Data><Data name="speed_difference_741"><value>-129.63485079086067</value></Data><Data name="speed_742"><value>4.855042305040785</value></Data><Data name="speed_limit_742"><value>140</value></Data><Data name="speed_difference_742"><value>-135.1449576949592</value></Data><Data name="speed_743"><value>32.8296068161985</value></Data><Data name="speed_limit_743"><value>140</value></Data><Data name="speed_difference_743"><value>-107.17039318380151</value></Data><Data name="speed_744"><value>36.53341064251527</value></Data><Data name="speed_limit_744"><value>140</value></Data><Data name="speed_difference_744"><value>-103.46658935748474</value></Data><Data name="speed_745"><value>0.0</value></Data><Data name="speed_limit_745"><value>140</value></Data><Data name="speed_difference_745"><value>-140.0</value></Data><Data name="speed_746"><value>25.58068881221807</value></Data><Data name="speed_limit_746"><value>140</value></Data><Data name="speed_difference_746"><value>-114.41931118778193</value></Data><Data name="speed_747"><value>0.0</value></Data><Data name="speed_limit_747"><value>140</value></Data><Data name="speed_difference_747"><value>-140.0</value></Data><Data name="speed_748"><value>0.0</value></Data><Data name="speed_limit_748"><value>140</value></Data><Data name="speed_difference_748"><value>-140.0</value></Data><Data name="speed_749"><value>0.0</value></Data><Data name="speed_limit_749"><value>140</value></Data><Data name="speed_difference_749"><value>-140.0</value></Data><Data name="speed_750"><value>0.0</value></Data><Data name="speed_limit_750"><value>50</value></Data><Data name="speed_difference_750"><value>-50.0</value></Data><Data name="speed_751"><value>0.0</value></Data><Data name="speed_limit_751"><value>50</value></Data><Data name="speed_difference_751"><value>-50.0</value></Data><Data name="speed_752"><value>0.0</value></Data><Data name="speed_limit_752"><value>50</value></Data><Data name="speed_difference_752"><value>-50.0</value></Data><Data name="speed_753"><value>4.169460910572196</value></Data><Data name="speed_limit_753"><value>50</value></Data><Data name="speed_difference_753"><value>-45.8305390894278</value></Data><Data name="speed_754"><value>0.0</value></Data><Data name="speed_limit_754"><value>50</value></Data><Data name="speed_difference_754"><value>-50.0</value></Data><Data name="speed_755"><value>5.68622082731722</value></Data><Data name="speed_limit_755"><value>50</value></Data><Data name="speed_difference_755"><value>-44.31377917268278</value></Data><Data name="speed_756"><value>0.0</value></Data><Data name="speed_limit_756"><value>50</value></Data><Data name="speed_difference_756"><value>-50.0</value></Data><Data name="speed_757"><value>12.144016185341686</value></Data><Data name="speed_limit_757"><value>50</value></Data><Data name="speed_difference_757"><value>-37.855983814658316</value></Data><Data name="speed_758"><value>0.0</value></Data><Data name="speed_limit_758"><value>50</value></Data><Data name="speed_difference_758"><value>-50.0</value></Data><Data name="speed_759"><value>6.040517921360447</value></Data><Data name="speed_limit_759"><value>50</value></Data><Data name="speed_difference_759"><value>-43.95948207863955</value></Data><Data name="speed_760"><value>0.0</value></Data><Data name="speed_limit_760"><value>140</value></Data><Data name="speed_difference_760"><value>-140.0</value></Data><Data name="speed_761"><value>7.692549722821391</value></Data><Data name="speed_limit_761"><value>140</value></Data><Data name="speed_difference_761"><value>-132.30745027717862</value></Data><Data name="speed_762"><value>0.0</value></Data><Data name="speed_limit_762"><value>140</value></Data><Data name="speed_difference_762"><value>-140.0</value></Data><Data name="speed_763"><value>10.388566747787861</value></Data><Data name="speed_limit_763"><value>140</value></Data><Data name="speed_difference_763"><value>-129.61143325221215</value></Data><Data name="speed_764"><value>0.0</value></Data><Data name="speed_limit_764"><value>140</value></Data><Data name="speed_difference_764"><value>-140.0</value></Data><Data name="speed_765"><value>81.80113336316865</value></Data><Data name="speed_limit_765"><value>140</value></Data><Data name="speed_difference_765"><value>-58.198866636831355</value></Data><Data name="speed_766"><value>0.0</value></Data><Data name="speed_limit_766"><value>140</value></Data><Data name="speed_difference_766"><value>-140.0</value></Data><Data name="speed_767"><value>95.48309213860283</value></Data><Data name="speed_limit_767"><value>140</value></Data><Data name="speed_difference_767"><value>-44.51690786139717</value></Data><Data name="speed_768"><value>0.0</value></Data><Data name="speed_limit_768"><value>140</value></Data><Data name="speed_difference_768"><value>-140.0</value></Data><Data name="speed_769"><value>110.80185026033857</value></Data><Data name="speed_limit_769"><value>140</value></Data><Data name="speed_difference_769"><value>-29.19814973966143</value></Data><Data name="speed_770"><value>0.0</value></Data><Data name="speed_limit_770"><value>140</value></Data><Data name="speed_difference_770"><value>-140.0</value></Data><Data name="speed_771"><value>116.26389769466509</value></Data><Data name="speed_limit_771"><value>140</value></Data><Data name="speed_difference_771"><value>-23.73610230533491</value></Data><Data name="speed_772"><value>0.0</value></Data><Data name="speed_limit_772"><value>140</value></Data><Data name="speed_difference_772"><value>-140.0</value></Data><Data name="speed_773"><value>108.86348123243211</value></Data><Data name="speed_limit_773"><value>140</value></Data><Data name="speed_difference_773"><value>-31.136518767567892</value></Data><Data name="speed_774"><value>0.0</value></Data><Data name="speed_limit_774"><value>140</value></Data><Data name="speed_difference_774"><value>-140.0</value></Data><Data name="speed_775"><value>101.48596103614129</value></Data><Data name="speed_limit_775"><value>140</value></Data><Data name="speed_difference_775"><value>-38.51403896385871</value></Data><Data name="speed_776"><value>0.0</value></Data><Data name="speed_limit_776"><value>140</value></Data><Data name="speed_difference_776"><value>-140.0</value></Data><Data name="speed_777"><value>99.43206650347302</value></Data><Data name="speed_limit_777"><value>140</value></Data><Data name="speed_difference_777"><value>-40.567933496526976</value></Data><Data name="speed_778"><value>0.0</value></Data><Data name="speed_limit_778"><value>140</value></Data><Data name="speed_difference_778"><value>-140.0</value></Data><Data name="speed_779"><value>104.18430248153783</value></Data><Data name="speed_limit_779"><value>140</value></Data><Data name="speed_difference_779"><value>-35.81569751846217</value></Data><Data name="speed_780"><value>102.43382228061871</value></Data><Data name="speed_limit_780"><value>140</value></Data><Data name="speed_difference_780"><value>-37.56617771938129</value></Data><Data name="speed_781"><value>105.78459212603353</value></Data><Data name="speed_limit_781"><value>140</value></Data><Data name="speed_difference_781"><value>-34.21540787396647</value></Data><Data name="speed_782"><value>0.0</value></Data><Data name="speed_limit_782"><value>140</value></Data><Data name="speed_difference_782"><value>-140.0</value></Data><Data name="speed_783"><value>108.11352940783115</value></Data><Data name="speed_limit_783"><value>140</value></Data><Data name="speed_difference_783"><value>-31.88647059216885</value></Data><Data name="speed_784"><value>0.0</value></Data><Data name="speed_limit_784"><value>140</value></Data><Data name="speed_difference_784"><value>-140.0</value></Data><Data name="speed_785"><value>115.08748793835714</value></Data><Data name="speed_limit_785"><value>140</value></Data><Data name="speed_difference_785"><value>-24.912512061642857</value></Data><Data name="speed_786"><value>114.43765635820135</value></Data><Data name="speed_limit_786"><value>140</value></Data><Data name="speed_difference_786"><value>-25.56234364179865</value></Data><Data name="speed_787"><value>115.2188693925287</value></Data><Data name="speed_limit_787"><value>140</value></Data><Data name="speed_difference_787"><value>-24.781130607471297</value></Data><Data name="speed_788"><value>112.65925307993936</value></Data><Data name="speed_limit_788"><value>140</value></Data><Data name="speed_difference_788"><value>-27.34074692006064</value></Data><Data name="speed_789"><value>114.80558060288871</value></Data><Data name="speed_limit_789"><value>140</value></Data><Data name="speed_difference_789"><value>-25.19441939711129</value></Data><Data name="speed_790"><value>110.22995222885649</value></Data><Data name="speed_limit_790"><value>140</value></Data><Data name="speed_difference_790"><value>-29.77004777114351</value></Data><Data name="speed_791"><value>108.15820088730422</value></Data><Data name="speed_limit_791"><value>140</value></Data><Data name="speed_difference_791"><value>-31.84179911269578</value></Data><Data name="speed_792"><value>105.87629893947543</value></Data><Data name="speed_limit_792"><value>140</value></Data><Data name="speed_difference_792"><value>-34.12370106052457</value></Data><Data name="speed_793"><value>106.66106314067036</value></Data><Data name="speed_limit_793"><value>140</value></Data><Data name="speed_difference_793"><value>-33.338936859329635</value></Data><Data name="speed_794"><value>102.99220014010581</value></Data><Data name="speed_limit_794"><value>140</value></Data><Data name="speed_difference_794"><value>-37.00779985989419</value></Data><Data name="speed_795"><value>108.53083084102673</value></Data><Data name="speed_limit_795"><value>140</value></Data><Data name="speed_difference_795"><value>-31.469169158973273</value></Data><Data name="speed_796"><value>106.72073724640187</value></Data><Data name="speed_limit_796"><value>140</value></Data><Data name="speed_difference_796"><value>-33.27926275359813</value></Data><Data name="speed_797"><value>0.0</value></Data><Data name="speed_limit_797"><value>140</value></Data><Data name="speed_difference_797"><value>-140.0</value></Data><Data name="speed_798"><value>107.14590812724418</value></Data><Data name="speed_limit_798"><value>140</value></Data><Data name="speed_difference_798"><value>-32.854091872755816</value></Data><Data name="speed_799"><value>110.22309940401706</value></Data><Data name="speed_limit_799"><value>140</value></Data><Data name="speed_difference_799"><value>-29.776900595982937</value></Data><Data name="speed_800"><value>110.5640617625478</value></Data><Data name="speed_limit_800"><value>140</value></Data><Data name="speed_difference_800"><value>-29.435938237452206</value></Data><Data name="speed_801"><value>124.23515316502622</value></Data><Data name="speed_limit_801"><value>140</value></Data><Data name="speed_difference_801"><value>-15.764846834973781</value></Data><Data name="speed_802"><value>133.75626432762908</value></Data><Data name="speed_limit_802"><value>140</value></Data><Data name="speed_difference_802"><value>-6.243735672370917</value></Data><Data name="speed_803"><value>127.02605548943842</value></Data><Data name="speed_limit_803"><value>140</value></Data><Data name="speed_difference_803"><value>-12.97394451056158</value></Data><Data name="speed_804"><value>115.9787517118489</value></Data><Data name="speed_limit_804"><value>140</value></Data><Data name="speed_difference_804"><value>-24.0212482881511</value></Data><Data name="speed_805"><value>104.86475019489966</value></Data><Data name="speed_limit_805"><value>140</value></Data><Data name="speed_difference_805"><value>-35.135249805100344</value></Data><Data name="speed_806"><value>109.86022971848747</value></Data><Data name="speed_limit_806"><value>140</value></Data><Data name="speed_difference_806"><value>-30.139770281512526</value></Data><Data name="speed_807"><value>128.1427968917227</value></Data><Data name="speed_limit_807"><value>140</value></Data><Data name="speed_difference_807"><value>-11.857203108277304</value></Data><Data name="speed_808"><value>105.3708854713812</value></Data><Data name="speed_limit_808"><value>140</value></Data><Data name="speed_difference_808"><value>-34.6291145286188</value></Data><Data name="speed_809"><value>92.95303516235658</value></Data><Data name="speed_limit_809"><value>140</value></Data><Data name="speed_difference_809"><value>-47.046964837643415</value></Data><Data name="speed_810"><value>91.78354395917461</value></Data><Data name="speed_limit_810"><value>140</value></Data><Data name="speed_difference_810"><value>-48.21645604082539</value></Data><Data name="speed_811"><value>89.19540573918523</value></Data><Data name="speed_limit_811"><value>140</value></Data><Data name="speed_difference_811"><value>-50.80459426081477</value></Data><Data name="speed_812"><value>92.64868667039673</value></Data><Data name="speed_limit_812"><value>140</value></Data><Data name="speed_difference_812"><value>-47.35131332960327</value></Data><Data name="speed_813"><value>91.74266568478042</value></Data><Data name="speed_limit_813"><value>140</value></Data><Data name="speed_difference_813"><value>-48.25733431521958</value></Data><Data name="speed_814"><value>89.19511347212634</value></Data><Data name="speed_limit_814"><value>140</value></Data><Data name="speed_difference_814"><value>-50.80488652787366</value></Data><Data name="speed_815"><value>103.06073762771732</value></Data><Data name="speed_limit_815"><value>140</value></Data><Data name="speed_difference_815"><value>-36.939262372282684</value></Data><Data name="speed_816"><value>0.0</value></Data><Data name="speed_limit_816"><value>140</value></Data><Data name="speed_difference_816"><value>-140.0</value></Data><Data name="speed_817"><value>115.81411129693645</value></Data><Data name="speed_limit_817"><value>140</value></Data><Data name="speed_difference_817"><value>-24.185888703063554</value></Data><Data name="speed_818"><value>115.152022926998</value></Data><Data name="speed_limit_818"><value>140</value></Data><Data name="speed_difference_818"><value>-24.847977073002</value></Data><Data name="speed_819"><value>129.63813036873017</value></Data><Data name="speed_limit_819"><value>140</value></Data><Data name="speed_difference_819"><value>-10.361869631269826</value></Data><Data name="speed_820"><value>123.47111666789915</value></Data><Data name="speed_limit_820"><value>140</value></Data><Data name="speed_difference_820"><value>-16.528883332100847</value></Data><Data name="speed_821"><value>122.26044558799335</value></Data><Data name="speed_limit_821"><value>140</value></Data><Data name="speed_difference_821"><value>-17.739554412006655</value></Data><Data name="speed_822"><value>117.0550108458301</value></Data><Data name="speed_limit_822"><value>140</value></Data><Data name="speed_difference_822"><value>-22.944989154169903</value></Data><Data name="speed_823"><value>110.3782089079439</value></Data><Data name="speed_limit_823"><value>140</value></Data><Data name="speed_difference_823"><value>-29.6217910920561</value></Data><Data name="speed_824"><value>112.59958860174355</value></Data><Data name="speed_limit_824"><value>140</value></Data><Data name="speed_difference_824"><value>-27.400411398256452</value></Data><Data name="speed_825"><value>112.83126648990685</value></Data><Data name="speed_limit_825"><value>140</value></Data><Data name="speed_difference_825"><value>-27.168733510093148</value></Data><Data name="speed_826"><value>101.10124033089109</value></Data><Data name="speed_limit_826"><value>140</value></Data><Data name="speed_difference_826"><value>-38.89875966910891</value></Data><Data name="speed_827"><value>113.85879104726484</value></Data><Data name="speed_limit_827"><value>140</value></Data><Data name="speed_difference_827"><value>-26.141208952735155</value></Data><Data name="speed_828"><value>112.3935488611086</value></Data><Data name="speed_limit_828"><value>140</value></Data><Data name="speed_difference_828"><value>-27.6064511388914</value></Data><Data name="speed_829"><value>0.0</value></Data><Data name="speed_limit_829"><value>140</value></Data><Data name="speed_difference_829"><value>-140.0</value></Data><Data name="speed_830"><value>110.7931580957571</value></Data><Data name="speed_limit_830"><value>140</value></Data><Data name="speed_difference_830"><value>-29.206841904242907</value></Data><Data name="speed_831"><value>116.02008122173697</value></Data><Data name="speed_limit_831"><value>140</value></Data><Data name="speed_difference_831"><value>-23.979918778263027</value></Data><Data name="speed_832"><value>115.41551443985959</value></Data><Data name="speed_limit_832"><value>140</value></Data><Data name="speed_difference_832"><value>-24.584485560140408</value></Data><Data name="speed_833"><value>112.76910171689225</value></Data><Data name="speed_limit_833"><value>140</value></Data><Data name="speed_difference_833"><value>-27.23089828310775</value></Data><Data name="speed_834"><value>118.9224511480868</value></Data><Data name="speed_limit_834"><value>140</value></Data><Data name="speed_difference_834"><value>-21.077548851913207</value></Data><Data name="speed_835"><value>126.11367266611846</value></Data><Data name="speed_limit_835"><value>140</value></Data><Data name="speed_difference_835"><value>-13.886327333881539</value></Data><Data name="speed_836"><value>124.78794927569685</value></Data><Data name="speed_limit_836"><value>140</value></Data><Data name="speed_difference_836"><value>-15.212050724303154</value></Data><Data name="speed_837"><value>129.7317328006963</value></Data><Data name="speed_limit_837"><value>140</value></Data><Data name="speed_difference_837"><value>-10.268267199303693</value></Data><Data name="speed_838"><value>133.29735429451307</value></Data><Data name="speed_limit_838"><value>140</value></Data><Data name="speed_difference_838"><value>-6.70264570548693</value></Data><Data name="speed_839"><value>133.34999865365037</value></Data><Data name="speed_limit_839"><value>140</value></Data><Data name="speed_difference_839"><value>-6.650001346349626</value></Data><Data name="speed_840"><value>127.32313869464137</value></Data><Data name="speed_limit_840"><value>140</value></Data><Data name="speed_difference_840"><value>-12.676861305358628</value></Data><Data name="speed_841"><value>119.71689083077752</value></Data><Data name="speed_limit_841"><value>140</value></Data><Data name="speed_difference_841"><value>-20.283109169222485</value></Data><Data name="speed_842"><value>113.3026557094885</value></Data><Data name="speed_limit_842"><value>140</value></Data><Data name="speed_difference_842"><value>-26.697344290511495</value></Data><Data name="speed_843"><value>117.01495560271341</value></Data><Data name="speed_limit_843"><value>140</value></Data><Data name="speed_difference_843"><value>-22.985044397286586</value></Data><Data name="speed_844"><value>121.0848723839211</value></Data><Data name="speed_limit_844"><value>140</value></Data><Data name="speed_difference_844"><value>-18.915127616078905</value></Data><Data name="speed_845"><value>116.41701780930609</value></Data><Data name="speed_limit_845"><value>140</value></Data><Data name="speed_difference_845"><value>-23.58298219069391</value></Data><Data name="speed_846"><value>117.8697929113918</value></Data><Data name="speed_limit_846"><value>140</value></Data><Data name="speed_difference_846"><value>-22.130207088608202</value></Data><Data name="speed_847"><value>115.42416638604415</value></Data><Data name="speed_limit_847"><value>140</value></Data><Data name="speed_difference_847"><value>-24.57583361395585</value></Data><Data name="speed_848"><value>0.0</value></Data><Data name="speed_limit_848"><value>140</value></Data><Data name="speed_difference_848"><value>-140.0</value></Data><Data name="speed_849"><value>108.0777279926443</value></Data><Data name="speed_limit_849"><value>140</value></Data><Data name="speed_difference_849"><value>-31.9222720073557</value></Data><Data name="speed_850"><value>85.18551515570012</value></Data><Data name="speed_limit_850"><value>140</value></Data><Data name="speed_difference_850"><value>-54.81448484429988</value></Data><Data name="speed_851"><value>95.5392712252896</value></Data><Data name="speed_limit_851"><value>140</value></Data><Data name="speed_difference_851"><value>-44.460728774710404</value></Data><Data name="speed_852"><value>107.00323735037239</value></Data><Data name="speed_limit_852"><value>140</value></Data><Data name="speed_difference_852"><value>-32.99676264962761</value></Data><Data name="speed_853"><value>115.5766519088144</value></Data><Data name="speed_limit_853"><value>140</value></Data><Data name="speed_difference_853"><value>-24.423348091185602</value></Data><Data name="speed_854"><value>109.37355753833953</value></Data><Data name="speed_limit_854"><value>140</value></Data><Data name="speed_difference_854"><value>-30.626442461660474</value></Data><Data name="speed_855"><value>104.87130776815177</value></Data><Data name="speed_limit_855"><value>140</value></Data><Data name="speed_difference_855"><value>-35.128692231848234</value></Data><Data name="speed_856"><value>99.8289256070288</value></Data><Data name="speed_limit_856"><value>140</value></Data><Data name="speed_difference_856"><value>-40.17107439297121</value></Data><Data name="speed_857"><value>90.37473236771055</value></Data><Data name="speed_limit_857"><value>140</value></Data><Data name="speed_difference_857"><value>-49.62526763228945</value></Data><Data name="speed_858"><value>80.2111887627867</value></Data><Data name="speed_limit_858"><value>140</value></Data><Data name="speed_difference_858"><value>-59.788811237213295</value></Data><Data name="speed_859"><value>85.16354134433301</value></Data><Data name="speed_limit_859"><value>140</value></Data><Data name="speed_difference_859"><value>-54.83645865566699</value></Data><Data name="speed_860"><value>79.24128916333925</value></Data><Data name="speed_limit_860"><value>140</value></Data><Data name="speed_difference_860"><value>-60.758710836660754</value></Data><Data name="speed_861"><value>0.0</value></Data><Data name="speed_limit_861"><value>140</value></Data><Data name="speed_difference_861"><value>-140.0</value></Data><Data name="speed_862"><value>78.77791473347078</value></Data><Data name="speed_limit_862"><value>140</value></Data><Data name="speed_difference_862"><value>-61.22208526652922</value></Data><Data name="speed_863"><value>88.49687618708336</value></Data><Data name="speed_limit_863"><value>140</value></Data><Data name="speed_difference_863"><value>-51.50312381291664</value></Data><Data name="speed_864"><value>96.42471560552615</value></Data><Data name="speed_limit_864"><value>140</value></Data><Data name="speed_difference_864"><value>-43.575284394473854</value></Data><Data name="speed_865"><value>95.00822329423146</value></Data><Data name="speed_limit_865"><value>140</value></Data><Data name="speed_difference_865"><value>-44.991776705768544</value></Data><Data name="speed_866"><value>77.84086186077815</value></Data><Data name="speed_limit_866"><value>140</value></Data><Data name="speed_difference_866"><value>-62.15913813922185</value></Data><Data name="speed_867"><value>74.30306879530866</value></Data><Data name="speed_limit_867"><value>140</value></Data><Data name="speed_difference_867"><value>-65.69693120469134</value></Data><Data name="speed_868"><value>76.85867202732739</value></Data><Data name="speed_limit_868"><value>140</value></Data><Data name="speed_difference_868"><value>-63.14132797267261</value></Data><Data name="speed_869"><value>86.2272409444852</value></Data><Data name="speed_limit_869"><value>140</value></Data><Data name="speed_difference_869"><value>-53.7727590555148</value></Data><Data name="speed_870"><value>80.68018482666683</value></Data><Data name="speed_limit_870"><value>140</value></Data><Data name="speed_difference_870"><value>-59.31981517333317</value></Data><Data name="speed_871"><value>60.45341139115717</value></Data><Data name="speed_limit_871"><value>140</value></Data><Data name="speed_difference_871"><value>-79.54658860884282</value></Data><Data name="speed_872"><value>60.04965499554323</value></Data><Data name="speed_limit_872"><value>140</value></Data><Data name="speed_difference_872"><value>-79.95034500445678</value></Data><Data name="speed_873"><value>22.51442463247907</value></Data><Data name="speed_limit_873"><value>140</value></Data><Data name="speed_difference_873"><value>-117.48557536752094</value></Data><Data name="speed_874"><value>39.78692473625981</value></Data><Data name="speed_limit_874"><value>140</value></Data><Data name="speed_difference_874"><value>-100.2130752637402</value></Data><Data name="speed_875"><value>45.43807844379176</value></Data><Data name="speed_limit_875"><value>60</value></Data><Data name="speed_difference_875"><value>-14.56192155620824</value></Data><Data name="speed_876"><value>47.43364629939839</value></Data><Data name="speed_limit_876"><value>60</value></Data><Data name="speed_difference_876"><value>-12.56635370060161</value></Data><Data name="speed_877"><value>54.83616947053671</value></Data><Data name="speed_limit_877"><value>140</value></Data><Data name="speed_difference_877"><value>-85.1638305294633</value></Data><Data name="speed_878"><value>79.07787677127997</value></Data><Data name="speed_limit_878"><value>140</value></Data><Data name="speed_difference_878"><value>-60.922123228720025</value></Data><Data name="speed_879"><value>90.02709965063694</value></Data><Data name="speed_limit_879"><value>140</value></Data><Data name="speed_difference_879"><value>-49.97290034936306</value></Data><Data name="speed_880"><value>0.0</value></Data><Data name="speed_limit_880"><value>140</value></Data><Data name="speed_difference_880"><value>-140.0</value></Data><Data name="speed_881"><value>93.95386053314371</value></Data><Data name="speed_limit_881"><value>140</value></Data><Data name="speed_difference_881"><value>-46.04613946685629</value></Data><Data name="speed_882"><value>103.74721546145281</value></Data><Data name="speed_limit_882"><value>140</value></Data><Data name="speed_difference_882"><value>-36.25278453854719</value></Data><Data name="speed_883"><value>113.92961635879637</value></Data><Data name="speed_limit_883"><value>140</value></Data><Data name="speed_difference_883"><value>-26.070383641203634</value></Data><Data name="speed_884"><value>116.78658721814848</value></Data><Data name="speed_limit_884"><value>140</value></Data><Data name="speed_difference_884"><value>-23.213412781851517</value></Data><Data name="speed_885"><value>122.91673509714404</value></Data><Data name="speed_limit_885"><value>140</value></Data><Data name="speed_difference_885"><value>-17.08326490285596</value></Data><Data name="speed_886"><value>122.7504775566125</value></Data><Data name="speed_limit_886"><value>140</value></Data><Data name="speed_difference_886"><value>-17.249522443387505</value></Data><Data name="speed_887"><value>116.18954102786833</value></Data><Data name="speed_limit_887"><value>140</value></Data><Data name="speed_difference_887"><value>-23.81045897213167</value></Data><Data name="speed_888"><value>127.91600570667484</value></Data><Data name="speed_limit_888"><value>140</value></Data><Data name="speed_difference_888"><value>-12.083994293325162</value></Data><Data name="speed_889"><value>128.50531368890614</value></Data><Data name="speed_limit_889"><value>140</value></Data><Data name="speed_difference_889"><value>-11.494686311093858</value></Data><Data name="speed_890"><value>140.10535103028099</value></Data><Data name="speed_limit_890"><value>140</value></Data><Data name="speed_difference_890"><value>0.10535103028098547</value></Data><Data name="speed_891"><value>120.82386335482062</value></Data><Data name="speed_limit_891"><value>140</value></Data><Data name="speed_difference_891"><value>-19.176136645179383</value></Data><Data name="speed_892"><value>114.9246079402208</value></Data><Data name="speed_limit_892"><value>140</value></Data><Data name="speed_difference_892"><value>-25.075392059779205</value></Data><Data name="speed_893"><value>0.0</value></Data><Data name="speed_limit_893"><value>140</value></Data><Data name="speed_difference_893"><value>-140.0</value></Data><Data name="speed_894"><value>108.29504597181501</value></Data><Data name="speed_limit_894"><value>140</value></Data><Data name="speed_difference_894"><value>-31.704954028184986</value></Data><Data name="speed_895"><value>106.02699081480411</value></Data><Data name="speed_limit_895"><value>140</value></Data><Data name="speed_difference_895"><value>-33.97300918519589</value></Data><Data name="speed_896"><value>110.5325105310468</value></Data><Data name="speed_limit_896"><value>140</value></Data><Data name="speed_difference_896"><value>-29.467489468953204</value></Data><Data name="speed_897"><value>111.6653549835355</value></Data><Data name="speed_limit_897"><value>140</value></Data><Data name="speed_difference_897"><value>-28.334645016464506</value></Data><Data name="speed_898"><value>110.90990087195975</value></Data><Data name="speed_limit_898"><value>140</value></Data><Data name="speed_difference_898"><value>-29.09009912804025</value></Data><Data name="speed_899"><value>105.85579146746252</value></Data><Data name="speed_limit_899"><value>140</value></Data><Data name="speed_difference_899"><value>-34.144208532537476</value></Data><Data name="speed_900"><value>99.07527923315675</value></Data><Data name="speed_limit_900"><value>140</value></Data><Data name="speed_difference_900"><value>-40.92472076684325</value></Data><Data name="speed_901"><value>103.55187749325384</value></Data><Data name="speed_limit_901"><value>140</value></Data><Data name="speed_difference_901"><value>-36.44812250674616</value></Data><Data name="speed_902"><value>101.21262489709937</value></Data><Data name="speed_limit_902"><value>140</value></Data><Data name="speed_difference_902"><value>-38.787375102900626</value></Data><Data name="speed_903"><value>102.64703179251893</value></Data><Data name="speed_limit_903"><value>140</value></Data><Data name="speed_difference_903"><value>-37.35296820748107</value></Data><Data name="speed_904"><value>118.11664286173688</value></Data><Data name="speed_limit_904"><value>140</value></Data><Data name="speed_difference_904"><value>-21.883357138263122</value></Data><Data name="speed_905"><value>130.76053590615717</value></Data><Data name="speed_limit_905"><value>140</value></Data><Data name="speed_difference_905"><value>-9.239464093842827</value></Data><Data name="speed_906"><value>143.25656650221663</value></Data><Data name="speed_limit_906"><value>140</value></Data><Data name="speed_difference_906"><value>3.2565665022166286</value></Data><Data name="speed_907"><value>144.13159860795957</value></Data><Data name="speed_limit_907"><value>140</value></Data><Data name="speed_difference_907"><value>4.131598607959575</value></Data><Data name="speed_908"><value>131.0032424913382</value></Data><Data name="speed_limit_908"><value>140</value></Data><Data name="speed_difference_908"><value>-8.996757508661801</value></Data><Data name="speed_909"><value>143.58973632829202</value></Data><Data name="speed_limit_909"><value>140</value></Data><Data name="speed_difference_909"><value>3.5897363282920196</value></Data><Data name="speed_910"><value>142.8047717380234</value></Data><Data name="speed_limit_910"><value>140</value></Data><Data name="speed_difference_910"><value>2.8047717380233905</value></Data><Data name="speed_911"><value>130.4041357964642</value></Data><Data name="speed_limit_911"><value>140</value></Data><Data name="speed_difference_911"><value>-9.595864203535797</value></Data><Data name="speed_912"><value>0.0</value></Data><Data name="speed_limit_912"><value>140</value></Data><Data name="speed_difference_912"><value>-140.0</value></Data><Data name="speed_913"><value>130.06810491774544</value></Data><Data name="speed_limit_913"><value>140</value></Data><Data name="speed_difference_913"><value>-9.931895082254556</value></Data><Data name="speed_914"><value>140.20734631686767</value></Data><Data name="speed_limit_914"><value>140</value></Data><Data name="speed_difference_914"><value>0.20734631686767102</value></Data><Data name="speed_915"><value>133.68991218002225</value></Data><Data name="speed_limit_915"><value>140</value></Data><Data name="speed_difference_915"><value>-6.310087819977753</value></Data><Data name="speed_916"><value>136.45787353290376</value></Data><Data name="speed_limit_916"><value>140</value></Data><Data name="speed_difference_916"><value>-3.5421264670962387</value></Data><Data name="speed_917"><value>143.67833671286886</value></Data><Data name="speed_limit_917"><value>140</value></Data><Data name="speed_difference_917"><value>3.6783367128688553</value></Data><Data name="speed_918"><value>144.66705719041255</value></Data><Data name="speed_limit_918"><value>140</value></Data><Data name="speed_difference_918"><value>4.6670571904125495</value></Data><Data name="speed_919"><value>125.96145622361355</value></Data><Data name="speed_limit_919"><value>140</value></Data><Data name="speed_difference_919"><value>-14.038543776386447</value></Data><Data name="speed_920"><value>109.77587649224333</value></Data><Data name="speed_limit_920"><value>140</value></Data><Data name="speed_difference_920"><value>-30.224123507756673</value></Data><Data name="speed_921"><value>112.9833325393708</value></Data><Data name="speed_limit_921"><value>140</value></Data><Data name="speed_difference_921"><value>-27.016667460629193</value></Data><Data name="speed_922"><value>108.67143133025382</value></Data><Data name="speed_limit_922"><value>140</value></Data><Data name="speed_difference_922"><value>-31.328568669746176</value></Data><Data name="speed_923"><value>112.89715603284023</value></Data><Data name="speed_limit_923"><value>140</value></Data><Data name="speed_difference_923"><value>-27.10284396715977</value></Data><Data name="speed_924"><value>112.16435748070617</value></Data><Data name="speed_limit_924"><value>140</value></Data><Data name="speed_difference_924"><value>-27.835642519293827</value></Data><Data name="speed_925"><value>0.0</value></Data><Data name="speed_limit_925"><value>140</value></Data><Data name="speed_difference_925"><value>-140.0</value></Data><Data name="speed_926"><value>118.18268812168384</value></Data><Data name="speed_limit_926"><value>140</value></Data><Data name="speed_difference_926"><value>-21.81731187831616</value></Data><Data name="speed_927"><value>112.70215674437688</value></Data><Data name="speed_limit_927"><value>140</value></Data><Data name="speed_difference_927"><value>-27.29784325562312</value></Data><Data name="speed_928"><value>109.54979840826888</value></Data><Data name="speed_limit_928"><value>140</value></Data><Data name="speed_difference_928"><value>-30.450201591731116</value></Data><Data name="speed_929"><value>108.98522381127982</value></Data><Data name="speed_limit_929"><value>140</value></Data><Data name="speed_difference_929"><value>-31.014776188720177</value></Data><Data name="speed_930"><value>109.13964210655632</value></Data><Data name="speed_limit_930"><value>140</value></Data><Data name="speed_difference_930"><value>-30.860357893443677</value></Data><Data name="speed_931"><value>106.77977524072824</value></Data><Data name="speed_limit_931"><value>140</value></Data><Data name="speed_difference_931"><value>-33.22022475927176</value></Data><Data name="speed_932"><value>111.58966031622148</value></Data><Data name="speed_limit_932"><value>140</value></Data><Data name="speed_difference_932"><value>-28.410339683778517</value></Data><Data name="speed_933"><value>114.9431838800017</value></Data><Data name="speed_limit_933"><value>140</value></Data><Data name="speed_difference_933"><value>-25.056816119998302</value></Data><Data name="speed_934"><value>114.19064691775516</value></Data><Data name="speed_limit_934"><value>140</value></Data><Data name="speed_difference_934"><value>-25.80935308224484</value></Data><Data name="speed_935"><value>114.142623611494</value></Data><Data name="speed_limit_935"><value>140</value></Data><Data name="speed_difference_935"><value>-25.857376388505998</value></Data><Data name="speed_936"><value>108.66022335678454</value></Data><Data name="speed_limit_936"><value>140</value></Data><Data name="speed_difference_936"><value>-31.33977664321546</value></Data><Data name="speed_937"><value>105.50276220259332</value></Data><Data name="speed_limit_937"><value>110</value></Data><Data name="speed_difference_937"><value>-4.497237797406683</value></Data><Data name="speed_938"><value>93.27198173411587</value></Data><Data name="speed_limit_938"><value>80</value></Data><Data name="speed_difference_938"><value>13.271981734115869</value></Data><Data name="speed_939"><value>70.86116692600574</value></Data><Data name="speed_limit_939"><value>50</value></Data><Data name="speed_difference_939"><value>20.861166926005737</value></Data><Data name="speed_940"><value>30.0373247750028</value></Data><Data name="speed_limit_940"><value>50</value></Data><Data name="speed_difference_940"><value>-19.9626752249972</value></Data><Data name="speed_941"><value>6.8528333248274995</value></Data><Data name="speed_limit_941"><value>50</value></Data><Data name="speed_difference_941"><value>-43.1471666751725</value></Data><Data name="speed_942"><value>59.88331112649502</value></Data><Data name="speed_limit_942"><value>50</value></Data><Data name="speed_difference_942"><value>9.883311126495023</value></Data><Data name="speed_943"><value>0.0</value></Data><Data name="speed_limit_943"><value>50</value></Data><Data name="speed_difference_943"><value>-50.0</value></Data><Data name="speed_944"><value>70.62721524783855</value></Data><Data name="speed_limit_944"><value>50</value></Data><Data name="speed_difference_944"><value>20.62721524783855</value></Data><Data name="speed_945"><value>0.0</value></Data><Data name="speed_limit_945"><value>70</value></Data><Data name="speed_difference_945"><value>-70.0</value></Data><Data name="speed_946"><value>103.36195356036393</value></Data><Data name="speed_limit_946"><value>100</value></Data><Data name="speed_difference_946"><value>3.3619535603639292</value></Data><Data name="speed_947"><value>0.0</value></Data><Data name="speed_limit_947"><value>140</value></Data><Data name="speed_difference_947"><value>-140.0</value></Data><Data name="speed_948"><value>119.08124708302182</value></Data><Data name="speed_limit_948"><value>140</value></Data><Data name="speed_difference_948"><value>-20.91875291697818</value></Data><Data name="speed_949"><value>0.0</value></Data><Data name="speed_limit_949"><value>140</value></Data><Data name="speed_difference_949"><value>-140.0</value></Data><Data name="speed_950"><value>126.49390548941</value></Data><Data name="speed_limit_950"><value>140</value></Data><Data name="speed_difference_950"><value>-13.506094510590003</value></Data><Data name="speed_951"><value>0.0</value></Data><Data name="speed_limit_951"><value>140</value></Data><Data name="speed_difference_951"><value>-140.0</value></Data><Data name="speed_952"><value>114.33076385367924</value></Data><Data name="speed_limit_952"><value>140</value></Data><Data name="speed_difference_952"><value>-25.669236146320756</value></Data><Data name="speed_953"><value>0.0</value></Data><Data name="speed_limit_953"><value>140</value></Data><Data name="speed_difference_953"><value>-140.0</value></Data><Data name="speed_954"><value>105.26232082204415</value></Data><Data name="speed_limit_954"><value>140</value></Data><Data name="speed_difference_954"><value>-34.737679177955854</value></Data><Data name="speed_955"><value>0.0</value></Data><Data name="speed_limit_955"><value>120</value></Data><Data name="speed_difference_955"><value>-120.0</value></Data><Data name="speed_956"><value>106.32497103023216</value></Data><Data name="speed_limit_956"><value>140</value></Data><Data name="speed_difference_956"><value>-33.67502896976784</value></Data><Data name="speed_957"><value>0.0</value></Data><Data name="speed_limit_957"><value>140</value></Data><Data name="speed_difference_957"><value>-140.0</value></Data><Data name="speed_958"><value>109.47236631511281</value></Data><Data name="speed_limit_958"><value>140</value></Data><Data name="speed_difference_958"><value>-30.527633684887192</value></Data><Data name="speed_959"><value>0.0</value></Data><Data name="speed_limit_959"><value>140</value></Data><Data name="speed_difference_959"><value>-140.0</value></Data><Data name="speed_960"><value>102.40499624669043</value></Data><Data name="speed_limit_960"><value>140</value></Data><Data name="speed_difference_960"><value>-37.59500375330957</value></Data><Data name="speed_961"><value>0.0</value></Data><Data name="speed_limit_961"><value>140</value></Data><Data name="speed_difference_961"><value>-140.0</value></Data><Data name="speed_962"><value>100.68255983969134</value></Data><Data name="speed_limit_962"><value>140</value></Data><Data name="speed_difference_962"><value>-39.317440160308664</value></Data><Data name="speed_963"><value>0.0</value></Data><Data name="speed_limit_963"><value>140</value></Data><Data name="speed_difference_963"><value>-140.0</value></Data><Data name="speed_964"><value>97.90780737647522</value></Data><Data name="speed_limit_964"><value>140</value></Data><Data name="speed_difference_964"><value>-42.09219262352478</value></Data><Data name="speed_965"><value>0.0</value></Data><Data name="speed_limit_965"><value>140</value></Data><Data name="speed_difference_965"><value>-140.0</value></Data><Data name="speed_966"><value>91.64882676314335</value></Data><Data name="speed_limit_966"><value>140</value></Data><Data name="speed_difference_966"><value>-48.35117323685665</value></Data><Data name="speed_967"><value>0.0</value></Data><Data name="speed_limit_967"><value>140</value></Data><Data name="speed_difference_967"><value>-140.0</value></Data><Data name="speed_968"><value>0.0</value></Data><Data name="speed_limit_968"><value>140</value></Data><Data name="speed_difference_968"><value>-140.0</value></Data><Data name="speed_969"><value>97.92415487029562</value></Data><Data name="speed_limit_969"><value>140</value></Data><Data name="speed_difference_969"><value>-42.075845129704376</value></Data><Data name="speed_970"><value>0.0</value></Data><Data name="speed_limit_970"><value>140</value></Data><Data name="speed_difference_970"><value>-140.0</value></Data><Data name="speed_971"><value>106.26073282553938</value></Data><Data name="speed_limit_971"><value>140</value></Data><Data name="speed_difference_971"><value>-33.73926717446062</value></Data><Data name="speed_972"><value>0.0</value></Data><Data name="speed_limit_972"><value>140</value></Data><Data name="speed_difference_972"><value>-140.0</value></Data><Data name="speed_973"><value>106.77558262112119</value></Data><Data name="speed_limit_973"><value>140</value></Data><Data name="speed_difference_973"><value>-33.22441737887881</value></Data><Data name="speed_974"><value>0.0</value></Data><Data name="speed_limit_974"><value>140</value></Data><Data name="speed_difference_974"><value>-140.0</value></Data><Data name="speed_975"><value>106.54222257562502</value></Data><Data name="speed_limit_975"><value>140</value></Data><Data name="speed_difference_975"><value>-33.45777742437498</value></Data><Data name="speed_976"><value>0.0</value></Data><Data name="speed_limit_976"><value>140</value></Data><Data name="speed_difference_976"><value>-140.0</value></Data><Data name="speed_977"><value>110.4134244150123</value></Data><Data name="speed_limit_977"><value>140</value></Data><Data name="speed_difference_977"><value>-29.5865755849877</value></Data><Data name="speed_978"><value>0.0</value></Data><Data name="speed_limit_978"><value>140</value></Data><Data name="speed_difference_978"><value>-140.0</value></Data><Data name="speed_979"><value>105.2162472295392</value></Data><Data name="speed_limit_979"><value>140</value></Data><Data name="speed_difference_979"><value>-34.783752770460794</value></Data><Data name="speed_980"><value>0.0</value></Data><Data name="speed_limit_980"><value>140</value></Data><Data name="speed_difference_980"><value>-140.0</value></Data><Data name="speed_981"><value>100.24305005133562</value></Data><Data name="speed_limit_981"><value>140</value></Data><Data name="speed_difference_981"><value>-39.756949948664385</value></Data><Data name="speed_982"><value>0.0</value></Data><Data name="speed_limit_982"><value>140</value></Data><Data name="speed_difference_982"><value>-140.0</value></Data><Data name="speed_983"><value>95.43483775645524</value></Data><Data name="speed_limit_983"><value>140</value></Data><Data name="speed_difference_983"><value>-44.56516224354476</value></Data><Data name="speed_984"><value>0.0</value></Data><Data name="speed_limit_984"><value>140</value></Data><Data name="speed_difference_984"><value>-140.0</value></Data><Data name="speed_985"><value>103.6271547123651</value></Data><Data name="speed_limit_985"><value>140</value></Data><Data name="speed_difference_985"><value>-36.3728452876349</value></Data><Data name="speed_986"><value>0.0</value></Data><Data name="speed_limit_986"><value>140</value></Data><Data name="speed_difference_986"><value>-140.0</value></Data><Data name="speed_987"><value>0.0</value></Data><Data name="speed_limit_987"><value>140</value></Data><Data name="speed_difference_987"><value>-140.0</value></Data><Data name="speed_988"><value>120.15706405656066</value></Data><Data name="speed_limit_988"><value>140</value></Data><Data name="speed_difference_988"><value>-19.842935943439343</value></Data><Data name="speed_989"><value>115.77557264094061</value></Data><Data name="speed_limit_989"><value>140</value></Data><Data name="speed_difference_989"><value>-24.22442735905939</value></Data><Data name="speed_990"><value>119.57025450161919</value></Data><Data name="speed_limit_990"><value>140</value></Data><Data name="speed_difference_990"><value>-20.42974549838081</value></Data><Data name="speed_991"><value>122.74561778057009</value></Data><Data name="speed_limit_991"><value>140</value></Data><Data name="speed_difference_991"><value>-17.254382219429914</value></Data><Data name="speed_992"><value>0.0</value></Data><Data name="speed_limit_992"><value>140</value></Data><Data name="speed_difference_992"><value>-140.0</value></Data><Data name="speed_993"><value>120.8391060691674</value></Data><Data name="speed_limit_993"><value>140</value></Data><Data name="speed_difference_993"><value>-19.1608939308326</value></Data><Data name="speed_994"><value>0.0</value></Data><Data name="speed_limit_994"><value>140</value></Data><Data name="speed_difference_994"><value>-140.0</value></Data><Data name="speed_995"><value>109.55962086889393</value></Data><Data name="speed_limit_995"><value>140</value></Data><Data name="speed_difference_995"><value>-30.44037913110607</value></Data><Data name="speed_996"><value>97.8744490760096</value></Data><Data name="speed_limit_996"><value>140</value></Data><Data name="speed_difference_996"><value>-42.1255509239904</value></Data><Data name="speed_997"><value>98.7863498834913</value></Data><Data name="speed_limit_997"><value>140</value></Data><Data name="speed_difference_997"><value>-41.2136501165087</value></Data><Data name="speed_998"><value>108.04386867624476</value></Data><Data name="speed_limit_998"><value>140</value></Data><Data name="speed_difference_998"><value>-31.956131323755244</value></Data><Data name="speed_999"><value>108.34883196760207</value></Data><Data name="speed_limit_999"><value>140</value></Data><Data name="speed_difference_999"><value>-31.651168032397933</value></Data><Data name="speed_1000"><value>88.87137614310167</value></Data><Data name="speed_limit_1000"><value>140</value></Data><Data name="speed_difference_1000"><value>-51.12862385689833</value></Data><Data name="speed_1001"><value>64.16730899686797</value></Data><Data name="speed_limit_1001"><value>140</value></Data><Data name="speed_difference_1001"><value>-75.83269100313203</value></Data><Data name="speed_1002"><value>60.47239760817706</value></Data><Data name="speed_limit_1002"><value>140</value></Data><Data name="speed_difference_1002"><value>-79.52760239182294</value></Data><Data name="speed_1003"><value>93.43499691113752</value></Data><Data name="speed_limit_1003"><value>140</value></Data><Data name="speed_difference_1003"><value>-46.56500308886248</value></Data><Data name="speed_1004"><value>94.37753318889115</value></Data><Data name="speed_limit_1004"><value>140</value></Data><Data name="speed_difference_1004"><value>-45.62246681110885</value></Data><Data name="speed_1005"><value>74.62613883609352</value></Data><Data name="speed_limit_1005"><value>140</value></Data><Data name="speed_difference_1005"><value>-65.37386116390648</value></Data><Data name="speed_1006"><value>55.7059341609548</value></Data><Data name="speed_limit_1006"><value>140</value></Data><Data name="speed_difference_1006"><value>-84.2940658390452</value></Data><Data name="speed_1007"><value>69.38988905056458</value></Data><Data name="speed_limit_1007"><value>140</value></Data><Data name="speed_difference_1007"><value>-70.61011094943542</value></Data><Data name="speed_1008"><value>80.2851079389039</value></Data><Data name="speed_limit_1008"><value>120</value></Data><Data name="speed_difference_1008"><value>-39.714892061096094</value></Data><Data name="speed_1009"><value>82.27802641195507</value></Data><Data name="speed_limit_1009"><value>100</value></Data><Data name="speed_difference_1009"><value>-17.721973588044932</value></Data><Data name="speed_1010"><value>102.35164019894555</value></Data><Data name="speed_limit_1010"><value>100</value></Data><Data name="speed_difference_1010"><value>2.351640198945546</value></Data><Data name="speed_1011"><value>109.58476059012528</value></Data><Data name="speed_limit_1011"><value>100</value></Data><Data name="speed_difference_1011"><value>9.584760590125285</value></Data><Data name="speed_1012"><value>106.71938994606387</value></Data><Data name="speed_limit_1012"><value>100</value></Data><Data name="speed_difference_1012"><value>6.71938994606387</value></Data><Data name="speed_1013"><value>0.0</value></Data><Data name="speed_limit_1013"><value>100</value></Data><Data name="speed_difference_1013"><value>-100.0</value></Data><Data name="speed_1014"><value>112.77596958993655</value></Data><Data name="speed_limit_1014"><value>100</value></Data><Data name="speed_difference_1014"><value>12.775969589936551</value></Data><Data name="speed_1015"><value>110.69277764033185</value></Data><Data name="speed_limit_1015"><value>100</value></Data><Data name="speed_difference_1015"><value>10.692777640331855</value></Data><Data name="speed_1016"><value>102.2512559339677</value></Data><Data name="speed_limit_1016"><value>100</value></Data><Data name="speed_difference_1016"><value>2.2512559339676983</value></Data><Data name="speed_1017"><value>110.77999341812713</value></Data><Data name="speed_limit_1017"><value>100</value></Data><Data name="speed_difference_1017"><value>10.779993418127134</value></Data><Data name="speed_1018"><value>113.1439471719932</value></Data><Data name="speed_limit_1018"><value>100</value></Data><Data name="speed_difference_1018"><value>13.143947171993204</value></Data><Data name="speed_1019"><value>120.68865300578109</value></Data><Data name="speed_limit_1019"><value>100</value></Data><Data name="speed_difference_1019"><value>20.68865300578109</value></Data><Data name="speed_1020"><value>119.29162988633817</value></Data><Data name="speed_limit_1020"><value>100</value></Data><Data name="speed_difference_1020"><value>19.29162988633817</value></Data><Data name="speed_1021"><value>45.139218095527006</value></Data><Data name="speed_limit_1021"><value>100</value></Data><Data name="speed_difference_1021"><value>-54.860781904472994</value></Data><Data name="speed_1022"><value>68.43683568570538</value></Data><Data name="speed_limit_1022"><value>100</value></Data><Data name="speed_difference_1022"><value>-31.563164314294625</value></Data><Data name="speed_1023"><value>96.11187826135385</value></Data><Data name="speed_limit_1023"><value>100</value></Data><Data name="speed_difference_1023"><value>-3.8881217386461486</value></Data><Data name="speed_1024"><value>104.85202212419621</value></Data><Data name="speed_limit_1024"><value>100</value></Data><Data name="speed_difference_1024"><value>4.8520221241962105</value></Data><Data name="speed_1025"><value>93.14298024966286</value></Data><Data name="speed_limit_1025"><value>100</value></Data><Data name="speed_difference_1025"><value>-6.857019750337145</value></Data><Data name="speed_1026"><value>91.3168990309357</value></Data><Data name="speed_limit_1026"><value>140</value></Data><Data name="speed_difference_1026"><value>-48.6831009690643</value></Data><Data name="speed_1027"><value>100.19250898035894</value></Data><Data name="speed_limit_1027"><value>140</value></Data><Data name="speed_difference_1027"><value>-39.80749101964106</value></Data><Data name="speed_1028"><value>0.0</value></Data><Data name="speed_limit_1028"><value>140</value></Data><Data name="speed_difference_1028"><value>-140.0</value></Data><Data name="speed_1029"><value>123.27185829453438</value></Data><Data name="speed_limit_1029"><value>140</value></Data><Data name="speed_difference_1029"><value>-16.728141705465617</value></Data><Data name="speed_1030"><value>128.4435610710168</value></Data><Data name="speed_limit_1030"><value>140</value></Data><Data name="speed_difference_1030"><value>-11.556438928983198</value></Data><Data name="speed_1031"><value>127.9900653988626</value></Data><Data name="speed_limit_1031"><value>140</value></Data><Data name="speed_difference_1031"><value>-12.009934601137402</value></Data><Data name="speed_1032"><value>107.90844536602647</value></Data><Data name="speed_limit_1032"><value>140</value></Data><Data name="speed_difference_1032"><value>-32.09155463397353</value></Data><Data name="speed_1033"><value>113.031732686294</value></Data><Data name="speed_limit_1033"><value>140</value></Data><Data name="speed_difference_1033"><value>-26.968267313705994</value></Data><Data name="speed_1034"><value>129.35178226632175</value></Data><Data name="speed_limit_1034"><value>140</value></Data><Data name="speed_difference_1034"><value>-10.648217733678251</value></Data><Data name="speed_1035"><value>121.16973263682507</value></Data><Data name="speed_limit_1035"><value>140</value></Data><Data name="speed_difference_1035"><value>-18.830267363174926</value></Data><Data name="speed_1036"><value>123.85842658103822</value></Data><Data name="speed_limit_1036"><value>140</value></Data><Data name="speed_difference_1036"><value>-16.141573418961784</value></Data><Data name="speed_1037"><value>118.50319119246711</value></Data><Data name="speed_limit_1037"><value>140</value></Data><Data name="speed_difference_1037"><value>-21.496808807532886</value></Data><Data name="speed_1038"><value>124.51815010300928</value></Data><Data name="speed_limit_1038"><value>140</value></Data><Data name="speed_difference_1038"><value>-15.481849896990724</value></Data><Data name="speed_1039"><value>128.57209712060111</value></Data><Data name="speed_limit_1039"><value>140</value></Data><Data name="speed_difference_1039"><value>-11.427902879398886</value></Data><Data name="speed_1040"><value>122.21805503359091</value></Data><Data name="speed_limit_1040"><value>140</value></Data><Data name="speed_difference_1040"><value>-17.781944966409085</value></Data><Data name="speed_1041"><value>118.43474836821997</value></Data><Data name="speed_limit_1041"><value>140</value></Data><Data name="speed_difference_1041"><value>-21.56525163178003</value></Data><Data name="speed_1042"><value>114.15293786666642</value></Data><Data name="speed_limit_1042"><value>140</value></Data><Data name="speed_difference_1042"><value>-25.84706213333358</value></Data><Data name="speed_1043"><value>109.07982738385965</value></Data><Data name="speed_limit_1043"><value>140</value></Data><Data name="speed_difference_1043"><value>-30.92017261614035</value></Data><Data name="speed_1044"><value>107.05680350100879</value></Data><Data name="speed_limit_1044"><value>140</value></Data><Data name="speed_difference_1044"><value>-32.94319649899121</value></Data><Data name="speed_1045"><value>110.22362415150394</value></Data><Data name="speed_limit_1045"><value>120</value></Data><Data name="speed_difference_1045"><value>-9.776375848496059</value></Data><Data name="speed_1046"><value>0.0</value></Data><Data name="speed_limit_1046"><value>100</value></Data><Data name="speed_difference_1046"><value>-100.0</value></Data><Data name="speed_1047"><value>115.37616200142018</value></Data><Data name="speed_limit_1047"><value>100</value></Data><Data name="speed_difference_1047"><value>15.376162001420184</value></Data><Data name="speed_1048"><value>123.54485083172264</value></Data><Data name="speed_limit_1048"><value>100</value></Data><Data name="speed_difference_1048"><value>23.54485083172264</value></Data><Data name="speed_1049"><value>74.51941416633171</value></Data><Data name="speed_limit_1049"><value>100</value></Data><Data name="speed_difference_1049"><value>-25.480585833668286</value></Data><Data name="speed_1050"><value>72.47450731556523</value></Data><Data name="speed_limit_1050"><value>140</value></Data><Data name="speed_difference_1050"><value>-67.52549268443477</value></Data><Data name="speed_1051"><value>71.40312248171354</value></Data><Data name="speed_limit_1051"><value>140</value></Data><Data name="speed_difference_1051"><value>-68.59687751828646</value></Data><Data name="speed_1052"><value>71.77909566198332</value></Data><Data name="speed_limit_1052"><value>140</value></Data><Data name="speed_difference_1052"><value>-68.22090433801668</value></Data><Data name="speed_1053"><value>106.87450085795417</value></Data><Data name="speed_limit_1053"><value>140</value></Data><Data name="speed_difference_1053"><value>-33.125499142045825</value></Data><Data name="speed_1054"><value>77.34536852741645</value></Data><Data name="speed_limit_1054"><value>140</value></Data><Data name="speed_difference_1054"><value>-62.654631472583546</value></Data><Data name="speed_1055"><value>72.32384703299073</value></Data><Data name="speed_limit_1055"><value>140</value></Data><Data name="speed_difference_1055"><value>-67.67615296700927</value></Data><Data name="speed_1056"><value>97.52088119542968</value></Data><Data name="speed_limit_1056"><value>140</value></Data><Data name="speed_difference_1056"><value>-42.47911880457032</value></Data><Data name="speed_1057"><value>102.7401236026161</value></Data><Data name="speed_limit_1057"><value>140</value></Data><Data name="speed_difference_1057"><value>-37.259876397383906</value></Data><Data name="speed_1058"><value>101.01464549817607</value></Data><Data name="speed_limit_1058"><value>140</value></Data><Data name="speed_difference_1058"><value>-38.985354501823934</value></Data><Data name="speed_1059"><value>92.47726223935094</value></Data><Data name="speed_limit_1059"><value>140</value></Data><Data name="speed_difference_1059"><value>-47.522737760649065</value></Data><Data name="speed_1060"><value>93.39396327025942</value></Data><Data name="speed_limit_1060"><value>140</value></Data><Data name="speed_difference_1060"><value>-46.60603672974058</value></Data><Data name="speed_1061"><value>68.18096851982055</value></Data><Data name="speed_limit_1061"><value>140</value></Data><Data name="speed_difference_1061"><value>-71.81903148017945</value></Data><Data name="speed_1062"><value>42.675460901524175</value></Data><Data name="speed_limit_1062"><value>140</value></Data><Data name="speed_difference_1062"><value>-97.32453909847582</value></Data><Data name="speed_1063"><value>0.0</value></Data><Data name="speed_limit_1063"><value>140</value></Data><Data name="speed_difference_1063"><value>-140.0</value></Data><Data name="speed_1064"><value>3.567544407370983</value></Data><Data name="speed_limit_1064"><value>140</value></Data><Data name="speed_difference_1064"><value>-136.43245559262903</value></Data><Data name="speed_1065"><value>3.5262303598520424</value></Data><Data name="speed_limit_1065"><value>140</value></Data><Data name="speed_difference_1065"><value>-136.47376964014796</value></Data><Data name="speed_1066"><value>4.5195591213230175</value></Data><Data name="speed_limit_1066"><value>140</value></Data><Data name="speed_difference_1066"><value>-135.48044087867697</value></Data><Data name="speed_1067"><value>46.30708249415473</value></Data><Data name="speed_limit_1067"><value>140</value></Data><Data name="speed_difference_1067"><value>-93.69291750584527</value></Data><Data name="speed_1068"><value>38.433992237439845</value></Data><Data name="speed_limit_1068"><value>140</value></Data><Data name="speed_difference_1068"><value>-101.56600776256016</value></Data><Data name="speed_1069"><value>18.11728629502252</value></Data><Data name="speed_limit_1069"><value>140</value></Data><Data name="speed_difference_1069"><value>-121.88271370497748</value></Data><Data name="speed_1070"><value>15.611463911701874</value></Data><Data name="speed_limit_1070"><value>40</value></Data><Data name="speed_difference_1070"><value>-24.388536088298125</value></Data><Data name="speed_1071"><value>14.457436694678123</value></Data><Data name="speed_limit_1071"><value>50</value></Data><Data name="speed_difference_1071"><value>-35.54256330532188</value></Data><Data name="speed_1072"><value>49.6025663360872</value></Data><Data name="speed_limit_1072"><value>50</value></Data><Data name="speed_difference_1072"><value>-0.3974336639127998</value></Data><Data name="speed_1073"><value>47.05045644255472</value></Data><Data name="speed_limit_1073"><value>50</value></Data><Data name="speed_difference_1073"><value>-2.9495435574452813</value></Data><Data name="speed_1074"><value>19.925367072109616</value></Data><Data name="speed_limit_1074"><value>50</value></Data><Data name="speed_difference_1074"><value>-30.074632927890384</value></Data><Data name="speed_1075"><value>12.95236558304769</value></Data><Data name="speed_limit_1075"><value>50</value></Data><Data name="speed_difference_1075"><value>-37.047634416952306</value></Data><Data name="speed_1076"><value>8.716740907851964</value></Data><Data name="speed_limit_1076"><value>50</value></Data><Data name="speed_difference_1076"><value>-41.283259092148036</value></Data><Data name="speed_1077"><value>4.3825984939340845</value></Data><Data name="speed_limit_1077"><value>90</value></Data><Data name="speed_difference_1077"><value>-85.61740150606592</value></Data><Data name="speed_1078"><value>3.92412988294155</value></Data><Data name="speed_limit_1078"><value>90</value></Data><Data name="speed_difference_1078"><value>-86.07587011705846</value></Data><Data name="speed_1079"><value>9.535757633229567</value></Data><Data name="speed_limit_1079"><value>90</value></Data><Data name="speed_difference_1079"><value>-80.46424236677043</value></Data><Data name="speed_1080"><value>23.191962193021578</value></Data><Data name="speed_limit_1080"><value>90</value></Data><Data name="speed_difference_1080"><value>-66.80803780697842</value></Data><Data name="speed_1081"><value>34.776717308324336</value></Data><Data name="speed_limit_1081"><value>50</value></Data><Data name="speed_difference_1081"><value>-15.223282691675664</value></Data><Data name="speed_1082"><value>9.72535360737125</value></Data><Data name="speed_limit_1082"><value>50</value></Data><Data name="speed_difference_1082"><value>-40.27464639262875</value></Data><Data name="speed_1083"><value>46.17691212828628</value></Data><Data name="speed_limit_1083"><value>50</value></Data><Data name="speed_difference_1083"><value>-3.8230878717137173</value></Data><Data name="speed_1084"><value>29.243092062249904</value></Data><Data name="speed_limit_1084"><value>50</value></Data><Data name="speed_difference_1084"><value>-20.756907937750096</value></Data><Data name="speed_1085"><value>3.2183178840505966</value></Data><Data name="speed_limit_1085"><value>50</value></Data><Data name="speed_difference_1085"><value>-46.7816821159494</value></Data><Data name="speed_1086"><value>0.0</value></Data><Data name="speed_limit_1086"><value>50</value></Data><Data name="speed_difference_1086"><value>-50.0</value></Data><Data name="speed_1087"><value>50.99271450947835</value></Data><Data name="speed_limit_1087"><value>50</value></Data><Data name="speed_difference_1087"><value>0.9927145094783469</value></Data><Data name="speed_1088"><value>57.30189664359202</value></Data><Data name="speed_limit_1088"><value>50</value></Data><Data name="speed_difference_1088"><value>7.301896643592023</value></Data><Data name="speed_1089"><value>37.268236526504786</value></Data><Data name="speed_limit_1089"><value>50</value></Data><Data name="speed_difference_1089"><value>-12.731763473495214</value></Data><Data name="speed_1090"><value>40.15216145834134</value></Data><Data name="speed_limit_1090"><value>50</value></Data><Data name="speed_difference_1090"><value>-9.84783854165866</value></Data><Data name="speed_1091"><value>49.37049765355963</value></Data><Data name="speed_limit_1091"><value>50</value></Data><Data name="speed_difference_1091"><value>-0.6295023464403684</value></Data><Data name="speed_1092"><value>59.10344934239665</value></Data><Data name="speed_limit_1092"><value>50</value></Data><Data name="speed_difference_1092"><value>9.103449342396651</value></Data><Data name="speed_1093"><value>56.05075291466652</value></Data><Data name="speed_limit_1093"><value>50</value></Data><Data name="speed_difference_1093"><value>6.050752914666518</value></Data><Data name="speed_1094"><value>46.278934275608535</value></Data><Data name="speed_limit_1094"><value>50</value></Data><Data name="speed_difference_1094"><value>-3.7210657243914653</value></Data><Data name="speed_1095"><value>7.467188343225748</value></Data><Data name="speed_limit_1095"><value>50</value></Data><Data name="speed_difference_1095"><value>-42.53281165677425</value></Data><Data name="speed_1096"><value>6.242499773842005</value></Data><Data name="speed_limit_1096"><value>50</value></Data><Data name="speed_difference_1096"><value>-43.757500226157994</value></Data><Data name="speed_1097"><value>7.742960568571343</value></Data><Data name="speed_limit_1097"><value>50</value></Data><Data name="speed_difference_1097"><value>-42.25703943142866</value></Data><Data name="speed_1098"><value>5.296398299407584</value></Data><Data name="speed_limit_1098"><value>50</value></Data><Data name="speed_difference_1098"><value>-44.703601700592415</value></Data><Data name="speed_1099"><value>14.210150841790774</value></Data><Data name="speed_limit_1099"><value>50</value></Data><Data name="speed_difference_1099"><value>-35.78984915820922</value></Data><Data name="speed_1100"><value>51.45742069143919</value></Data><Data name="speed_limit_1100"><value>50</value></Data><Data name="speed_difference_1100"><value>1.4574206914391894</value></Data><Data name="speed_1101"><value>52.5007617949634</value></Data><Data name="speed_limit_1101"><value>50</value></Data><Data name="speed_difference_1101"><value>2.5007617949634025</value></Data><Data name="speed_1102"><value>0.0</value></Data><Data name="speed_limit_1102"><value>90</value></Data><Data name="speed_difference_1102"><value>-90.0</value></Data><Data name="speed_1103"><value>42.621661216615436</value></Data><Data name="speed_limit_1103"><value>40</value></Data><Data name="speed_difference_1103"><value>2.6216612166154363</value></Data><Data name="speed_1104"><value>21.67776315484357</value></Data><Data name="speed_limit_1104"><value>50</value></Data><Data name="speed_difference_1104"><value>-28.32223684515643</value></Data><Data name="speed_1105"><value>31.36589664207247</value></Data><Data name="speed_limit_1105"><value>50</value></Data><Data name="speed_difference_1105"><value>-18.63410335792753</value></Data><Data name="speed_1106"><value>56.73593046811856</value></Data><Data name="speed_limit_1106"><value>50</value></Data><Data name="speed_difference_1106"><value>6.7359304681185606</value></Data><Data name="speed_1107"><value>23.87851222140881</value></Data><Data name="speed_limit_1107"><value>50</value></Data><Data name="speed_difference_1107"><value>-26.12148777859119</value></Data><Data name="speed_1108"><value>56.28309806723871</value></Data><Data name="speed_limit_1108"><value>50</value></Data><Data name="speed_difference_1108"><value>6.283098067238711</value></Data><Data name="speed_1109"><value>74.31853428330324</value></Data><Data name="speed_limit_1109"><value>50</value></Data><Data name="speed_difference_1109"><value>24.318534283303237</value></Data><Data name="speed_1110"><value>71.20584328509781</value></Data><Data name="speed_limit_1110"><value>50</value></Data><Data name="speed_difference_1110"><value>21.205843285097814</value></Data><Data name="speed_1111"><value>72.4744214134643</value></Data><Data name="speed_limit_1111"><value>50</value></Data><Data name="speed_difference_1111"><value>22.4744214134643</value></Data><Data name="speed_1112"><value>75.07323269825194</value></Data><Data name="speed_limit_1112"><value>50</value></Data><Data name="speed_difference_1112"><value>25.073232698251942</value></Data><Data name="speed_1113"><value>74.41507583686987</value></Data><Data name="speed_limit_1113"><value>50</value></Data><Data name="speed_difference_1113"><value>24.415075836869875</value></Data><Data name="speed_1114"><value>71.92686962987335</value></Data><Data name="speed_limit_1114"><value>50</value></Data><Data name="speed_difference_1114"><value>21.92686962987335</value></Data><Data name="speed_1115"><value>0.0</value></Data><Data name="speed_limit_1115"><value>50</value></Data><Data name="speed_difference_1115"><value>-50.0</value></Data><Data name="speed_1116"><value>59.38413545490257</value></Data><Data name="speed_limit_1116"><value>50</value></Data><Data name="speed_difference_1116"><value>9.38413545490257</value></Data><Data name="speed_1117"><value>19.461906310101423</value></Data><Data name="speed_limit_1117"><value>50</value></Data><Data name="speed_difference_1117"><value>-30.538093689898577</value></Data><Data name="speed_1118"><value>8.422015389254623</value></Data><Data name="speed_limit_1118"><value>50</value></Data><Data name="speed_difference_1118"><value>-41.577984610745375</value></Data><Data name="speed_1119"><value>16.71087494481501</value></Data><Data name="speed_limit_1119"><value>50</value></Data><Data name="speed_difference_1119"><value>-33.28912505518499</value></Data><Data name="speed_1120"><value>7.549711544840149</value></Data><Data name="speed_limit_1120"><value>50</value></Data><Data name="speed_difference_1120"><value>-42.45028845515985</value></Data><Data name="speed_1121"><value>11.431090718432484</value></Data><Data name="speed_limit_1121"><value>50</value></Data><Data name="speed_difference_1121"><value>-38.568909281567514</value></Data><Data name="speed_1122"><value>5.642965219963726</value></Data><Data name="speed_limit_1122"><value>50</value></Data><Data name="speed_difference_1122"><value>-44.35703478003627</value></Data><Data name="speed_1123"><value>15.025670491369675</value></Data><Data name="speed_limit_1123"><value>50</value></Data><Data name="speed_difference_1123"><value>-34.974329508630326</value></Data><Data name="speed_1124"><value>11.943060143902128</value></Data><Data name="speed_limit_1124"><value>50</value></Data><Data name="speed_difference_1124"><value>-38.05693985609787</value></Data><Data name="speed_1125"><value>50.10712273870682</value></Data><Data name="speed_limit_1125"><value>50</value></Data><Data name="speed_difference_1125"><value>0.10712273870682054</value></Data><Data name="speed_1126"><value>4.067936017058089</value></Data><Data name="speed_limit_1126"><value>50</value></Data><Data name="speed_difference_1126"><value>-45.93206398294191</value></Data><Data name="speed_1127"><value>4.133205214377192</value></Data><Data name="speed_limit_1127"><value>50</value></Data><Data name="speed_difference_1127"><value>-45.86679478562281</value></Data><Data name="speed_1128"><value>4.234349251056853</value></Data><Data name="speed_limit_1128"><value>50</value></Data><Data name="speed_difference_1128"><value>-45.765650748943145</value></Data><Data name="speed_1129"><value>4.256541760922775</value></Data><Data name="speed_limit_1129"><value>50</value></Data><Data name="speed_difference_1129"><value>-45.74345823907723</value></Data><Data name="speed_1130"><value>10.444645056042775</value></Data><Data name="speed_limit_1130"><value>50</value></Data><Data name="speed_difference_1130"><value>-39.55535494395723</value></Data><Data name="speed_1131"><value>31.06101109710761</value></Data><Data name="speed_limit_1131"><value>50</value></Data><Data name="speed_difference_1131"><value>-18.93898890289239</value></Data><Data name="speed_1132"><value>49.02326035616769</value></Data><Data name="speed_limit_1132"><value>50</value></Data><Data name="speed_difference_1132"><value>-0.9767396438323104</value></Data><Data name="speed_1133"><value>45.71174318003524</value></Data><Data name="speed_limit_1133"><value>50</value></Data><Data name="speed_difference_1133"><value>-4.288256819964758</value></Data><Data name="speed_1134"><value>33.56132516970742</value></Data><Data name="speed_limit_1134"><value>50</value></Data><Data name="speed_difference_1134"><value>-16.438674830292577</value></Data><Data name="speed_1135"><value>41.82994153037517</value></Data><Data name="speed_limit_1135"><value>50</value></Data><Data name="speed_difference_1135"><value>-8.170058469624827</value></Data><Data name="speed_1136"><value>45.47587086461912</value></Data><Data name="speed_limit_1136"><value>50</value></Data><Data name="speed_difference_1136"><value>-4.524129135380882</value></Data><Data name="speed_1137"><value>4.0137721878716</value></Data><Data name="speed_limit_1137"><value>90</value></Data><Data name="speed_difference_1137"><value>-85.9862278121284</value></Data><Data name="speed_1138"><value>4.2466092794672825</value></Data><Data name="speed_limit_1138"><value>90</value></Data><Data name="speed_difference_1138"><value>-85.75339072053272</value></Data><Data name="speed_1139"><value>5.541055958316674</value></Data><Data name="speed_limit_1139"><value>90</value></Data><Data name="speed_difference_1139"><value>-84.45894404168332</value></Data><Data name="speed_1140"><value>5.674406571491318</value></Data><Data name="speed_limit_1140"><value>90</value></Data><Data name="speed_difference_1140"><value>-84.32559342850868</value></Data><Data name="speed_1141"><value>5.706341737397947</value></Data><Data name="speed_limit_1141"><value>90</value></Data><Data name="speed_difference_1141"><value>-84.29365826260205</value></Data><Data name="speed_1142"><value>5.687947804110545</value></Data><Data name="speed_limit_1142"><value>90</value></Data><Data name="speed_difference_1142"><value>-84.31205219588945</value></Data><Data name="speed_1143"><value>0.0</value></Data><Data name="speed_limit_1143"><value>90</value></Data><Data name="speed_difference_1143"><value>-90.0</value></Data><Data name="speed_1144"><value>12.850185944366594</value></Data><Data name="speed_limit_1144"><value>90</value></Data><Data name="speed_difference_1144"><value>-77.14981405563341</value></Data><Data name="speed_1145"><value>35.73858217243375</value></Data><Data name="speed_limit_1145"><value>50</value></Data><Data name="speed_difference_1145"><value>-14.261417827566248</value></Data><Data name="speed_1146"><value>43.294399046018135</value></Data><Data name="speed_limit_1146"><value>50</value></Data><Data name="speed_difference_1146"><value>-6.705600953981865</value></Data><Data name="speed_1147"><value>26.160542493404233</value></Data><Data name="speed_limit_1147"><value>50</value></Data><Data name="speed_difference_1147"><value>-23.839457506595767</value></Data><Data name="speed_1148"><value>20.480618471783654</value></Data><Data name="speed_limit_1148"><value>50</value></Data><Data name="speed_difference_1148"><value>-29.519381528216346</value></Data><Data name="speed_1149"><value>16.022463923078956</value></Data><Data name="speed_limit_1149"><value>50</value></Data><Data name="speed_difference_1149"><value>-33.97753607692104</value></Data><Data name="speed_1150"><value>46.76911805225518</value></Data><Data name="speed_limit_1150"><value>50</value></Data><Data name="speed_difference_1150"><value>-3.2308819477448196</value></Data><Data name="speed_1151"><value>41.45207265007202</value></Data><Data name="speed_limit_1151"><value>50</value></Data><Data name="speed_difference_1151"><value>-8.547927349927981</value></Data><Data name="speed_1152"><value>23.452368702031745</value></Data><Data name="speed_limit_1152"><value>50</value></Data><Data name="speed_difference_1152"><value>-26.547631297968255</value></Data><Data name="speed_1153"><value>29.54699584972048</value></Data><Data name="speed_limit_1153"><value>50</value></Data><Data name="speed_difference_1153"><value>-20.45300415027952</value></Data><Data name="speed_1154"><value>44.63423678101982</value></Data><Data name="speed_limit_1154"><value>50</value></Data><Data name="speed_difference_1154"><value>-5.365763218980177</value></Data><Data name="speed_1155"><value>6.7436366192252875</value></Data><Data name="speed_limit_1155"><value>50</value></Data><Data name="speed_difference_1155"><value>-43.256363380774715</value></Data><Data name="speed_1156"><value>6.2224524825955845</value></Data><Data name="speed_limit_1156"><value>50</value></Data><Data name="speed_difference_1156"><value>-43.777547517404415</value></Data><Data name="speed_1157"><value>6.129742143691129</value></Data><Data name="speed_limit_1157"><value>50</value></Data><Data name="speed_difference_1157"><value>-43.87025785630887</value></Data><Data name="speed_1158"><value>28.483445776611294</value></Data><Data name="speed_limit_1158"><value>50</value></Data><Data name="speed_difference_1158"><value>-21.516554223388706</value></Data><Data name="speed_1159"><value>41.16989067126743</value></Data><Data name="speed_limit_1159"><value>50</value></Data><Data name="speed_difference_1159"><value>-8.830109328732568</value></Data><Data name="speed_1160"><value>6.018694420561642</value></Data><Data name="speed_limit_1160"><value>50</value></Data><Data name="speed_difference_1160"><value>-43.981305579438356</value></Data><Data name="speed_1161"><value>5.909968184675902</value></Data><Data name="speed_limit_1161"><value>50</value></Data><Data name="speed_difference_1161"><value>-44.090031815324096</value></Data><Data name="speed_1162"><value>5.841318512054769</value></Data><Data name="speed_limit_1162"><value>50</value></Data><Data name="speed_difference_1162"><value>-44.15868148794523</value></Data><Data name="speed_1163"><value>5.660073548509037</value></Data><Data name="speed_limit_1163"><value>50</value></Data><Data name="speed_difference_1163"><value>-44.33992645149096</value></Data><Data name="speed_1164"><value>20.613765687829353</value></Data><Data name="speed_limit_1164"><value>50</value></Data><Data name="speed_difference_1164"><value>-29.386234312170647</value></Data><Data name="speed_1165"><value>9.89850351663991</value></Data><Data name="speed_limit_1165"><value>50</value></Data><Data name="speed_difference_1165"><value>-40.101496483360094</value></Data><Data name="speed_1166"><value>8.453310955760442</value></Data><Data name="speed_limit_1166"><value>50</value></Data><Data name="speed_difference_1166"><value>-41.54668904423956</value></Data><Data name="speed_1167"><value>14.881636227162415</value></Data><Data name="speed_limit_1167"><value>50</value></Data><Data name="speed_difference_1167"><value>-35.11836377283758</value></Data><Data name="speed_1168"><value>0.0</value></Data><Data name="speed_limit_1168"><value>50</value></Data><Data name="speed_difference_1168"><value>-50.0</value></Data><Data name="speed_1169"><value>13.462262210632174</value></Data><Data name="speed_limit_1169"><value>50</value></Data><Data name="speed_difference_1169"><value>-36.537737789367824</value></Data><Data name="speed_1170"><value>24.291941196449194</value></Data><Data name="speed_limit_1170"><value>50</value></Data><Data name="speed_difference_1170"><value>-25.708058803550806</value></Data><Data name="speed_1171"><value>15.692338735913802</value></Data><Data name="speed_limit_1171"><value>50</value></Data><Data name="speed_difference_1171"><value>-34.3076612640862</value></Data><Data name="speed_1172"><value>38.23634835880008</value></Data><Data name="speed_limit_1172"><value>50</value></Data><Data name="speed_difference_1172"><value>-11.763651641199921</value></Data><Data name="speed_1173"><value>8.058461471940799</value></Data><Data name="speed_limit_1173"><value>50</value></Data><Data name="speed_difference_1173"><value>-41.9415385280592</value></Data><Data name="speed_1174"><value>8.117316384469703</value></Data><Data name="speed_limit_1174"><value>50</value></Data><Data name="speed_difference_1174"><value>-41.8826836155303</value></Data><Data name="speed_1175"><value>31.796784406425232</value></Data><Data name="speed_limit_1175"><value>50</value></Data><Data name="speed_difference_1175"><value>-18.203215593574768</value></Data><Data name="speed_1176"><value>7.661488690361915</value></Data><Data name="speed_limit_1176"><value>50</value></Data><Data name="speed_difference_1176"><value>-42.338511309638086</value></Data><Data name="speed_1177"><value>46.23057035451272</value></Data><Data name="speed_limit_1177"><value>50</value></Data><Data name="speed_difference_1177"><value>-3.7694296454872784</value></Data><Data name="speed_1178"><value>42.34461890995827</value></Data><Data name="speed_limit_1178"><value>50</value></Data><Data name="speed_difference_1178"><value>-7.655381090041729</value></Data><Data name="speed_1179"><value>36.761110732211584</value></Data><Data name="speed_limit_1179"><value>50</value></Data><Data name="speed_difference_1179"><value>-13.238889267788416</value></Data><Data name="speed_1180"><value>15.979120461739008</value></Data><Data name="speed_limit_1180"><value>50</value></Data><Data name="speed_difference_1180"><value>-34.02087953826099</value></Data><Data name="speed_1181"><value>39.369926632662704</value></Data><Data name="speed_limit_1181"><value>50</value></Data><Data name="speed_difference_1181"><value>-10.630073367337296</value></Data><Data name="speed_1182"><value>34.196511504913765</value></Data><Data name="speed_limit_1182"><value>50</value></Data><Data name="speed_difference_1182"><value>-15.803488495086235</value></Data><Data name="speed_1183"><value>18.843854176553116</value></Data><Data name="speed_limit_1183"><value>50</value></Data><Data name="speed_difference_1183"><value>-31.156145823446884</value></Data><Data name="speed_1184"><value>8.760777639515732</value></Data><Data name="speed_limit_1184"><value>50</value></Data><Data name="speed_difference_1184"><value>-41.23922236048427</value></Data><Data name="speed_1185"><value>8.703323133496575</value></Data><Data name="speed_limit_1185"><value>50</value></Data><Data name="speed_difference_1185"><value>-41.296676866503425</value></Data><Data name="speed_1186"><value>8.933099941434111</value></Data><Data name="speed_limit_1186"><value>50</value></Data><Data name="speed_difference_1186"><value>-41.06690005856589</value></Data><Data name="speed_1187"><value>9.637106558998669</value></Data><Data name="speed_limit_1187"><value>50</value></Data><Data name="speed_difference_1187"><value>-40.36289344100133</value></Data><Data name="speed_1188"><value>18.678224035795566</value></Data><Data name="speed_limit_1188"><value>50</value></Data><Data name="speed_difference_1188"><value>-31.321775964204434</value></Data><Data name="speed_1189"><value>10.187299046088997</value></Data><Data name="speed_limit_1189"><value>50</value></Data><Data name="speed_difference_1189"><value>-39.812700953911005</value></Data><Data name="speed_1190"><value>11.4334278920982</value></Data><Data name="speed_limit_1190"><value>50</value></Data><Data name="speed_difference_1190"><value>-38.5665721079018</value></Data><Data name="speed_1191"><value>42.315986145488594</value></Data><Data name="speed_limit_1191"><value>50</value></Data><Data name="speed_difference_1191"><value>-7.684013854511406</value></Data><Data name="speed_1192"><value>9.72053289498179</value></Data><Data name="speed_limit_1192"><value>50</value></Data><Data name="speed_difference_1192"><value>-40.27946710501821</value></Data><Data name="speed_1193"><value>19.324207212523877</value></Data><Data name="speed_limit_1193"><value>50</value></Data><Data name="speed_difference_1193"><value>-30.675792787476123</value></Data><Data name="speed_1194"><value>47.673367390355864</value></Data><Data name="speed_limit_1194"><value>50</value></Data><Data name="speed_difference_1194"><value>-2.326632609644136</value></Data><Data name="speed_1195"><value>18.54008153826792</value></Data><Data name="speed_limit_1195"><value>50</value></Data><Data name="speed_difference_1195"><value>-31.45991846173208</value></Data><Data name="speed_1196"><value>0.0</value></Data><Data name="speed_limit_1196"><value>50</value></Data><Data name="speed_difference_1196"><value>-50.0</value></Data><Data name="speed_1197"><value>43.775269165248645</value></Data><Data name="speed_limit_1197"><value>50</value></Data><Data name="speed_difference_1197"><value>-6.224730834751355</value></Data><Data name="speed_1198"><value>19.34382135501356</value></Data><Data name="speed_limit_1198"><value>50</value></Data><Data name="speed_difference_1198"><value>-30.65617864498644</value></Data><Data name="speed_1199"><value>4.204587610849748</value></Data><Data name="speed_limit_1199"><value>50</value></Data><Data name="speed_difference_1199"><value>-45.79541238915025</value></Data><Data name="speed_1200"><value>49.18625153286335</value></Data><Data name="speed_limit_1200"><value>50</value></Data><Data name="speed_difference_1200"><value>-0.813748467136648</value></Data><Data name="speed_1201"><value>53.71071539296045</value></Data><Data name="speed_limit_1201"><value>50</value></Data><Data name="speed_difference_1201"><value>3.710715392960452</value></Data><Data name="speed_1202"><value>51.68560352353654</value></Data><Data name="speed_limit_1202"><value>50</value></Data><Data name="speed_difference_1202"><value>1.6856035235365425</value></Data><Data name="speed_1203"><value>46.578317763713464</value></Data><Data name="speed_limit_1203"><value>50</value></Data><Data name="speed_difference_1203"><value>-3.421682236286536</value></Data><Data name="speed_1204"><value>47.2598881148884</value></Data><Data name="speed_limit_1204"><value>50</value></Data><Data name="speed_difference_1204"><value>-2.7401118851116024</value></Data><Data name="speed_1205"><value>44.17958596284317</value></Data><Data name="speed_limit_1205"><value>50</value></Data><Data name="speed_difference_1205"><value>-5.82041403715683</value></Data><Data name="speed_1206"><value>12.667880947629152</value></Data><Data name="speed_limit_1206"><value>50</value></Data><Data name="speed_difference_1206"><value>-37.33211905237085</value></Data><Data name="speed_1207"><value>7.030480146839264</value></Data><Data name="speed_limit_1207"><value>50</value></Data><Data name="speed_difference_1207"><value>-42.96951985316073</value></Data><Data name="speed_1208"><value>7.851688164548705</value></Data><Data name="speed_limit_1208"><value>50</value></Data><Data name="speed_difference_1208"><value>-42.148311835451295</value></Data><Data name="speed_1209"><value>18.280808968468023</value></Data><Data name="speed_limit_1209"><value>50</value></Data><Data name="speed_difference_1209"><value>-31.719191031531977</value></Data><Data name="speed_1210"><value>37.794121481144956</value></Data><Data name="speed_limit_1210"><value>50</value></Data><Data name="speed_difference_1210"><value>-12.205878518855044</value></Data><Data name="speed_1211"><value>41.24509283331364</value></Data><Data name="speed_limit_1211"><value>50</value></Data><Data name="speed_difference_1211"><value>-8.754907166686358</value></Data><Data name="speed_1212"><value>19.432297440317164</value></Data><Data name="speed_limit_1212"><value>50</value></Data><Data name="speed_difference_1212"><value>-30.567702559682836</value></Data><Data name="speed_1213"><value>10.272724112083075</value></Data><Data name="speed_limit_1213"><value>50</value></Data><Data name="speed_difference_1213"><value>-39.727275887916925</value></Data><Data name="speed_1214"><value>18.55055163331927</value></Data><Data name="speed_limit_1214"><value>50</value></Data><Data name="speed_difference_1214"><value>-31.44944836668073</value></Data><Data name="speed_1215"><value>56.53832197537314</value></Data><Data name="speed_limit_1215"><value>50</value></Data><Data name="speed_difference_1215"><value>6.538321975373137</value></Data><Data name="speed_1216"><value>59.863383943419315</value></Data><Data name="speed_limit_1216"><value>50</value></Data><Data name="speed_difference_1216"><value>9.863383943419315</value></Data><Data name="speed_1217"><value>0.0</value></Data><Data name="speed_limit_1217"><value>50</value></Data><Data name="speed_difference_1217"><value>-50.0</value></Data><Data name="speed_1218"><value>71.61203013068146</value></Data><Data name="speed_limit_1218"><value>50</value></Data><Data name="speed_difference_1218"><value>21.61203013068146</value></Data><Data name="speed_1219"><value>71.71455290660474</value></Data><Data name="speed_limit_1219"><value>50</value></Data><Data name="speed_difference_1219"><value>21.714552906604737</value></Data><Data name="speed_1220"><value>64.03196448421353</value></Data><Data name="speed_limit_1220"><value>50</value></Data><Data name="speed_difference_1220"><value>14.031964484213532</value></Data><Data name="speed_1221"><value>67.07014720671745</value></Data><Data name="speed_limit_1221"><value>50</value></Data><Data name="speed_difference_1221"><value>17.07014720671745</value></Data><Data name="speed_1222"><value>21.717422565386077</value></Data><Data name="speed_limit_1222"><value>50</value></Data><Data name="speed_difference_1222"><value>-28.282577434613923</value></Data><Data name="speed_1223"><value>10.000761363989382</value></Data><Data name="speed_limit_1223"><value>50</value></Data><Data name="speed_difference_1223"><value>-39.99923863601062</value></Data><Data name="speed_1224"><value>48.22205123190216</value></Data><Data name="speed_limit_1224"><value>50</value></Data><Data name="speed_difference_1224"><value>-1.7779487680978434</value></Data><Data name="speed_1225"><value>41.65400861160071</value></Data><Data name="speed_limit_1225"><value>50</value></Data><Data name="speed_difference_1225"><value>-8.345991388399291</value></Data><Data name="speed_1226"><value>35.368832992219495</value></Data><Data name="speed_limit_1226"><value>50</value></Data><Data name="speed_difference_1226"><value>-14.631167007780505</value></Data><Data name="speed_1227"><value>4.985137921224692</value></Data><Data name="speed_limit_1227"><value>50</value></Data><Data name="speed_difference_1227"><value>-45.01486207877531</value></Data><Data name="speed_1228"><value>45.31893922147121</value></Data><Data name="speed_limit_1228"><value>50</value></Data><Data name="speed_difference_1228"><value>-4.6810607785287885</value></Data><Data name="speed_1229"><value>5.645187880294576</value></Data><Data name="speed_limit_1229"><value>50</value></Data><Data name="speed_difference_1229"><value>-44.35481211970542</value></Data><Data name="speed_1230"><value>5.781943198409985</value></Data><Data name="speed_limit_1230"><value>70</value></Data><Data name="speed_difference_1230"><value>-64.21805680159001</value></Data><Data name="speed_1231"><value>6.7116380362310615</value></Data><Data name="speed_limit_1231"><value>70</value></Data><Data name="speed_difference_1231"><value>-63.288361963768935</value></Data><Data name="speed_1232"><value>65.26312420315688</value></Data><Data name="speed_limit_1232"><value>70</value></Data><Data name="speed_difference_1232"><value>-4.7368757968431225</value></Data><Data name="speed_1233"><value>85.27118100940358</value></Data><Data name="speed_limit_1233"><value>70</value></Data><Data name="speed_difference_1233"><value>15.271181009403577</value></Data><Data name="speed_1234"><value>0.0</value></Data><Data name="speed_limit_1234"><value>70</value></Data><Data name="speed_difference_1234"><value>-70.0</value></Data><Data name="speed_1235"><value>75.58226613373638</value></Data><Data name="speed_limit_1235"><value>70</value></Data><Data name="speed_difference_1235"><value>5.582266133736383</value></Data><Data name="speed_1236"><value>47.6884746590732</value></Data><Data name="speed_limit_1236"><value>50</value></Data><Data name="speed_difference_1236"><value>-2.3115253409267993</value></Data><Data name="speed_1237"><value>66.35215098503619</value></Data><Data name="speed_limit_1237"><value>50</value></Data><Data name="speed_difference_1237"><value>16.35215098503619</value></Data><Data name="speed_1238"><value>66.16090695799633</value></Data><Data name="speed_limit_1238"><value>50</value></Data><Data name="speed_difference_1238"><value>16.160906957996332</value></Data><Data name="speed_1239"><value>32.90331021335996</value></Data><Data name="speed_limit_1239"><value>50</value></Data><Data name="speed_difference_1239"><value>-17.09668978664004</value></Data><Data name="speed_1240"><value>29.817877042929062</value></Data><Data name="speed_limit_1240"><value>50</value></Data><Data name="speed_difference_1240"><value>-20.182122957070938</value></Data><Data name="speed_1241"><value>18.284704074445834</value></Data><Data name="speed_limit_1241"><value>50</value></Data><Data name="speed_difference_1241"><value>-31.715295925554166</value></Data><Data name="speed_1242"><value>44.198606743477036</value></Data><Data name="speed_limit_1242"><value>50</value></Data><Data name="speed_difference_1242"><value>-5.801393256522964</value></Data><Data name="speed_1243"><value>45.00141448751924</value></Data><Data name="speed_limit_1243"><value>50</value></Data><Data name="speed_difference_1243"><value>-4.9985855124807586</value></Data><Data name="speed_1244"><value>40.42196763798775</value></Data><Data name="speed_limit_1244"><value>50</value></Data><Data name="speed_difference_1244"><value>-9.578032362012252</value></Data><Data name="speed_1245"><value>9.318078779121326</value></Data><Data name="speed_limit_1245"><value>50</value></Data><Data name="speed_difference_1245"><value>-40.68192122087868</value></Data><Data name="speed_1246"><value>40.569987667818616</value></Data><Data name="speed_limit_1246"><value>50</value></Data><Data name="speed_difference_1246"><value>-9.430012332181384</value></Data><Data name="speed_1247"><value>41.000598682116106</value></Data><Data name="speed_limit_1247"><value>50</value></Data><Data name="speed_difference_1247"><value>-8.999401317883894</value></Data><Data name="speed_1248"><value>44.15241689998069</value></Data><Data name="speed_limit_1248"><value>50</value></Data><Data name="speed_difference_1248"><value>-5.847583100019307</value></Data><Data name="speed_1249"><value>8.74888972245842</value></Data><Data name="speed_limit_1249"><value>50</value></Data><Data name="speed_difference_1249"><value>-41.25111027754158</value></Data><Data name="speed_1250"><value>26.858812867545915</value></Data><Data name="speed_limit_1250"><value>50</value></Data><Data name="speed_difference_1250"><value>-23.141187132454085</value></Data><Data name="speed_1251"><value>44.862525998185866</value></Data><Data name="speed_limit_1251"><value>50</value></Data><Data name="speed_difference_1251"><value>-5.137474001814134</value></Data><Data name="speed_1252"><value>23.575693660707252</value></Data><Data name="speed_limit_1252"><value>50</value></Data><Data name="speed_difference_1252"><value>-26.424306339292748</value></Data><Data name="speed_1253"><value>32.01887638534079</value></Data><Data name="speed_limit_1253"><value>50</value></Data><Data name="speed_difference_1253"><value>-17.98112361465921</value></Data><Data name="speed_1254"><value>32.345219137820244</value></Data><Data name="speed_limit_1254"><value>50</value></Data><Data name="speed_difference_1254"><value>-17.654780862179756</value></Data><Data name="speed_1255"><value>0.0</value></Data><Data name="speed_limit_1255"><value>50</value></Data><Data name="speed_difference_1255"><value>-50.0</value></Data><Data name="speed_1256"><value>16.57153746953312</value></Data><Data name="speed_limit_1256"><value>50</value></Data><Data name="speed_difference_1256"><value>-33.42846253046688</value></Data><Data name="speed_1257"><value>53.85985307521499</value></Data><Data name="speed_limit_1257"><value>50</value></Data><Data name="speed_difference_1257"><value>3.8598530752149927</value></Data><Data name="speed_1258"><value>28.943112252040127</value></Data><Data name="speed_limit_1258"><value>50</value></Data><Data name="speed_difference_1258"><value>-21.056887747959873</value></Data><Data name="speed_1259"><value>5.5393127808929155</value></Data><Data name="speed_limit_1259"><value>50</value></Data><Data name="speed_difference_1259"><value>-44.460687219107086</value></Data><Data name="speed_1260"><value>7.4363656293394556</value></Data><Data name="speed_limit_1260"><value>90</value></Data><Data name="speed_difference_1260"><value>-82.56363437066054</value></Data><Data name="speed_1261"><value>26.928269991590977</value></Data><Data name="speed_limit_1261"><value>90</value></Data><Data name="speed_difference_1261"><value>-63.07173000840902</value></Data><Data name="speed_1262"><value>3.1577441648729088</value></Data><Data name="speed_limit_1262"><value>90</value></Data><Data name="speed_difference_1262"><value>-86.84225583512709</value></Data><Data name="speed_1263"><value>0.0</value></Data><Data name="speed_limit_1263"><value>90</value></Data><Data name="speed_difference_1263"><value>-90.0</value></Data><Data name="speed_1264"><value>9.558808211261926</value></Data><Data name="speed_limit_1264"><value>90</value></Data><Data name="speed_difference_1264"><value>-80.44119178873808</value></Data><Data name="speed_1265"><value>3.0886744053444035</value></Data><Data name="speed_limit_1265"><value>90</value></Data><Data name="speed_difference_1265"><value>-86.9113255946556</value></Data><Data name="speed_1266"><value>39.18073956080937</value></Data><Data name="speed_limit_1266"><value>90</value></Data><Data name="speed_difference_1266"><value>-50.81926043919063</value></Data><Data name="speed_1267"><value>40.15081493722584</value></Data><Data name="speed_limit_1267"><value>90</value></Data><Data name="speed_difference_1267"><value>-49.84918506277416</value></Data><Data name="speed_1268"><value>44.63418773786275</value></Data><Data name="speed_limit_1268"><value>90</value></Data><Data name="speed_difference_1268"><value>-45.36581226213725</value></Data><Data name="speed_1269"><value>43.19279122409312</value></Data><Data name="speed_limit_1269"><value>90</value></Data><Data name="speed_difference_1269"><value>-46.80720877590688</value></Data><Data name="speed_1270"><value>15.857898697666393</value></Data><Data name="speed_limit_1270"><value>50</value></Data><Data name="speed_difference_1270"><value>-34.14210130233361</value></Data><Data name="speed_1271"><value>15.08620705510139</value></Data><Data name="speed_limit_1271"><value>50</value></Data><Data name="speed_difference_1271"><value>-34.91379294489861</value></Data><Data name="speed_1272"><value>36.53896351279236</value></Data><Data name="speed_limit_1272"><value>50</value></Data><Data name="speed_difference_1272"><value>-13.461036487207643</value></Data><Data name="speed_1273"><value>14.29444552983162</value></Data><Data name="speed_limit_1273"><value>50</value></Data><Data name="speed_difference_1273"><value>-35.70555447016838</value></Data><Data name="speed_1274"><value>4.619821443554838</value></Data><Data name="speed_limit_1274"><value>50</value></Data><Data name="speed_difference_1274"><value>-45.38017855644516</value></Data><Data name="speed_1275"><value>44.684389682291474</value></Data><Data name="speed_limit_1275"><value>50</value></Data><Data name="speed_difference_1275"><value>-5.315610317708526</value></Data><Data name="speed_1276"><value>52.204950692088815</value></Data><Data name="speed_limit_1276"><value>50</value></Data><Data name="speed_difference_1276"><value>2.204950692088815</value></Data><Data name="speed_1277"><value>48.606737023786295</value></Data><Data name="speed_limit_1277"><value>50</value></Data><Data name="speed_difference_1277"><value>-1.3932629762137054</value></Data><Data name="speed_1278"><value>49.630715203917305</value></Data><Data name="speed_limit_1278"><value>50</value></Data><Data name="speed_difference_1278"><value>-0.36928479608269527</value></Data><Data name="speed_1279"><value>66.01471206267415</value></Data><Data name="speed_limit_1279"><value>50</value></Data><Data name="speed_difference_1279"><value>16.01471206267415</value></Data><Data name="speed_1280"><value>52.79946557907842</value></Data><Data name="speed_limit_1280"><value>50</value></Data><Data name="speed_difference_1280"><value>2.799465579078422</value></Data><Data name="speed_1281"><value>0.0</value></Data><Data name="speed_limit_1281"><value>50</value></Data><Data name="speed_difference_1281"><value>-50.0</value></Data><Data name="speed_1282"><value>13.467365310574191</value></Data><Data name="speed_limit_1282"><value>50</value></Data><Data name="speed_difference_1282"><value>-36.532634689425805</value></Data><Data name="speed_1283"><value>3.7263831617572687</value></Data><Data name="speed_limit_1283"><value>50</value></Data><Data name="speed_difference_1283"><value>-46.27361683824273</value></Data><Data name="speed_1284"><value>40.072436305748916</value></Data><Data name="speed_limit_1284"><value>50</value></Data><Data name="speed_difference_1284"><value>-9.927563694251084</value></Data><Data name="speed_1285"><value>43.939514337885605</value></Data><Data name="speed_limit_1285"><value>50</value></Data><Data name="speed_difference_1285"><value>-6.060485662114395</value></Data><Data name="speed_1286"><value>23.619329318331346</value></Data><Data name="speed_limit_1286"><value>50</value></Data><Data name="speed_difference_1286"><value>-26.380670681668654</value></Data><Data name="speed_1287"><value>2.780672417584837</value></Data><Data name="speed_limit_1287"><value>50</value></Data><Data name="speed_difference_1287"><value>-47.21932758241516</value></Data><Data name="speed_1288"><value>33.61055916131681</value></Data><Data name="speed_limit_1288"><value>50</value></Data><Data name="speed_difference_1288"><value>-16.389440838683193</value></Data><Data name="speed_1289"><value>25.63620269916787</value></Data><Data name="speed_limit_1289"><value>50</value></Data><Data name="speed_difference_1289"><value>-24.36379730083213</value></Data><Data name="speed_1290"><value>2.086272846672198</value></Data><Data name="speed_limit_1290"><value>50</value></Data><Data name="speed_difference_1290"><value>-47.913727153327805</value></Data><Data name="speed_1291"><value>3.524685425030252</value></Data><Data name="speed_limit_1291"><value>50</value></Data><Data name="speed_difference_1291"><value>-46.47531457496975</value></Data><Data name="speed_1292"><value>20.52751452379677</value></Data><Data name="speed_limit_1292"><value>50</value></Data><Data name="speed_difference_1292"><value>-29.47248547620323</value></Data><Data name="speed_1293"><value>0.0</value></Data><Data name="speed_limit_1293"><value>50</value></Data><Data name="speed_difference_1293"><value>-50.0</value></Data><Data name="speed_1294"><value>4.910352482139902</value></Data><Data name="speed_limit_1294"><value>50</value></Data><Data name="speed_difference_1294"><value>-45.0896475178601</value></Data><Data name="speed_1295"><value>0.0</value></Data><Data name="speed_limit_1295"><value>50</value></Data><Data name="speed_difference_1295"><value>-50.0</value></Data><Data name="speed_1296"><value>0.0</value></Data><Data name="speed_limit_1296"><value>50</value></Data><Data name="speed_difference_1296"><value>-50.0</value></Data><Data name="speed_1297"><value>0.0</value></Data><Data name="speed_limit_1297"><value>50</value></Data><Data name="speed_difference_1297"><value>-50.0</value></Data><Data name="speed_1298"><value>0.0</value></Data><Data name="speed_limit_1298"><value>50</value></Data><Data name="speed_difference_1298"><value>-50.0</value></Data><Data name="speed_1299"><value>0.0</value></Data><Data name="speed_limit_1299"><value>50</value></Data><Data name="speed_difference_1299"><value>-50.0</value></Data><Data name="speed_1300"><value>0.0</value></Data><Data name="speed_limit_1300"><value>50</value></Data><Data name="speed_difference_1300"><value>-50.0</value></Data><Data name="speed_1301"><value>0.0</value></Data><Data name="speed_limit_1301"><value>50</value></Data><Data name="speed_difference_1301"><value>-50.0</value></Data><Data name="speed_1302"><value>0.0</value></Data><Data name="speed_limit_1302"><value>50</value></Data><Data name="speed_difference_1302"><value>-50.0</value></Data><Data name="speed_1303"><value>0.0</value></Data><Data name="speed_limit_1303"><value>50</value></Data><Data name="speed_difference_1303"><value>-50.0</value></Data><Data name="speed_1304"><value>0.0</value></Data><Data name="speed_limit_1304"><value>50</value></Data><Data name="speed_difference_1304"><value>-50.0</value></Data><Data name="speed_1305"><value>0.0</value></Data><Data name="speed_limit_1305"><value>50</value></Data><Data name="speed_difference_1305"><value>-50.0</value></Data><Data name="speed_1306"><value>0.0</value></Data><Data name="speed_limit_1306"><value>50</value></Data><Data name="speed_difference_1306"><value>-50.0</value></Data><Data name="speed_1307"><value>0.0</value></Data><Data name="speed_limit_1307"><value>50</value></Data><Data name="speed_difference_1307"><value>-50.0</value></Data><Data name="speed_1308"><value>0.0</value></Data><Data name="speed_limit_1308"><value>50</value></Data><Data name="speed_difference_1308"><value>-50.0</value></Data><Data name="speed_1309"><value>0.0</value></Data><Data name="speed_limit_1309"><value>50</value></Data><Data name="speed_difference_1309"><value>-50.0</value></Data><Data name="speed_1310"><value>0.0</value></Data><Data name="speed_limit_1310"><value>50</value></Data><Data name="speed_difference_1310"><value>-50.0</value></Data><Data name="speed_1311"><value>0.0</value></Data><Data name="speed_limit_1311"><value>50</value></Data><Data name="speed_difference_1311"><value>-50.0</value></Data><Data name="speed_1312"><value>0.0</value></Data><Data name="speed_limit_1312"><value>50</value></Data><Data name="speed_difference_1312"><value>-50.0</value></Data><Data name="speed_1313"><value>0.0</value></Data><Data name="speed_limit_1313"><value>50</value></Data><Data name="speed_difference_1313"><value>-50.0</value></Data><Data name="speed_1314"><value>0.0</value></Data><Data name="speed_limit_1314"><value>50</value></Data><Data name="speed_difference_1314"><value>-50.0</value></Data><Data name="speed_1315"><value>0.0</value></Data><Data name="speed_limit_1315"><value>50</value></Data><Data name="speed_difference_1315"><value>-50.0</value></Data><Data name="speed_1316"><value>0.0</value></Data><Data name="speed_limit_1316"><value>50</value></Data><Data name="speed_difference_1316"><value>-50.0</value></Data><Data name="speed_1317"><value>0.0</value></Data><Data name="speed_limit_1317"><value>50</value></Data><Data name="speed_difference_1317"><value>-50.0</value></Data><Data name="speed_1318"><value>0.0</value></Data><Data name="speed_limit_1318"><value>50</value></Data><Data name="speed_difference_1318"><value>-50.0</value></Data><Data name="speed_1319"><value>0.0</value></Data><Data name="speed_limit_1319"><value>50</value></Data><Data name="speed_difference_1319"><value>-50.0</value></Data><Data name="speed_1320"><value>0.0</value></Data><Data name="speed_limit_1320"><value>50</value></Data><Data name="speed_difference_1320"><value>-50.0</value></Data><Data name="speed_1321"><value>0.0</value></Data><Data name="speed_limit_1321"><value>50</value></Data><Data name="speed_difference_1321"><value>-50.0</value></Data><Data name="speed_1322"><value>0.0</value></Data><Data name="speed_limit_1322"><value>50</value></Data><Data name="speed_difference_1322"><value>-50.0</value></Data><Data name="speed_1323"><value>0.0</value></Data><Data name="speed_limit_1323"><value>50</value></Data><Data name="speed_difference_1323"><value>-50.0</value></Data><Data name="speed_1324"><value>0.0</value></Data><Data name="speed_limit_1324"><value>50</value></Data><Data name="speed_difference_1324"><value>-50.0</value></Data><Data name="speed_1325"><value>0.0</value></Data><Data name="speed_limit_1325"><value>50</value></Data><Data name="speed_difference_1325"><value>-50.0</value></Data><Data name="speed_1326"><value>0.0</value></Data><Data name="speed_limit_1326"><value>50</value></Data><Data name="speed_difference_1326"><value>-50.0</value></Data><Data name="speed_1327"><value>0.0</value></Data><Data name="speed_limit_1327"><value>50</value></Data><Data name="speed_difference_1327"><value>-50.0</value></Data><Data name="speed_1328"><value>0.0</value></Data><Data name="speed_limit_1328"><value>50</value></Data><Data name="speed_difference_1328"><value>-50.0</value></Data><Data name="speed_1329"><value>0.0</value></Data><Data name="speed_limit_1329"><value>50</value></Data><Data name="speed_difference_1329"><value>-50.0</value></Data><Data name="speed_1330"><value>0.0</value></Data><Data name="speed_limit_1330"><value>50</value></Data><Data name="speed_difference_1330"><value>-50.0</value></Data><Data name="speed_1331"><value>0.0</value></Data><Data name="speed_limit_1331"><value>50</value></Data><Data name="speed_difference_1331"><value>-50.0</value></Data><Data name="speed_1332"><value>0.0</value></Data><Data name="speed_limit_1332"><value>50</value></Data><Data name="speed_difference_1332"><value>-50.0</value></Data><Data name="speed_1333"><value>0.0</value></Data><Data name="speed_limit_1333"><value>50</value></Data><Data name="speed_difference_1333"><value>-50.0</value></Data><Data name="speed_1334"><value>0.0</value></Data><Data name="speed_limit_1334"><value>50</value></Data><Data name="speed_difference_1334"><value>-50.0</value></Data><Data name="speed_1335"><value>0.0</value></Data><Data name="speed_limit_1335"><value>50</value></Data><Data name="speed_difference_1335"><value>-50.0</value></Data><Data name="speed_1336"><value>0.0</value></Data><Data name="speed_limit_1336"><value>50</value></Data><Data name="speed_difference_1336"><value>-50.0</value></Data><Data name="speed_1337"><value>0.0</value></Data><Data name="speed_limit_1337"><value>50</value></Data><Data name="speed_difference_1337"><value>-50.0</value></Data><Data name="speed_1338"><value>0.0</value></Data><Data name="speed_limit_1338"><value>50</value></Data><Data name="speed_difference_1338"><value>-50.0</value></Data><Data name="speed_1339"><value>0.0</value></Data><Data name="speed_limit_1339"><value>50</value></Data><Data name="speed_difference_1339"><value>-50.0</value></Data><Data name="speed_1340"><value>0.0</value></Data><Data name="speed_limit_1340"><value>50</value></Data><Data name="speed_difference_1340"><value>-50.0</value></Data><Data name="speed_1341"><value>0.0</value></Data><Data name="speed_limit_1341"><value>50</value></Data><Data name="speed_difference_1341"><value>-50.0</value></Data><Data name="speed_1342"><value>0.0</value></Data><Data name="speed_limit_1342"><value>50</value></Data><Data name="speed_difference_1342"><value>-50.0</value></Data><Data name="speed_1343"><value>0.0</value></Data><Data name="speed_limit_1343"><value>50</value></Data><Data name="speed_difference_1343"><value>-50.0</value></Data><Data name="speed_1344"><value>0.0</value></Data><Data name="speed_limit_1344"><value>50</value></Data><Data name="speed_difference_1344"><value>-50.0</value></Data><Data name="speed_1345"><value>0.0</value></Data><Data name="speed_limit_1345"><value>50</value></Data><Data name="speed_difference_1345"><value>-50.0</value></Data><Data name="speed_1346"><value>0.0</value></Data><Data name="speed_limit_1346"><value>50</value></Data><Data name="speed_difference_1346"><value>-50.0</value></Data><Data name="speed_1347"><value>0.0</value></Data><Data name="speed_limit_1347"><value>50</value></Data><Data name="speed_difference_1347"><value>-50.0</value></Data><Data name="speed_1348"><value>0.0</value></Data><Data name="speed_limit_1348"><value>50</value></Data><Data name="speed_difference_1348"><value>-50.0</value></Data><Data name="speed_1349"><value>0.0</value></Data><Data name="speed_limit_1349"><value>50</value></Data><Data name="speed_difference_1349"><value>-50.0</value></Data><Data name="speed_1350"><value>0.0</value></Data><Data name="speed_limit_1350"><value>50</value></Data><Data name="speed_difference_1350"><value>-50.0</value></Data><Data name="speed_1351"><value>0.0</value></Data><Data name="speed_limit_1351"><value>50</value></Data><Data name="speed_difference_1351"><value>-50.0</value></Data><Data name="speed_1352"><value>0.0</value></Data><Data name="speed_limit_1352"><value>50</value></Data><Data name="speed_difference_1352"><value>-50.0</value></Data><Data name="speed_1353"><value>0.0</value></Data><Data name="speed_limit_1353"><value>50</value></Data><Data name="speed_difference_1353"><value>-50.0</value></Data><Data name="speed_1354"><value>0.0</value></Data><Data name="speed_limit_1354"><value>50</value></Data><Data name="speed_difference_1354"><value>-50.0</value></Data><Data name="speed_1355"><value>0.0</value></Data><Data name="speed_limit_1355"><value>50</value></Data><Data name="speed_difference_1355"><value>-50.0</value></Data><Data name="speed_1356"><value>0.0</value></Data><Data name="speed_limit_1356"><value>50</value></Data><Data name="speed_difference_1356"><value>-50.0</value></Data><Data name="speed_1357"><value>0.0</value></Data><Data name="speed_limit_1357"><value>50</value></Data><Data name="speed_difference_1357"><value>-50.0</value></Data><Data name="speed_1358"><value>0.0</value></Data><Data name="speed_limit_1358"><value>50</value></Data><Data name="speed_difference_1358"><value>-50.0</value></Data><Data name="speed_1359"><value>0.0</value></Data><Data name="speed_limit_1359"><value>50</value></Data><Data name="speed_difference_1359"><value>-50.0</value></Data><Data name="speed_1360"><value>0.0</value></Data><Data name="speed_limit_1360"><value>50</value></Data><Data name="speed_difference_1360"><value>-50.0</value></Data><Data name="speed_1361"><value>0.0</value></Data><Data name="speed_limit_1361"><value>50</value></Data><Data name="speed_difference_1361"><value>-50.0</value></Data><Data name="speed_1362"><value>0.0</value></Data><Data name="speed_limit_1362"><value>50</value></Data><Data name="speed_difference_1362"><value>-50.0</value></Data><Data name="speed_1363"><value>0.0</value></Data><Data name="speed_limit_1363"><value>50</value></Data><Data name="speed_difference_1363"><value>-50.0</value></Data><Data name="speed_1364"><value>0.0</value></Data><Data name="speed_limit_1364"><value>50</value></Data><Data name="speed_difference_1364"><value>-50.0</value></Data><Data name="speed_1365"><value>0.0</value></Data><Data name="speed_limit_1365"><value>50</value></Data><Data name="speed_difference_1365"><value>-50.0</value></Data><Data name="speed_1366"><value>0.0</value></Data><Data name="speed_limit_1366"><value>50</value></Data><Data name="speed_difference_1366"><value>-50.0</value></Data><Data name="speed_1367"><value>0.0</value></Data><Data name="speed_limit_1367"><value>50</value></Data><Data name="speed_difference_1367"><value>-50.0</value></Data><Data name="speed_1368"><value>0.0</value></Data><Data name="speed_limit_1368"><value>50</value></Data><Data name="speed_difference_1368"><value>-50.0</value></Data><Data name="speed_1369"><value>0.0</value></Data><Data name="speed_limit_1369"><value>50</value></Data><Data name="speed_difference_1369"><value>-50.0</value></Data><Data name="speed_1370"><value>0.0</value></Data><Data name="speed_limit_1370"><value>50</value></Data><Data name="speed_difference_1370"><value>-50.0</value></Data><Data name="speed_1371"><value>0.0</value></Data><Data name="speed_limit_1371"><value>50</value></Data><Data name="speed_difference_1371"><value>-50.0</value></Data><Data name="speed_1372"><value>0.0</value></Data><Data name="speed_limit_1372"><value>50</value></Data><Data name="speed_difference_1372"><value>-50.0</value></Data><Data name="speed_1373"><value>0.0</value></Data><Data name="speed_limit_1373"><value>50</value></Data><Data name="speed_difference_1373"><value>-50.0</value></Data><Data name="speed_1374"><value>0.0</value></Data><Data name="speed_limit_1374"><value>50</value></Data><Data name="speed_difference_1374"><value>-50.0</value></Data><Data name="speed_1375"><value>0.0</value></Data><Data name="speed_limit_1375"><value>50</value></Data><Data name="speed_difference_1375"><value>-50.0</value></Data><Data name="speed_1376"><value>0.0</value></Data><Data name="speed_limit_1376"><value>50</value></Data><Data name="speed_difference_1376"><value>-50.0</value></Data><Data name="speed_1377"><value>0.0</value></Data><Data name="speed_limit_1377"><value>50</value></Data><Data name="speed_difference_1377"><value>-50.0</value></Data><Data name="speed_1378"><value>0.0</value></Data><Data name="speed_limit_1378"><value>50</value></Data><Data name="speed_difference_1378"><value>-50.0</value></Data><Data name="speed_1379"><value>0.0</value></Data><Data name="speed_limit_1379"><value>50</value></Data><Data name="speed_difference_1379"><value>-50.0</value></Data><Data name="speed_1380"><value>0.0</value></Data><Data name="speed_limit_1380"><value>50</value></Data><Data name="speed_difference_1380"><value>-50.0</value></Data><Data name="speed_1381"><value>0.0</value></Data><Data name="speed_limit_1381"><value>50</value></Data><Data name="speed_difference_1381"><value>-50.0</value></Data><Data name="speed_1382"><value>0.0</value></Data><Data name="speed_limit_1382"><value>50</value></Data><Data name="speed_difference_1382"><value>-50.0</value></Data><Data name="speed_1383"><value>0.0</value></Data><Data name="speed_limit_1383"><value>50</value></Data><Data name="speed_difference_1383"><value>-50.0</value></Data><Data name="speed_1384"><value>0.0</value></Data><Data name="speed_limit_1384"><value>50</value></Data><Data name="speed_difference_1384"><value>-50.0</value></Data><Data name="speed_1385"><value>0.0</value></Data><Data name="speed_limit_1385"><value>50</value></Data><Data name="speed_difference_1385"><value>-50.0</value></Data><Data name="speed_1386"><value>0.0</value></Data><Data name="speed_limit_1386"><value>50</value></Data><Data name="speed_difference_1386"><value>-50.0</value></Data><Data name="speed_1387"><value>0.0</value></Data><Data name="speed_limit_1387"><value>50</value></Data><Data name="speed_difference_1387"><value>-50.0</value></Data><Data name="speed_1388"><value>0.0</value></Data><Data name="speed_limit_1388"><value>50</value></Data><Data name="speed_difference_1388"><value>-50.0</value></Data><Data name="speed_1389"><value>0.0</value></Data><Data name="speed_limit_1389"><value>50</value></Data><Data name="speed_difference_1389"><value>-50.0</value></Data><Data name="speed_1390"><value>0.0</value></Data><Data name="speed_limit_1390"><value>50</value></Data><Data name="speed_difference_1390"><value>-50.0</value></Data><Data name="speed_1391"><value>0.0</value></Data><Data name="speed_limit_1391"><value>50</value></Data><Data name="speed_difference_1391"><value>-50.0</value></Data><Data name="speed_1392"><value>0.0</value></Data><Data name="speed_limit_1392"><value>50</value></Data><Data name="speed_difference_1392"><value>-50.0</value></Data><Data name="speed_1393"><value>0.0</value></Data><Data name="speed_limit_1393"><value>50</value></Data><Data name="speed_difference_1393"><value>-50.0</value></Data><Data name="speed_1394"><value>0.0</value></Data><Data name="speed_limit_1394"><value>50</value></Data><Data name="speed_difference_1394"><value>-50.0</value></Data><Data name="speed_1395"><value>0.0</value></Data><Data name="speed_limit_1395"><value>50</value></Data><Data name="speed_difference_1395"><value>-50.0</value></Data><Data name="speed_1396"><value>0.0</value></Data><Data name="speed_limit_1396"><value>50</value></Data><Data name="speed_difference_1396"><value>-50.0</value></Data><Data name="speed_1397"><value>0.0</value></Data><Data name="speed_limit_1397"><value>50</value></Data><Data name="speed_difference_1397"><value>-50.0</value></Data><Data name="speed_1398"><value>0.0</value></Data><Data name="speed_limit_1398"><value>50</value></Data><Data name="speed_difference_1398"><value>-50.0</value></Data><Data name="speed_1399"><value>0.0</value></Data><Data name="speed_limit_1399"><value>50</value></Data><Data name="speed_difference_1399"><value>-50.0</value></Data><Data name="speed_1400"><value>0.0</value></Data><Data name="speed_limit_1400"><value>50</value></Data><Data name="speed_difference_1400"><value>-50.0</value></Data><Data name="speed_1401"><value>0.0</value></Data><Data name="speed_limit_1401"><value>50</value></Data><Data name="speed_difference_1401"><value>-50.0</value></Data><Data name="speed_1402"><value>0.0</value></Data><Data name="speed_limit_1402"><value>50</value></Data><Data name="speed_difference_1402"><value>-50.0</value></Data><Data name="speed_1403"><value>0.0</value></Data><Data name="speed_limit_1403"><value>50</value></Data><Data name="speed_difference_1403"><value>-50.0</value></Data><Data name="speed_1404"><value>0.0</value></Data><Data name="speed_limit_1404"><value>50</value></Data><Data name="speed_difference_1404"><value>-50.0</value></Data><Data name="speed_1405"><value>0.0</value></Data><Data name="speed_limit_1405"><value>50</value></Data><Data name="speed_difference_1405"><value>-50.0</value></Data><Data name="speed_1406"><value>0.0</value></Data><Data name="speed_limit_1406"><value>50</value></Data><Data name="speed_difference_1406"><value>-50.0</value></Data><Data name="speed_1407"><value>0.0</value></Data><Data name="speed_limit_1407"><value>50</value></Data><Data name="speed_difference_1407"><value>-50.0</value></Data><Data name="speed_1408"><value>0.0</value></Data><Data name="speed_limit_1408"><value>50</value></Data><Data name="speed_difference_1408"><value>-50.0</value></Data><Data name="speed_1409"><value>0.0</value></Data><Data name="speed_limit_1409"><value>50</value></Data><Data name="speed_difference_1409"><value>-50.0</value></Data><Data name="speed_1410"><value>0.0</value></Data><Data name="speed_limit_1410"><value>50</value></Data><Data name="speed_difference_1410"><value>-50.0</value></Data><Data name="speed_1411"><value>0.0</value></Data><Data name="speed_limit_1411"><value>50</value></Data><Data name="speed_difference_1411"><value>-50.0</value></Data><Data name="speed_1412"><value>0.0</value></Data><Data name="speed_limit_1412"><value>50</value></Data><Data name="speed_difference_1412"><value>-50.0</value></Data><Data name="speed_1413"><value>0.0</value></Data><Data name="speed_limit_1413"><value>50</value></Data><Data name="speed_difference_1413"><value>-50.0</value></Data><Data name="speed_1414"><value>0.0</value></Data><Data name="speed_limit_1414"><value>50</value></Data><Data name="speed_difference_1414"><value>-50.0</value></Data><Data name="speed_1415"><value>0.0</value></Data><Data name="speed_limit_1415"><value>50</value></Data><Data name="speed_difference_1415"><value>-50.0</value></Data><Data name="speed_1416"><value>0.0</value></Data><Data name="speed_limit_1416"><value>50</value></Data><Data name="speed_difference_1416"><value>-50.0</value></Data><Data name="speed_1417"><value>0.0</value></Data><Data name="speed_limit_1417"><value>50</value></Data><Data name="speed_difference_1417"><value>-50.0</value></Data><Data name="speed_1418"><value>0.0</value></Data><Data name="speed_limit_1418"><value>50</value></Data><Data name="speed_difference_1418"><value>-50.0</value></Data><Data name="speed_1419"><value>0.0</value></Data><Data name="speed_limit_1419"><value>50</value></Data><Data name="speed_difference_1419"><value>-50.0</value></Data><Data name="speed_1420"><value>0.0</value></Data><Data name="speed_limit_1420"><value>50</value></Data><Data name="speed_difference_1420"><value>-50.0</value></Data><Data name="speed_1421"><value>0.0</value></Data><Data name="speed_limit_1421"><value>50</value></Data><Data name="speed_difference_1421"><value>-50.0</value></Data><Data name="speed_1422"><value>0.0</value></Data><Data name="speed_limit_1422"><value>50</value></Data><Data name="speed_difference_1422"><value>-50.0</value></Data><Data name="speed_1423"><value>0.0</value></Data><Data name="speed_limit_1423"><value>50</value></Data><Data name="speed_difference_1423"><value>-50.0</value></Data><Data name="speed_1424"><value>0.0</value></Data><Data name="speed_limit_1424"><value>50</value></Data><Data name="speed_difference_1424"><value>-50.0</value></Data><Data name="speed_1425"><value>0.0</value></Data><Data name="speed_limit_1425"><value>50</value></Data><Data name="speed_difference_1425"><value>-50.0</value></Data><Data name="speed_1426"><value>0.0</value></Data><Data name="speed_limit_1426"><value>50</value></Data><Data name="speed_difference_1426"><value>-50.0</value></Data><Data name="speed_1427"><value>0.0</value></Data><Data name="speed_limit_1427"><value>50</value></Data><Data name="speed_difference_1427"><value>-50.0</value></Data><Data name="speed_1428"><value>0.0</value></Data><Data name="speed_limit_1428"><value>50</value></Data><Data name="speed_difference_1428"><value>-50.0</value></Data><Data name="speed_1429"><value>0.0</value></Data><Data name="speed_limit_1429"><value>50</value></Data><Data name="speed_difference_1429"><value>-50.0</value></Data><Data name="speed_1430"><value>0.0</value></Data><Data name="speed_limit_1430"><value>50</value></Data><Data name="speed_difference_1430"><value>-50.0</value></Data><Data name="speed_1431"><value>0.0</value></Data><Data name="speed_limit_1431"><value>50</value></Data><Data name="speed_difference_1431"><value>-50.0</value></Data><Data name="speed_1432"><value>0.0</value></Data><Data name="speed_limit_1432"><value>50</value></Data><Data name="speed_difference_1432"><value>-50.0</value></Data><Data name="speed_1433"><value>0.0</value></Data><Data name="speed_limit_1433"><value>50</value></Data><Data name="speed_difference_1433"><value>-50.0</value></Data><Data name="speed_1434"><value>0.0</value></Data><Data name="speed_limit_1434"><value>50</value></Data><Data name="speed_difference_1434"><value>-50.0</value></Data><Data name="speed_1435"><value>0.0</value></Data><Data name="speed_limit_1435"><value>50</value></Data><Data name="speed_difference_1435"><value>-50.0</value></Data><Data name="speed_1436"><value>0.0</value></Data><Data name="speed_limit_1436"><value>50</value></Data><Data name="speed_difference_1436"><value>-50.0</value></Data><Data name="speed_1437"><value>0.0</value></Data><Data name="speed_limit_1437"><value>50</value></Data><Data name="speed_difference_1437"><value>-50.0</value></Data><Data name="speed_1438"><value>0.0</value></Data><Data name="speed_limit_1438"><value>50</value></Data><Data name="speed_difference_1438"><value>-50.0</value></Data><Data name="speed_1439"><value>0.0</value></Data><Data name="speed_limit_1439"><value>50</value></Data><Data name="speed_difference_1439"><value>-50.0</value></Data><Data name="speed_1440"><value>0.0</value></Data><Data name="speed_limit_1440"><value>50</value></Data><Data name="speed_difference_1440"><value>-50.0</value></Data><Data name="speed_1441"><value>0.0</value></Data><Data name="speed_limit_1441"><value>50</value></Data><Data name="speed_difference_1441"><value>-50.0</value></Data><Data name="speed_1442"><value>0.0</value></Data><Data name="speed_limit_1442"><value>50</value></Data><Data name="speed_difference_1442"><value>-50.0</value></Data><Data name="speed_1443"><value>0.0</value></Data><Data name="speed_limit_1443"><value>50</value></Data><Data name="speed_difference_1443"><value>-50.0</value></Data><Data name="speed_1444"><value>0.0</value></Data><Data name="speed_limit_1444"><value>50</value></Data><Data name="speed_difference_1444"><value>-50.0</value></Data><Data name="speed_1445"><value>0.0</value></Data><Data name="speed_limit_1445"><value>50</value></Data><Data name="speed_difference_1445"><value>-50.0</value></Data><Data name="speed_1446"><value>0.0</value></Data><Data name="speed_limit_1446"><value>50</value></Data><Data name="speed_difference_1446"><value>-50.0</value></Data><Data name="speed_1447"><value>0.0</value></Data><Data name="speed_limit_1447"><value>50</value></Data><Data name="speed_difference_1447"><value>-50.0</value></Data><Data name="speed_1448"><value>0.0</value></Data><Data name="speed_limit_1448"><value>50</value></Data><Data name="speed_difference_1448"><value>-50.0</value></Data><Data name="speed_1449"><value>0.0</value></Data><Data name="speed_limit_1449"><value>50</value></Data><Data name="speed_difference_1449"><value>-50.0</value></Data><Data name="speed_1450"><value>0.0</value></Data><Data name="speed_limit_1450"><value>50</value></Data><Data name="speed_difference_1450"><value>-50.0</value></Data><Data name="speed_1451"><value>0.0</value></Data><Data name="speed_limit_1451"><value>50</value></Data><Data name="speed_difference_1451"><value>-50.0</value></Data><Data name="speed_1452"><value>0.0</value></Data><Data name="speed_limit_1452"><value>50</value></Data><Data name="speed_difference_1452"><value>-50.0</value></Data><Data name="speed_1453"><value>0.0</value></Data><Data name="speed_limit_1453"><value>50</value></Data><Data name="speed_difference_1453"><value>-50.0</value></Data><Data name="speed_1454"><value>0.0</value></Data><Data name="speed_limit_1454"><value>50</value></Data><Data name="speed_difference_1454"><value>-50.0</value></Data><Data name="speed_1455"><value>0.0</value></Data><Data name="speed_limit_1455"><value>50</value></Data><Data name="speed_difference_1455"><value>-50.0</value></Data><Data name="speed_1456"><value>0.0</value></Data><Data name="speed_limit_1456"><value>50</value></Data><Data name="speed_difference_1456"><value>-50.0</value></Data><Data name="speed_1457"><value>0.0</value></Data><Data name="speed_limit_1457"><value>50</value></Data><Data name="speed_difference_1457"><value>-50.0</value></Data><Data name="speed_1458"><value>0.0</value></Data><Data name="speed_limit_1458"><value>50</value></Data><Data name="speed_difference_1458"><value>-50.0</value></Data><Data name="speed_1459"><value>0.0</value></Data><Data name="speed_limit_1459"><value>50</value></Data><Data name="speed_difference_1459"><value>-50.0</value></Data><Data name="speed_1460"><value>0.0</value></Data><Data name="speed_limit_1460"><value>50</value></Data><Data name="speed_difference_1460"><value>-50.0</value></Data><Data name="speed_1461"><value>0.0</value></Data><Data name="speed_limit_1461"><value>50</value></Data><Data name="speed_difference_1461"><value>-50.0</value></Data><Data name="speed_1462"><value>0.0</value></Data><Data name="speed_limit_1462"><value>50</value></Data><Data name="speed_difference_1462"><value>-50.0</value></Data><Data name="speed_1463"><value>0.0</value></Data><Data name="speed_limit_1463"><value>50</value></Data><Data name="speed_difference_1463"><value>-50.0</value></Data><Data name="speed_1464"><value>0.0</value></Data><Data name="speed_limit_1464"><value>50</value></Data><Data name="speed_difference_1464"><value>-50.0</value></Data><Data name="speed_1465"><value>0.0</value></Data><Data name="speed_limit_1465"><value>50</value></Data><Data name="speed_difference_1465"><value>-50.0</value></Data><Data name="speed_1466"><value>0.0</value></Data><Data name="speed_limit_1466"><value>50</value></Data><Data name="speed_difference_1466"><value>-50.0</value></Data><Data name="speed_1467"><value>0.0</value></Data><Data name="speed_limit_1467"><value>50</value></Data><Data name="speed_difference_1467"><value>-50.0</value></Data><Data name="speed_1468"><value>0.0</value></Data><Data name="speed_limit_1468"><value>50</value></Data><Data name="speed_difference_1468"><value>-50.0</value></Data><Data name="speed_1469"><value>0.0</value></Data><Data name="speed_limit_1469"><value>50</value></Data><Data name="speed_difference_1469"><value>-50.0</value></Data><Data name="speed_1470"><value>0.0</value></Data><Data name="speed_limit_1470"><value>50</value></Data><Data name="speed_difference_1470"><value>-50.0</value></Data><Data name="speed_1471"><value>0.0</value></Data><Data name="speed_limit_1471"><value>50</value></Data><Data name="speed_difference_1471"><value>-50.0</value></Data><Data name="speed_1472"><value>0.0</value></Data><Data name="speed_limit_1472"><value>50</value></Data><Data name="speed_difference_1472"><value>-50.0</value></Data><Data name="speed_1473"><value>0.0</value></Data><Data name="speed_limit_1473"><value>50</value></Data><Data name="speed_difference_1473"><value>-50.0</value></Data><Data name="speed_1474"><value>0.0</value></Data><Data name="speed_limit_1474"><value>50</value></Data><Data name="speed_difference_1474"><value>-50.0</value></Data><Data name="speed_1475"><value>0.0</value></Data><Data name="speed_limit_1475"><value>50</value></Data><Data name="speed_difference_1475"><value>-50.0</value></Data><Data name="speed_1476"><value>0.0</value></Data><Data name="speed_limit_1476"><value>50</value></Data><Data name="speed_difference_1476"><value>-50.0</value></Data><Data name="speed_1477"><value>0.0</value></Data><Data name="speed_limit_1477"><value>50</value></Data><Data name="speed_difference_1477"><value>-50.0</value></Data><Data name="speed_1478"><value>0.0</value></Data><Data name="speed_limit_1478"><value>50</value></Data><Data name="speed_difference_1478"><value>-50.0</value></Data><Data name="speed_1479"><value>0.0</value></Data><Data name="speed_limit_1479"><value>50</value></Data><Data name="speed_difference_1479"><value>-50.0</value></Data><Data name="speed_1480"><value>0.0</value></Data><Data name="speed_limit_1480"><value>50</value></Data><Data name="speed_difference_1480"><value>-50.0</value></Data><Data name="speed_1481"><value>0.0</value></Data><Data name="speed_limit_1481"><value>50</value></Data><Data name="speed_difference_1481"><value>-50.0</value></Data><Data name="speed_1482"><value>0.0</value></Data><Data name="speed_limit_1482"><value>50</value></Data><Data name="speed_difference_1482"><value>-50.0</value></Data><Data name="speed_1483"><value>0.0</value></Data><Data name="speed_limit_1483"><value>50</value></Data><Data name="speed_difference_1483"><value>-50.0</value></Data><Data name="speed_1484"><value>0.0</value></Data><Data name="speed_limit_1484"><value>50</value></Data><Data name="speed_difference_1484"><value>-50.0</value></Data><Data name="speed_1485"><value>0.0</value></Data><Data name="speed_limit_1485"><value>50</value></Data><Data name="speed_difference_1485"><value>-50.0</value></Data><Data name="speed_1486"><value>0.0</value></Data><Data name="speed_limit_1486"><value>50</value></Data><Data name="speed_difference_1486"><value>-50.0</value></Data><Data name="speed_1487"><value>0.0</value></Data><Data name="speed_limit_1487"><value>50</value></Data><Data name="speed_difference_1487"><value>-50.0</value></Data><Data name="speed_1488"><value>0.0</value></Data><Data name="speed_limit_1488"><value>50</value></Data><Data name="speed_difference_1488"><value>-50.0</value></Data><Data name="speed_1489"><value>0.0</value></Data><Data name="speed_limit_1489"><value>50</value></Data><Data name="speed_difference_1489"><value>-50.0</value></Data><Data name="speed_1490"><value>0.0</value></Data><Data name="speed_limit_1490"><value>50</value></Data><Data name="speed_difference_1490"><value>-50.0</value></Data><Data name="speed_1491"><value>0.0</value></Data><Data name="speed_limit_1491"><value>50</value></Data><Data name="speed_difference_1491"><value>-50.0</value></Data><Data name="speed_1492"><value>0.0</value></Data><Data name="speed_limit_1492"><value>50</value></Data><Data name="speed_difference_1492"><value>-50.0</value></Data><Data name="speed_1493"><value>0.0</value></Data><Data name="speed_limit_1493"><value>50</value></Data><Data name="speed_difference_1493"><value>-50.0</value></Data><Data name="speed_1494"><value>0.0</value></Data><Data name="speed_limit_1494"><value>50</value></Data><Data name="speed_difference_1494"><value>-50.0</value></Data><Data name="speed_1495"><value>0.0</value></Data><Data name="speed_limit_1495"><value>50</value></Data><Data name="speed_difference_1495"><value>-50.0</value></Data><Data name="speed_1496"><value>0.0</value></Data><Data name="speed_limit_1496"><value>50</value></Data><Data name="speed_difference_1496"><value>-50.0</value></Data><Data name="speed_1497"><value>0.0</value></Data><Data name="speed_limit_1497"><value>50</value></Data><Data name="speed_difference_1497"><value>-50.0</value></Data><Data name="speed_1498"><value>0.0</value></Data><Data name="speed_limit_1498"><value>50</value></Data><Data name="speed_difference_1498"><value>-50.0</value></Data><Data name="speed_1499"><value>0.0</value></Data><Data name="speed_limit_1499"><value>50</value></Data><Data name="speed_difference_1499"><value>-50.0</value></Data><Data name="speed_1500"><value>0.0</value></Data><Data name="speed_limit_1500"><value>50</value></Data><Data name="speed_difference_1500"><value>-50.0</value></Data><Data name="speed_1501"><value>0.0</value></Data><Data name="speed_limit_1501"><value>50</value></Data><Data name="speed_difference_1501"><value>-50.0</value></Data><Data name="speed_1502"><value>0.0</value></Data><Data name="speed_limit_1502"><value>50</value></Data><Data name="speed_difference_1502"><value>-50.0</value></Data><Data name="speed_1503"><value>0.0</value></Data><Data name="speed_limit_1503"><value>50</value></Data><Data name="speed_difference_1503"><value>-50.0</value></Data><Data name="speed_1504"><value>0.0</value></Data><Data name="speed_limit_1504"><value>50</value></Data><Data name="speed_difference_1504"><value>-50.0</value></Data><Data name="speed_1505"><value>0.0</value></Data><Data name="speed_limit_1505"><value>50</value></Data><Data name="speed_difference_1505"><value>-50.0</value></Data><Data name="speed_1506"><value>0.0</value></Data><Data name="speed_limit_1506"><value>50</value></Data><Data name="speed_difference_1506"><value>-50.0</value></Data><Data name="speed_1507"><value>0.0</value></Data><Data name="speed_limit_1507"><value>50</value></Data><Data name="speed_difference_1507"><value>-50.0</value></Data><Data name="speed_1508"><value>0.0</value></Data><Data name="speed_limit_1508"><value>50</value></Data><Data name="speed_difference_1508"><value>-50.0</value></Data><Data name="speed_1509"><value>0.0</value></Data><Data name="speed_limit_1509"><value>50</value></Data><Data name="speed_difference_1509"><value>-50.0</value></Data><Data name="speed_1510"><value>0.0</value></Data><Data name="speed_limit_1510"><value>50</value></Data><Data name="speed_difference_1510"><value>-50.0</value></Data><Data name="speed_1511"><value>0.0</value></Data><Data name="speed_limit_1511"><value>50</value></Data><Data name="speed_difference_1511"><value>-50.0</value></Data><Data name="speed_1512"><value>0.0</value></Data><Data name="speed_limit_1512"><value>50</value></Data><Data name="speed_difference_1512"><value>-50.0</value></Data><Data name="speed_1513"><value>0.0</value></Data><Data name="speed_limit_1513"><value>50</value></Data><Data name="speed_difference_1513"><value>-50.0</value></Data><Data name="speed_1514"><value>0.0</value></Data><Data name="speed_limit_1514"><value>50</value></Data><Data name="speed_difference_1514"><value>-50.0</value></Data><Data name="speed_1515"><value>0.0</value></Data><Data name="speed_limit_1515"><value>50</value></Data><Data name="speed_difference_1515"><value>-50.0</value></Data><Data name="speed_1516"><value>0.0</value></Data><Data name="speed_limit_1516"><value>50</value></Data><Data name="speed_difference_1516"><value>-50.0</value></Data><Data name="speed_1517"><value>0.0</value></Data><Data name="speed_limit_1517"><value>50</value></Data><Data name="speed_difference_1517"><value>-50.0</value></Data><Data name="speed_1518"><value>0.0</value></Data><Data name="speed_limit_1518"><value>50</value></Data><Data name="speed_difference_1518"><value>-50.0</value></Data><Data name="speed_1519"><value>0.0</value></Data><Data name="speed_limit_1519"><value>50</value></Data><Data name="speed_difference_1519"><value>-50.0</value></Data><Data name="speed_1520"><value>0.0</value></Data><Data name="speed_limit_1520"><value>50</value></Data><Data name="speed_difference_1520"><value>-50.0</value></Data><Data name="speed_1521"><value>0.0</value></Data><Data name="speed_limit_1521"><value>50</value></Data><Data name="speed_difference_1521"><value>-50.0</value></Data><Data name="speed_1522"><value>0.0</value></Data><Data name="speed_limit_1522"><value>50</value></Data><Data name="speed_difference_1522"><value>-50.0</value></Data><Data name="speed_1523"><value>0.0</value></Data><Data name="speed_limit_1523"><value>50</value></Data><Data name="speed_difference_1523"><value>-50.0</value></Data><Data name="speed_1524"><value>0.0</value></Data><Data name="speed_limit_1524"><value>50</value></Data><Data name="speed_difference_1524"><value>-50.0</value></Data><Data name="speed_1525"><value>0.0</value></Data><Data name="speed_limit_1525"><value>50</value></Data><Data name="speed_difference_1525"><value>-50.0</value></Data><Data name="speed_1526"><value>0.0</value></Data><Data name="speed_limit_1526"><value>50</value></Data><Data name="speed_difference_1526"><value>-50.0</value></Data><Data name="speed_1527"><value>0.0</value></Data><Data name="speed_limit_1527"><value>50</value></Data><Data name="speed_difference_1527"><value>-50.0</value></Data><Data name="speed_1528"><value>0.0</value></Data><Data name="speed_limit_1528"><value>50</value></Data><Data name="speed_difference_1528"><value>-50.0</value></Data><Data name="speed_1529"><value>0.0</value></Data><Data name="speed_limit_1529"><value>50</value></Data><Data name="speed_difference_1529"><value>-50.0</value></Data><Data name="speed_1530"><value>0.0</value></Data><Data name="speed_limit_1530"><value>50</value></Data><Data name="speed_difference_1530"><value>-50.0</value></Data><Data name="speed_1531"><value>0.0</value></Data><Data name="speed_limit_1531"><value>50</value></Data><Data name="speed_difference_1531"><value>-50.0</value></Data><Data name="speed_1532"><value>0.0</value></Data><Data name="speed_limit_1532"><value>50</value></Data><Data name="speed_difference_1532"><value>-50.0</value></Data><Data name="speed_1533"><value>0.0</value></Data><Data name="speed_limit_1533"><value>50</value></Data><Data name="speed_difference_1533"><value>-50.0</value></Data><Data name="speed_1534"><value>0.0</value></Data><Data name="speed_limit_1534"><value>50</value></Data><Data name="speed_difference_1534"><value>-50.0</value></Data><Data name="speed_1535"><value>0.0</value></Data><Data name="speed_limit_1535"><value>50</value></Data><Data name="speed_difference_1535"><value>-50.0</value></Data><Data name="speed_1536"><value>0.0</value></Data><Data name="speed_limit_1536"><value>50</value></Data><Data name="speed_difference_1536"><value>-50.0</value></Data><Data name="speed_1537"><value>0.0</value></Data><Data name="speed_limit_1537"><value>50</value></Data><Data name="speed_difference_1537"><value>-50.0</value></Data><Data name="speed_1538"><value>0.0</value></Data><Data name="speed_limit_1538"><value>50</value></Data><Data name="speed_difference_1538"><value>-50.0</value></Data><Data name="speed_1539"><value>0.0</value></Data><Data name="speed_limit_1539"><value>50</value></Data><Data name="speed_difference_1539"><value>-50.0</value></Data><Data name="speed_1540"><value>0.0</value></Data><Data name="speed_limit_1540"><value>50</value></Data><Data name="speed_difference_1540"><value>-50.0</value></Data><Data name="speed_1541"><value>0.0</value></Data><Data name="speed_limit_1541"><value>50</value></Data><Data name="speed_difference_1541"><value>-50.0</value></Data><Data name="speed_1542"><value>0.0</value></Data><Data name="speed_limit_1542"><value>50</value></Data><Data name="speed_difference_1542"><value>-50.0</value></Data><Data name="speed_1543"><value>0.0</value></Data><Data name="speed_limit_1543"><value>50</value></Data><Data name="speed_difference_1543"><value>-50.0</value></Data><Data name="speed_1544"><value>0.0</value></Data><Data name="speed_limit_1544"><value>50</value></Data><Data name="speed_difference_1544"><value>-50.0</value></Data><Data name="speed_1545"><value>0.0</value></Data><Data name="speed_limit_1545"><value>50</value></Data><Data name="speed_difference_1545"><value>-50.0</value></Data><Data name="speed_1546"><value>0.0</value></Data><Data name="speed_limit_1546"><value>50</value></Data><Data name="speed_difference_1546"><value>-50.0</value></Data><Data name="speed_1547"><value>0.0</value></Data><Data name="speed_limit_1547"><value>50</value></Data><Data name="speed_difference_1547"><value>-50.0</value></Data><Data name="speed_1548"><value>0.0</value></Data><Data name="speed_limit_1548"><value>50</value></Data><Data name="speed_difference_1548"><value>-50.0</value></Data><Data name="speed_1549"><value>0.0</value></Data><Data name="speed_limit_1549"><value>50</value></Data><Data name="speed_difference_1549"><value>-50.0</value></Data><Data name="speed_1550"><value>0.0</value></Data><Data name="speed_limit_1550"><value>50</value></Data><Data name="speed_difference_1550"><value>-50.0</value></Data><Data name="speed_1551"><value>0.0</value></Data><Data name="speed_limit_1551"><value>50</value></Data><Data name="speed_difference_1551"><value>-50.0</value></Data><Data name="speed_1552"><value>0.0</value></Data><Data name="speed_limit_1552"><value>50</value></Data><Data name="speed_difference_1552"><value>-50.0</value></Data><Data name="speed_1553"><value>0.0</value></Data><Data name="speed_limit_1553"><value>50</value></Data><Data name="speed_difference_1553"><value>-50.0</value></Data><Data name="speed_1554"><value>0.0</value></Data><Data name="speed_limit_1554"><value>50</value></Data><Data name="speed_difference_1554"><value>-50.0</value></Data><Data name="speed_1555"><value>0.0</value></Data><Data name="speed_limit_1555"><value>50</value></Data><Data name="speed_difference_1555"><value>-50.0</value></Data><Data name="speed_1556"><value>0.0</value></Data><Data name="speed_limit_1556"><value>50</value></Data><Data name="speed_difference_1556"><value>-50.0</value></Data><Data name="speed_1557"><value>0.0</value></Data><Data name="speed_limit_1557"><value>50</value></Data><Data name="speed_difference_1557"><value>-50.0</value></Data><Data name="speed_1558"><value>0.0</value></Data><Data name="speed_limit_1558"><value>50</value></Data><Data name="speed_difference_1558"><value>-50.0</value></Data><Data name="speed_1559"><value>0.0</value></Data><Data name="speed_limit_1559"><value>50</value></Data><Data name="speed_difference_1559"><value>-50.0</value></Data><Data name="speed_1560"><value>0.0</value></Data><Data name="speed_limit_1560"><value>50</value></Data><Data name="speed_difference_1560"><value>-50.0</value></Data><Data name="speed_1561"><value>0.0</value></Data><Data name="speed_limit_1561"><value>50</value></Data><Data name="speed_difference_1561"><value>-50.0</value></Data><Data name="speed_1562"><value>0.0</value></Data><Data name="speed_limit_1562"><value>50</value></Data><Data name="speed_difference_1562"><value>-50.0</value></Data><Data name="speed_1563"><value>0.0</value></Data><Data name="speed_limit_1563"><value>50</value></Data><Data name="speed_difference_1563"><value>-50.0</value></Data><Data name="speed_1564"><value>0.0</value></Data><Data name="speed_limit_1564"><value>50</value></Data><Data name="speed_difference_1564"><value>-50.0</value></Data><Data name="speed_1565"><value>0.0</value></Data><Data name="speed_limit_1565"><value>50</value></Data><Data name="speed_difference_1565"><value>-50.0</value></Data><Data name="speed_1566"><value>0.0</value></Data><Data name="speed_limit_1566"><value>50</value></Data><Data name="speed_difference_1566"><value>-50.0</value></Data><Data name="speed_1567"><value>0.0</value></Data><Data name="speed_limit_1567"><value>50</value></Data><Data name="speed_difference_1567"><value>-50.0</value></Data><Data name="speed_1568"><value>0.0</value></Data><Data name="speed_limit_1568"><value>50</value></Data><Data name="speed_difference_1568"><value>-50.0</value></Data><Data name="speed_1569"><value>0.0</value></Data><Data name="speed_limit_1569"><value>50</value></Data><Data name="speed_difference_1569"><value>-50.0</value></Data><Data name="speed_1570"><value>0.0</value></Data><Data name="speed_limit_1570"><value>50</value></Data><Data name="speed_difference_1570"><value>-50.0</value></Data><Data name="speed_1571"><value>0.0</value></Data><Data name="speed_limit_1571"><value>50</value></Data><Data name="speed_difference_1571"><value>-50.0</value></Data><Data name="speed_1572"><value>0.0</value></Data><Data name="speed_limit_1572"><value>50</value></Data><Data name="speed_difference_1572"><value>-50.0</value></Data><Data name="speed_1573"><value>0.0</value></Data><Data name="speed_limit_1573"><value>50</value></Data><Data name="speed_difference_1573"><value>-50.0</value></Data><Data name="speed_1574"><value>0.0</value></Data><Data name="speed_limit_1574"><value>50</value></Data><Data name="speed_difference_1574"><value>-50.0</value></Data><Data name="speed_1575"><value>0.0</value></Data><Data name="speed_limit_1575"><value>50</value></Data><Data name="speed_difference_1575"><value>-50.0</value></Data><Data name="speed_1576"><value>0.0</value></Data><Data name="speed_limit_1576"><value>50</value></Data><Data name="speed_difference_1576"><value>-50.0</value></Data><Data name="speed_1577"><value>0.0</value></Data><Data name="speed_limit_1577"><value>50</value></Data><Data name="speed_difference_1577"><value>-50.0</value></Data><Data name="speed_1578"><value>0.0</value></Data><Data name="speed_limit_1578"><value>50</value></Data><Data name="speed_difference_1578"><value>-50.0</value></Data><Data name="speed_1579"><value>0.0</value></Data><Data name="speed_limit_1579"><value>50</value></Data><Data name="speed_difference_1579"><value>-50.0</value></Data><Data name="speed_1580"><value>0.0</value></Data><Data name="speed_limit_1580"><value>50</value></Data><Data name="speed_difference_1580"><value>-50.0</value></Data><Data name="speed_1581"><value>0.0</value></Data><Data name="speed_limit_1581"><value>50</value></Data><Data name="speed_difference_1581"><value>-50.0</value></Data><Data name="speed_1582"><value>0.0</value></Data><Data name="speed_limit_1582"><value>50</value></Data><Data name="speed_difference_1582"><value>-50.0</value></Data><Data name="speed_1583"><value>0.0</value></Data><Data name="speed_limit_1583"><value>50</value></Data><Data name="speed_difference_1583"><value>-50.0</value></Data><Data name="speed_1584"><value>0.0</value></Data><Data name="speed_limit_1584"><value>50</value></Data><Data name="speed_difference_1584"><value>-50.0</value></Data><Data name="speed_1585"><value>0.0</value></Data><Data name="speed_limit_1585"><value>50</value></Data><Data name="speed_difference_1585"><value>-50.0</value></Data><Data name="speed_1586"><value>0.0</value></Data><Data name="speed_limit_1586"><value>50</value></Data><Data name="speed_difference_1586"><value>-50.0</value></Data><Data name="speed_1587"><value>0.0</value></Data><Data name="speed_limit_1587"><value>50</value></Data><Data name="speed_difference_1587"><value>-50.0</value></Data><Data name="speed_1588"><value>0.0</value></Data><Data name="speed_limit_1588"><value>50</value></Data><Data name="speed_difference_1588"><value>-50.0</value></Data><Data name="speed_1589"><value>0.0</value></Data><Data name="speed_limit_1589"><value>50</value></Data><Data name="speed_difference_1589"><value>-50.0</value></Data><Data name="speed_1590"><value>0.0</value></Data><Data name="speed_limit_1590"><value>50</value></Data><Data name="speed_difference_1590"><value>-50.0</value></Data><Data name="speed_1591"><value>0.0</value></Data><Data name="speed_limit_1591"><value>50</value></Data><Data name="speed_difference_1591"><value>-50.0</value></Data><Data name="speed_1592"><value>0.0</value></Data><Data name="speed_limit_1592"><value>50</value></Data><Data name="speed_difference_1592"><value>-50.0</value></Data><Data name="speed_1593"><value>0.0</value></Data><Data name="speed_limit_1593"><value>50</value></Data><Data name="speed_difference_1593"><value>-50.0</value></Data><Data name="speed_1594"><value>0.0</value></Data><Data name="speed_limit_1594"><value>50</value></Data><Data name="speed_difference_1594"><value>-50.0</value></Data><Data name="speed_1595"><value>0.0</value></Data><Data name="speed_limit_1595"><value>50</value></Data><Data name="speed_difference_1595"><value>-50.0</value></Data><Data name="speed_1596"><value>0.0</value></Data><Data name="speed_limit_1596"><value>50</value></Data><Data name="speed_difference_1596"><value>-50.0</value></Data><Data name="speed_1597"><value>0.0</value></Data><Data name="speed_limit_1597"><value>50</value></Data><Data name="speed_difference_1597"><value>-50.0</value></Data><Data name="speed_1598"><value>0.0</value></Data><Data name="speed_limit_1598"><value>50</value></Data><Data name="speed_difference_1598"><value>-50.0</value></Data><Data name="speed_1599"><value>0.0</value></Data><Data name="speed_limit_1599"><value>50</value></Data><Data name="speed_difference_1599"><value>-50.0</value></Data><Data name="speed_1600"><value>0.0</value></Data><Data name="speed_limit_1600"><value>50</value></Data><Data name="speed_difference_1600"><value>-50.0</value></Data><Data name="speed_1601"><value>0.0</value></Data><Data name="speed_limit_1601"><value>50</value></Data><Data name="speed_difference_1601"><value>-50.0</value></Data><Data name="speed_1602"><value>0.0</value></Data><Data name="speed_limit_1602"><value>50</value></Data><Data name="speed_difference_1602"><value>-50.0</value></Data><Data name="speed_1603"><value>0.0</value></Data><Data name="speed_limit_1603"><value>50</value></Data><Data name="speed_difference_1603"><value>-50.0</value></Data><Data name="speed_1604"><value>0.0</value></Data><Data name="speed_limit_1604"><value>50</value></Data><Data name="speed_difference_1604"><value>-50.0</value></Data><Data name="speed_1605"><value>0.0</value></Data><Data name="speed_limit_1605"><value>50</value></Data><Data name="speed_difference_1605"><value>-50.0</value></Data><Data name="speed_1606"><value>0.0</value></Data><Data name="speed_limit_1606"><value>50</value></Data><Data name="speed_difference_1606"><value>-50.0</value></Data><Data name="speed_1607"><value>0.0</value></Data><Data name="speed_limit_1607"><value>50</value></Data><Data name="speed_difference_1607"><value>-50.0</value></Data><Data name="speed_1608"><value>0.0</value></Data><Data name="speed_limit_1608"><value>50</value></Data><Data name="speed_difference_1608"><value>-50.0</value></Data><Data name="speed_1609"><value>0.0</value></Data><Data name="speed_limit_1609"><value>50</value></Data><Data name="speed_difference_1609"><value>-50.0</value></Data><Data name="speed_1610"><value>0.0</value></Data><Data name="speed_limit_1610"><value>50</value></Data><Data name="speed_difference_1610"><value>-50.0</value></Data><Data name="speed_1611"><value>0.0</value></Data><Data name="speed_limit_1611"><value>50</value></Data><Data name="speed_difference_1611"><value>-50.0</value></Data><Data name="speed_1612"><value>0.0</value></Data><Data name="speed_limit_1612"><value>50</value></Data><Data name="speed_difference_1612"><value>-50.0</value></Data><Data name="speed_1613"><value>0.0</value></Data><Data name="speed_limit_1613"><value>50</value></Data><Data name="speed_difference_1613"><value>-50.0</value></Data><Data name="speed_1614"><value>0.0</value></Data><Data name="speed_limit_1614"><value>50</value></Data><Data name="speed_difference_1614"><value>-50.0</value></Data><Data name="speed_1615"><value>0.0</value></Data><Data name="speed_limit_1615"><value>50</value></Data><Data name="speed_difference_1615"><value>-50.0</value></Data><Data name="speed_1616"><value>0.0</value></Data><Data name="speed_limit_1616"><value>50</value></Data><Data name="speed_difference_1616"><value>-50.0</value></Data><Data name="speed_1617"><value>0.0</value></Data><Data name="speed_limit_1617"><value>50</value></Data><Data name="speed_difference_1617"><value>-50.0</value></Data><Data name="speed_1618"><value>0.0</value></Data><Data name="speed_limit_1618"><value>50</value></Data><Data name="speed_difference_1618"><value>-50.0</value></Data><Data name="speed_1619"><value>0.0</value></Data><Data name="speed_limit_1619"><value>50</value></Data><Data name="speed_difference_1619"><value>-50.0</value></Data><Data name="speed_1620"><value>0.0</value></Data><Data name="speed_limit_1620"><value>50</value></Data><Data name="speed_difference_1620"><value>-50.0</value></Data><Data name="speed_1621"><value>0.0</value></Data><Data name="speed_limit_1621"><value>50</value></Data><Data name="speed_difference_1621"><value>-50.0</value></Data><Data name="speed_1622"><value>0.0</value></Data><Data name="speed_limit_1622"><value>50</value></Data><Data name="speed_difference_1622"><value>-50.0</value></Data><Data name="speed_1623"><value>0.0</value></Data><Data name="speed_limit_1623"><value>50</value></Data><Data name="speed_difference_1623"><value>-50.0</value></Data><Data name="speed_1624"><value>0.0</value></Data><Data name="speed_limit_1624"><value>50</value></Data><Data name="speed_difference_1624"><value>-50.0</value></Data><Data name="speed_1625"><value>0.0</value></Data><Data name="speed_limit_1625"><value>50</value></Data><Data name="speed_difference_1625"><value>-50.0</value></Data><Data name="speed_1626"><value>0.0</value></Data><Data name="speed_limit_1626"><value>50</value></Data><Data name="speed_difference_1626"><value>-50.0</value></Data><Data name="speed_1627"><value>0.0</value></Data><Data name="speed_limit_1627"><value>50</value></Data><Data name="speed_difference_1627"><value>-50.0</value></Data><Data name="speed_1628"><value>0.0</value></Data><Data name="speed_limit_1628"><value>50</value></Data><Data name="speed_difference_1628"><value>-50.0</value></Data><Data name="speed_1629"><value>0.0</value></Data><Data name="speed_limit_1629"><value>50</value></Data><Data name="speed_difference_1629"><value>-50.0</value></Data><Data name="speed_1630"><value>0.0</value></Data><Data name="speed_limit_1630"><value>50</value></Data><Data name="speed_difference_1630"><value>-50.0</value></Data><Data name="speed_1631"><value>0.0</value></Data><Data name="speed_limit_1631"><value>50</value></Data><Data name="speed_difference_1631"><value>-50.0</value></Data><Data name="speed_1632"><value>0.0</value></Data><Data name="speed_limit_1632"><value>50</value></Data><Data name="speed_difference_1632"><value>-50.0</value></Data><Data name="speed_1633"><value>0.0</value></Data><Data name="speed_limit_1633"><value>50</value></Data><Data name="speed_difference_1633"><value>-50.0</value></Data><Data name="speed_1634"><value>0.0</value></Data><Data name="speed_limit_1634"><value>50</value></Data><Data name="speed_difference_1634"><value>-50.0</value></Data><Data name="speed_1635"><value>0.0</value></Data><Data name="speed_limit_1635"><value>50</value></Data><Data name="speed_difference_1635"><value>-50.0</value></Data><Data name="speed_1636"><value>0.0</value></Data><Data name="speed_limit_1636"><value>50</value></Data><Data name="speed_difference_1636"><value>-50.0</value></Data><Data name="speed_1637"><value>0.0</value></Data><Data name="speed_limit_1637"><value>50</value></Data><Data name="speed_difference_1637"><value>-50.0</value></Data><Data name="speed_1638"><value>0.0</value></Data><Data name="speed_limit_1638"><value>50</value></Data><Data name="speed_difference_1638"><value>-50.0</value></Data><Data name="speed_1639"><value>0.0</value></Data><Data name="speed_limit_1639"><value>50</value></Data><Data name="speed_difference_1639"><value>-50.0</value></Data><Data name="speed_1640"><value>0.0</value></Data><Data name="speed_limit_1640"><value>50</value></Data><Data name="speed_difference_1640"><value>-50.0</value></Data><Data name="speed_1641"><value>0.0</value></Data><Data name="speed_limit_1641"><value>50</value></Data><Data name="speed_difference_1641"><value>-50.0</value></Data><Data name="speed_1642"><value>0.0</value></Data><Data name="speed_limit_1642"><value>50</value></Data><Data name="speed_difference_1642"><value>-50.0</value></Data><Data name="speed_1643"><value>0.0</value></Data><Data name="speed_limit_1643"><value>50</value></Data><Data name="speed_difference_1643"><value>-50.0</value></Data><Data name="speed_1644"><value>0.0</value></Data><Data name="speed_limit_1644"><value>50</value></Data><Data name="speed_difference_1644"><value>-50.0</value></Data><Data name="speed_1645"><value>0.0</value></Data><Data name="speed_limit_1645"><value>50</value></Data><Data name="speed_difference_1645"><value>-50.0</value></Data><Data name="speed_1646"><value>0.0</value></Data><Data name="speed_limit_1646"><value>50</value></Data><Data name="speed_difference_1646"><value>-50.0</value></Data><Data name="speed_1647"><value>0.0</value></Data><Data name="speed_limit_1647"><value>50</value></Data><Data name="speed_difference_1647"><value>-50.0</value></Data><Data name="speed_1648"><value>0.0</value></Data><Data name="speed_limit_1648"><value>50</value></Data><Data name="speed_difference_1648"><value>-50.0</value></Data><Data name="speed_1649"><value>0.0</value></Data><Data name="speed_limit_1649"><value>50</value></Data><Data name="speed_difference_1649"><value>-50.0</value></Data><Data name="speed_1650"><value>0.0</value></Data><Data name="speed_limit_1650"><value>50</value></Data><Data name="speed_difference_1650"><value>-50.0</value></Data><Data name="speed_1651"><value>0.0</value></Data><Data name="speed_limit_1651"><value>50</value></Data><Data name="speed_difference_1651"><value>-50.0</value></Data><Data name="speed_1652"><value>0.0</value></Data><Data name="speed_limit_1652"><value>50</value></Data><Data name="speed_difference_1652"><value>-50.0</value></Data><Data name="speed_1653"><value>0.0</value></Data><Data name="speed_limit_1653"><value>50</value></Data><Data name="speed_difference_1653"><value>-50.0</value></Data><Data name="speed_1654"><value>0.0</value></Data><Data name="speed_limit_1654"><value>50</value></Data><Data name="speed_difference_1654"><value>-50.0</value></Data><Data name="speed_1655"><value>0.0</value></Data><Data name="speed_limit_1655"><value>50</value></Data><Data name="speed_difference_1655"><value>-50.0</value></Data><Data name="speed_1656"><value>0.0</value></Data><Data name="speed_limit_1656"><value>50</value></Data><Data name="speed_difference_1656"><value>-50.0</value></Data><Data name="speed_1657"><value>0.0</value></Data><Data name="speed_limit_1657"><value>50</value></Data><Data name="speed_difference_1657"><value>-50.0</value></Data><Data name="speed_1658"><value>0.0</value></Data><Data name="speed_limit_1658"><value>50</value></Data><Data name="speed_difference_1658"><value>-50.0</value></Data><Data name="speed_1659"><value>0.0</value></Data><Data name="speed_limit_1659"><value>50</value></Data><Data name="speed_difference_1659"><value>-50.0</value></Data><Data name="speed_1660"><value>0.0</value></Data><Data name="speed_limit_1660"><value>50</value></Data><Data name="speed_difference_1660"><value>-50.0</value></Data><Data name="speed_1661"><value>0.0</value></Data><Data name="speed_limit_1661"><value>50</value></Data><Data name="speed_difference_1661"><value>-50.0</value></Data><Data name="speed_1662"><value>0.0</value></Data><Data name="speed_limit_1662"><value>50</value></Data><Data name="speed_difference_1662"><value>-50.0</value></Data><Data name="speed_1663"><value>0.0</value></Data><Data name="speed_limit_1663"><value>50</value></Data><Data name="speed_difference_1663"><value>-50.0</value></Data><Data name="speed_1664"><value>0.0</value></Data><Data name="speed_limit_1664"><value>50</value></Data><Data name="speed_difference_1664"><value>-50.0</value></Data><Data name="speed_1665"><value>0.0</value></Data><Data name="speed_limit_1665"><value>50</value></Data><Data name="speed_difference_1665"><value>-50.0</value></Data><Data name="speed_1666"><value>0.0</value></Data><Data name="speed_limit_1666"><value>50</value></Data><Data name="speed_difference_1666"><value>-50.0</value></Data><Data name="speed_1667"><value>0.0</value></Data><Data name="speed_limit_1667"><value>50</value></Data><Data name="speed_difference_1667"><value>-50.0</value></Data><Data name="speed_1668"><value>0.0</value></Data><Data name="speed_limit_1668"><value>50</value></Data><Data name="speed_difference_1668"><value>-50.0</value></Data><Data name="speed_1669"><value>0.0</value></Data><Data name="speed_limit_1669"><value>50</value></Data><Data name="speed_difference_1669"><value>-50.0</value></Data><Data name="speed_1670"><value>0.0</value></Data><Data name="speed_limit_1670"><value>50</value></Data><Data name="speed_difference_1670"><value>-50.0</value></Data><Data name="speed_1671"><value>0.0</value></Data><Data name="speed_limit_1671"><value>50</value></Data><Data name="speed_difference_1671"><value>-50.0</value></Data><Data name="speed_1672"><value>0.0</value></Data><Data name="speed_limit_1672"><value>50</value></Data><Data name="speed_difference_1672"><value>-50.0</value></Data><Data name="speed_1673"><value>0.0</value></Data><Data name="speed_limit_1673"><value>50</value></Data><Data name="speed_difference_1673"><value>-50.0</value></Data><Data name="speed_1674"><value>0.0</value></Data><Data name="speed_limit_1674"><value>50</value></Data><Data name="speed_difference_1674"><value>-50.0</value></Data><Data name="speed_1675"><value>0.0</value></Data><Data name="speed_limit_1675"><value>50</value></Data><Data name="speed_difference_1675"><value>-50.0</value></Data><Data name="speed_1676"><value>0.0</value></Data><Data name="speed_limit_1676"><value>50</value></Data><Data name="speed_difference_1676"><value>-50.0</value></Data><Data name="speed_1677"><value>0.0</value></Data><Data name="speed_limit_1677"><value>50</value></Data><Data name="speed_difference_1677"><value>-50.0</value></Data><Data name="speed_1678"><value>0.0</value></Data><Data name="speed_limit_1678"><value>50</value></Data><Data name="speed_difference_1678"><value>-50.0</value></Data><Data name="speed_1679"><value>0.0</value></Data><Data name="speed_limit_1679"><value>50</value></Data><Data name="speed_difference_1679"><value>-50.0</value></Data><Data name="speed_1680"><value>0.0</value></Data><Data name="speed_limit_1680"><value>50</value></Data><Data name="speed_difference_1680"><value>-50.0</value></Data><Data name="speed_1681"><value>0.0</value></Data><Data name="speed_limit_1681"><value>50</value></Data><Data name="speed_difference_1681"><value>-50.0</value></Data><Data name="speed_1682"><value>0.0</value></Data><Data name="speed_limit_1682"><value>50</value></Data><Data name="speed_difference_1682"><value>-50.0</value></Data><Data name="speed_1683"><value>0.0</value></Data><Data name="speed_limit_1683"><value>50</value></Data><Data name="speed_difference_1683"><value>-50.0</value></Data><Data name="speed_1684"><value>0.0</value></Data><Data name="speed_limit_1684"><value>50</value></Data><Data name="speed_difference_1684"><value>-50.0</value></Data><Data name="speed_1685"><value>0.0</value></Data><Data name="speed_limit_1685"><value>50</value></Data><Data name="speed_difference_1685"><value>-50.0</value></Data><Data name="speed_1686"><value>0.0</value></Data><Data name="speed_limit_1686"><value>50</value></Data><Data name="speed_difference_1686"><value>-50.0</value></Data><Data name="speed_1687"><value>0.0</value></Data><Data name="speed_limit_1687"><value>50</value></Data><Data name="speed_difference_1687"><value>-50.0</value></Data><Data name="speed_1688"><value>0.0</value></Data><Data name="speed_limit_1688"><value>50</value></Data><Data name="speed_difference_1688"><value>-50.0</value></Data><Data name="speed_1689"><value>0.0</value></Data><Data name="speed_limit_1689"><value>50</value></Data><Data name="speed_difference_1689"><value>-50.0</value></Data><Data name="speed_1690"><value>0.0</value></Data><Data name="speed_limit_1690"><value>50</value></Data><Data name="speed_difference_1690"><value>-50.0</value></Data><Data name="speed_1691"><value>0.0</value></Data><Data name="speed_limit_1691"><value>50</value></Data><Data name="speed_difference_1691"><value>-50.0</value></Data><Data name="speed_1692"><value>0.0</value></Data><Data name="speed_limit_1692"><value>50</value></Data><Data name="speed_difference_1692"><value>-50.0</value></Data><Data name="speed_1693"><value>0.0</value></Data><Data name="speed_limit_1693"><value>50</value></Data><Data name="speed_difference_1693"><value>-50.0</value></Data><Data name="speed_1694"><value>0.0</value></Data><Data name="speed_limit_1694"><value>50</value></Data><Data name="speed_difference_1694"><value>-50.0</value></Data><Data name="speed_1695"><value>0.0</value></Data><Data name="speed_limit_1695"><value>50</value></Data><Data name="speed_difference_1695"><value>-50.0</value></Data><Data name="speed_1696"><value>0.0</value></Data><Data name="speed_limit_1696"><value>50</value></Data><Data name="speed_difference_1696"><value>-50.0</value></Data><Data name="speed_1697"><value>0.0</value></Data><Data name="speed_limit_1697"><value>50</value></Data><Data name="speed_difference_1697"><value>-50.0</value></Data><Data name="speed_1698"><value>0.0</value></Data><Data name="speed_limit_1698"><value>50</value></Data><Data name="speed_difference_1698"><value>-50.0</value></Data><Data name="speed_1699"><value>0.0</value></Data><Data name="speed_limit_1699"><value>50</value></Data><Data name="speed_difference_1699"><value>-50.0</value></Data><Data name="speed_1700"><value>0.0</value></Data><Data name="speed_limit_1700"><value>50</value></Data><Data name="speed_difference_1700"><value>-50.0</value></Data><Data name="speed_1701"><value>0.0</value></Data><Data name="speed_limit_1701"><value>50</value></Data><Data name="speed_difference_1701"><value>-50.0</value></Data><Data name="speed_1702"><value>0.0</value></Data><Data name="speed_limit_1702"><value>50</value></Data><Data name="speed_difference_1702"><value>-50.0</value></Data><Data name="speed_1703"><value>0.0</value></Data><Data name="speed_limit_1703"><value>50</value></Data><Data name="speed_difference_1703"><value>-50.0</value></Data><Data name="speed_1704"><value>0.0</value></Data><Data name="speed_limit_1704"><value>50</value></Data><Data name="speed_difference_1704"><value>-50.0</value></Data><Data name="speed_1705"><value>0.0</value></Data><Data name="speed_limit_1705"><value>50</value></Data><Data name="speed_difference_1705"><value>-50.0</value></Data><Data name="speed_1706"><value>0.0</value></Data><Data name="speed_limit_1706"><value>50</value></Data><Data name="speed_difference_1706"><value>-50.0</value></Data><Data name="speed_1707"><value>0.0</value></Data><Data name="speed_limit_1707"><value>50</value></Data><Data name="speed_difference_1707"><value>-50.0</value></Data><Data name="speed_1708"><value>0.0</value></Data><Data name="speed_limit_1708"><value>50</value></Data><Data name="speed_difference_1708"><value>-50.0</value></Data><Data name="speed_1709"><value>0.0</value></Data><Data name="speed_limit_1709"><value>50</value></Data><Data name="speed_difference_1709"><value>-50.0</value></Data><Data name="speed_1710"><value>0.0</value></Data><Data name="speed_limit_1710"><value>50</value></Data><Data name="speed_difference_1710"><value>-50.0</value></Data><Data name="speed_1711"><value>0.0</value></Data><Data name="speed_limit_1711"><value>50</value></Data><Data name="speed_difference_1711"><value>-50.0</value></Data><Data name="speed_1712"><value>0.0</value></Data><Data name="speed_limit_1712"><value>50</value></Data><Data name="speed_difference_1712"><value>-50.0</value></Data><Data name="speed_1713"><value>0.0</value></Data><Data name="speed_limit_1713"><value>50</value></Data><Data name="speed_difference_1713"><value>-50.0</value></Data><Data name="speed_1714"><value>0.0</value></Data><Data name="speed_limit_1714"><value>50</value></Data><Data name="speed_difference_1714"><value>-50.0</value></Data><Data name="speed_1715"><value>0.0</value></Data><Data name="speed_limit_1715"><value>50</value></Data><Data name="speed_difference_1715"><value>-50.0</value></Data><Data name="speed_1716"><value>0.0</value></Data><Data name="speed_limit_1716"><value>50</value></Data><Data name="speed_difference_1716"><value>-50.0</value></Data><Data name="speed_1717"><value>0.0</value></Data><Data name="speed_limit_1717"><value>50</value></Data><Data name="speed_difference_1717"><value>-50.0</value></Data><Data name="speed_1718"><value>0.0</value></Data><Data name="speed_limit_1718"><value>50</value></Data><Data name="speed_difference_1718"><value>-50.0</value></Data><Data name="speed_1719"><value>0.0</value></Data><Data name="speed_limit_1719"><value>50</value></Data><Data name="speed_difference_1719"><value>-50.0</value></Data><Data name="speed_1720"><value>0.0</value></Data><Data name="speed_limit_1720"><value>50</value></Data><Data name="speed_difference_1720"><value>-50.0</value></Data><Data name="speed_1721"><value>0.0</value></Data><Data name="speed_limit_1721"><value>50</value></Data><Data name="speed_difference_1721"><value>-50.0</value></Data><Data name="speed_1722"><value>0.0</value></Data><Data name="speed_limit_1722"><value>50</value></Data><Data name="speed_difference_1722"><value>-50.0</value></Data><Data name="speed_1723"><value>0.0</value></Data><Data name="speed_limit_1723"><value>50</value></Data><Data name="speed_difference_1723"><value>-50.0</value></Data><Data name="speed_1724"><value>0.0</value></Data><Data name="speed_limit_1724"><value>50</value></Data><Data name="speed_difference_1724"><value>-50.0</value></Data><Data name="speed_1725"><value>0.0</value></Data><Data name="speed_limit_1725"><value>50</value></Data><Data name="speed_difference_1725"><value>-50.0</value></Data><Data name="speed_1726"><value>0.0</value></Data><Data name="speed_limit_1726"><value>50</value></Data><Data name="speed_difference_1726"><value>-50.0</value></Data><Data name="speed_1727"><value>0.0</value></Data><Data name="speed_limit_1727"><value>50</value></Data><Data name="speed_difference_1727"><value>-50.0</value></Data><Data name="speed_1728"><value>0.0</value></Data><Data name="speed_limit_1728"><value>50</value></Data><Data name="speed_difference_1728"><value>-50.0</value></Data></ExtendedData></Placemark></Document></kml>