<?xml version='1.0' encoding='utf-8'?>
<kml xmlns="http://www.opengis.net/kml/2.2"><Document><name>Tracker</name><Placemark><name>2024-10-18 18:00 - 2024-10-18 22:17</name><LineString><extrude>1</extrude><tessellate>1</tessellate><altitudeMode>absolute</altitudeMode><coordinates>18.837305,50.356562,0.000000 18.837058,50.356863,0.000000 18.837093,50.356910,0.000000 18.837203,50.356945,0.000000 18.838158,50.357190,0.000000 18.839175,50.357425,0.000000 18.839402,50.357422,0.000000 18.839457,50.357345,0.000000 18.839930,50.356357,0.000000 18.840438,50.355297,0.000000 18.840963,50.354123,0.000000 18.841402,50.353247,0.000000 18.841497,50.353175,0.000000 18.841660,50.353165,0.000000 18.842175,50.353265,0.000000 18.843890,50.353575,0.000000 18.845600,50.353922,0.000000 18.846678,50.354103,0.000000 18.846790,50.354075,0.000000 18.846825,50.353990,0.000000 18.846810,50.353785,0.000000 18.846797,50.352585,0.000000 18.846843,50.351313,0.000000 18.846902,50.350177,0.000000 18.846918,50.349848,0.000000 18.847043,50.349818,0.000000 18.848468,50.349575,0.000000 18.848653,50.349513,0.000000 18.848823,50.349362,0.000000 18.848888,50.349080,0.000000 18.848833,50.348908,0.000000 18.848682,50.348725,0.000000 18.847773,50.348005,0.000000 18.846073,50.346687,0.000000 18.844958,50.345337,0.000000 18.844158,50.343665,0.000000 18.843505,50.342145,0.000000 18.842723,50.340950,0.000000 18.842723,50.340950,0.000000 18.841337,50.339622,0.000000 18.839355,50.338348,0.000000 18.839355,50.338348,0.000000 18.837653,50.337642,0.000000 18.834473,50.336713,0.000000 18.831370,50.335792,0.000000 18.829005,50.335052,0.000000 18.827028,50.334090,0.000000 18.825168,50.333088,0.000000 18.823088,50.332215,0.000000 18.820672,50.331628,0.000000 18.818392,50.331065,0.000000 18.816090,50.330535,0.000000 18.813698,50.330095,0.000000 18.811410,50.329675,0.000000 18.809210,50.329272,0.000000 18.806873,50.328847,0.000000 18.804483,50.328407,0.000000 18.802118,50.327962,0.000000 18.799773,50.327548,0.000000 18.797408,50.327118,0.000000 18.795152,50.326772,0.000000 18.792775,50.326420,0.000000 18.790393,50.326048,0.000000 18.788097,50.325503,0.000000 18.785822,50.324935,0.000000 18.783662,50.324233,0.000000 18.781522,50.323318,0.000000 18.779457,50.322467,0.000000 18.777163,50.321833,0.000000 18.774812,50.321262,0.000000 18.772515,50.320673,0.000000 18.772515,50.320673,0.000000 18.770147,50.320087,0.000000 18.770147,50.320087,0.000000 18.767732,50.319488,0.000000 18.767732,50.319488,0.000000 18.765348,50.318890,0.000000 18.765348,50.318890,0.000000 18.763050,50.318295,0.000000 18.763050,50.318295,0.000000 18.760848,50.317650,0.000000 18.760848,50.317650,0.000000 18.758663,50.317033,0.000000 18.758663,50.317033,0.000000 18.756360,50.316460,0.000000 18.756360,50.316460,0.000000 18.753975,50.315858,0.000000 18.753975,50.315858,0.000000 18.751628,50.315268,0.000000 18.751628,50.315268,0.000000 18.749312,50.314683,0.000000 18.749312,50.314683,0.000000 18.746997,50.314098,0.000000 18.746997,50.314098,0.000000 18.744645,50.313498,0.000000 18.744645,50.313498,0.000000 18.742253,50.312855,0.000000 18.742253,50.312855,0.000000 18.739893,50.312192,0.000000 18.739893,50.312192,0.000000 18.737493,50.311575,0.000000 18.737493,50.311575,0.000000 18.734885,50.310918,0.000000 18.734885,50.310918,0.000000 18.732740,50.310267,0.000000 18.732740,50.310267,0.000000 18.731437,50.309555,0.000000 18.731437,50.309555,0.000000 18.729533,50.308297,0.000000 18.729533,50.308297,0.000000 18.728045,50.307563,0.000000 18.728045,50.307563,0.000000 18.726980,50.307228,0.000000 18.726980,50.307228,0.000000 18.725107,50.306967,0.000000 18.725107,50.306967,0.000000 18.723832,50.307012,0.000000 18.723832,50.307012,0.000000 18.722235,50.307307,0.000000 18.722235,50.307307,0.000000 18.721827,50.307477,0.000000 18.721827,50.307477,0.000000 18.721532,50.307703,0.000000 18.721532,50.307703,0.000000 18.721343,50.307958,0.000000 18.721343,50.307958,0.000000 18.721272,50.308233,0.000000 18.721272,50.308233,0.000000 18.721320,50.308497,0.000000 18.721320,50.308497,0.000000 18.721467,50.308738,0.000000 18.721467,50.308738,0.000000 18.721947,50.309208,0.000000 18.721947,50.309208,0.000000 18.723122,50.310175,0.000000 18.723122,50.310175,0.000000 18.723502,50.310360,0.000000 18.723502,50.310360,0.000000 18.723935,50.310488,0.000000 18.723935,50.310488,0.000000 18.724873,50.310622,0.000000 18.724873,50.310622,0.000000 18.725352,50.310603,0.000000 18.725352,50.310603,0.000000 18.725803,50.310493,0.000000 18.725803,50.310493,0.000000 18.726187,50.310322,0.000000 18.726187,50.310322,0.000000 18.726487,50.310085,0.000000 18.726487,50.310085,0.000000 18.726705,50.309783,0.000000 18.726705,50.309783,0.000000 18.727667,50.307913,0.000000 18.727667,50.307913,0.000000 18.728270,50.305872,0.000000 18.728270,50.305872,0.000000 18.728250,50.303678,0.000000 18.728250,50.303678,0.000000 18.727598,50.301860,0.000000 18.727598,50.301860,0.000000 18.726375,50.300095,0.000000 18.726375,50.300095,0.000000 18.724640,50.298487,0.000000 18.724640,50.298487,0.000000 18.724640,50.298487,0.000000 18.720923,50.296275,0.000000 18.720923,50.296275,0.000000 18.720923,50.296275,0.000000 18.717297,50.294148,0.000000 18.715803,50.292673,0.000000 18.714863,50.291048,0.000000 18.714547,50.289948,0.000000 18.714582,50.288355,0.000000 18.715030,50.286950,0.000000 18.715030,50.286950,0.000000 18.716017,50.285490,0.000000 18.717185,50.284388,0.000000 18.717185,50.284388,0.000000 18.719262,50.283037,0.000000 18.719262,50.283037,0.000000 18.722175,50.281468,0.000000 18.722175,50.281468,0.000000 18.725165,50.279687,0.000000 18.727162,50.277882,0.000000 18.727162,50.277882,0.000000 18.728483,50.275912,0.000000 18.728483,50.275912,0.000000 18.729145,50.273848,0.000000 18.729178,50.271763,0.000000 18.729178,50.271763,0.000000 18.728607,50.269495,0.000000 18.728607,50.269495,0.000000 18.727462,50.267705,0.000000 18.727462,50.267705,0.000000 18.724687,50.264983,0.000000 18.724687,50.264983,0.000000 18.722102,50.262597,0.000000 18.722102,50.262597,0.000000 18.719807,50.260120,0.000000 18.719807,50.260120,0.000000 18.717825,50.257180,0.000000 18.717825,50.257180,0.000000 18.716385,50.253693,0.000000 18.715382,50.250567,0.000000 18.714193,50.247715,0.000000 18.712687,50.244935,0.000000 18.710717,50.242055,0.000000 18.708627,50.239423,0.000000 18.705990,50.236747,0.000000 18.703220,50.234242,0.000000 18.700638,50.231895,0.000000 18.700638,50.231895,0.000000 18.698225,50.229697,0.000000 18.696068,50.227672,0.000000 18.696068,50.227672,0.000000 18.694690,50.226182,0.000000 18.694690,50.226182,0.000000 18.694060,50.225750,0.000000 18.694060,50.225750,0.000000 18.693308,50.225508,0.000000 18.692477,50.225428,0.000000 18.692033,50.225458,0.000000 18.691187,50.225630,0.000000 18.689365,50.226050,0.000000 18.688860,50.226092,0.000000 18.687878,50.226003,0.000000 18.687008,50.225730,0.000000 18.686308,50.225318,0.000000 18.685808,50.224778,0.000000 18.685550,50.224160,0.000000 18.685332,50.222335,0.000000 18.685040,50.220317,0.000000 18.684833,50.218825,0.000000 18.684748,50.218652,0.000000 18.684668,50.218578,0.000000 18.684658,50.218485,0.000000 18.684778,50.218422,0.000000 18.684952,50.218437,0.000000 18.685063,50.218522,0.000000 18.685045,50.218642,0.000000 18.684978,50.218780,0.000000 18.685032,50.219267,0.000000 18.685337,50.221277,0.000000 18.685668,50.223590,0.000000 18.686028,50.224815,0.000000 18.686320,50.225165,0.000000 18.686708,50.225467,0.000000 18.687192,50.225720,0.000000 18.687743,50.225908,0.000000 18.688317,50.226017,0.000000 18.688902,50.226050,0.000000 18.689493,50.226020,0.000000 18.690670,50.225767,0.000000 18.693588,50.224917,0.000000 18.695627,50.224405,0.000000 18.696070,50.224435,0.000000 18.696442,50.224573,0.000000 18.696700,50.224795,0.000000 18.696823,50.225062,0.000000 18.696778,50.225352,0.000000 18.696595,50.225638,0.000000 18.696212,50.226272,0.000000 18.696130,50.226628,0.000000 18.696163,50.226995,0.000000 18.696320,50.227353,0.000000 18.696887,50.227998,0.000000 18.698708,50.229782,0.000000 18.700628,50.231588,0.000000 18.702767,50.233537,0.000000 18.705028,50.235597,0.000000 18.707642,50.238098,0.000000 18.709978,50.240667,0.000000 18.711933,50.243147,0.000000 18.713242,50.245208,0.000000 18.714353,50.247268,0.000000 18.715282,50.249295,0.000000 18.716125,50.251488,0.000000 18.716125,50.251488,0.000000 18.716125,50.251488,0.000000 18.716855,50.253567,0.000000 18.717557,50.255378,0.000000 18.718350,50.257005,0.000000 18.718845,50.257593,0.000000 18.719663,50.258093,0.000000 18.720585,50.258407,0.000000 18.721857,50.258618,0.000000 18.722603,50.258747,0.000000 18.724202,50.259125,0.000000 18.724870,50.259343,0.000000 18.725200,50.259557,0.000000 18.725458,50.259837,0.000000 18.726655,50.261573,0.000000 18.727397,50.262275,0.000000 18.727897,50.262503,0.000000 18.731397,50.263370,0.000000 18.735320,50.264303,0.000000 18.739345,50.265295,0.000000 18.743420,50.266268,0.000000 18.747358,50.267263,0.000000 18.751455,50.268280,0.000000 18.755597,50.269107,0.000000 18.759985,50.269492,0.000000 18.764410,50.269420,0.000000 18.768187,50.269003,0.000000 18.772047,50.268142,0.000000 18.776393,50.266632,0.000000 18.780340,50.264960,0.000000 18.784680,50.263283,0.000000 18.789243,50.262058,0.000000 18.794423,50.261258,0.000000 18.799900,50.260873,0.000000 18.805265,50.260535,0.000000 18.810748,50.260172,0.000000 18.816338,50.259817,0.000000 18.821733,50.259465,0.000000 18.821733,50.259465,0.000000 18.826992,50.259113,0.000000 18.826992,50.259113,0.000000 18.832217,50.258750,0.000000 18.837838,50.258107,0.000000 18.843842,50.257310,0.000000 18.849228,50.256590,0.000000 18.854535,50.255883,0.000000 18.859700,50.255168,0.000000 18.864802,50.254487,0.000000 18.869842,50.253818,0.000000 18.875280,50.253090,0.000000 18.880768,50.252270,0.000000 18.883528,50.251440,0.000000 18.885885,50.250290,0.000000 18.889617,50.248372,0.000000 18.892167,50.247625,0.000000 18.894840,50.247227,0.000000 18.897525,50.247162,0.000000 18.900833,50.247525,0.000000 18.905263,50.248310,0.000000 18.909763,50.249070,0.000000 18.914627,50.249868,0.000000 18.919492,50.250707,0.000000 18.924453,50.251508,0.000000 18.929148,50.252308,0.000000 18.934300,50.253162,0.000000 18.939275,50.253968,0.000000 18.944318,50.254572,0.000000 18.949267,50.254935,0.000000 18.954057,50.255273,0.000000 18.958485,50.255603,0.000000 18.962762,50.255897,0.000000 18.967018,50.255830,0.000000 18.971098,50.255285,0.000000 18.971098,50.255285,0.000000 18.971098,50.255285,0.000000 18.975210,50.254542,0.000000 18.979343,50.253808,0.000000 18.983453,50.253077,0.000000 18.988628,50.252155,0.000000 18.993227,50.251343,0.000000 18.997478,50.250552,0.000000 18.999595,50.249903,0.000000 19.002122,50.248700,0.000000 19.004062,50.247818,0.000000 19.005503,50.247465,0.000000 19.007737,50.247227,0.000000 19.011568,50.247013,0.000000 19.015900,50.246743,0.000000 19.020370,50.246423,0.000000 19.024717,50.246123,0.000000 19.028980,50.245853,0.000000 19.033212,50.245382,0.000000 19.036997,50.244645,0.000000 19.040983,50.243895,0.000000 19.045485,50.242985,0.000000 19.049333,50.242153,0.000000 19.052582,50.241483,0.000000 19.054482,50.240933,0.000000 19.056810,50.239908,0.000000 19.058838,50.238562,0.000000 19.059982,50.237440,0.000000 19.061240,50.235632,0.000000 19.062548,50.233932,0.000000 19.063975,50.232617,0.000000 19.066023,50.231357,0.000000 19.068475,50.230372,0.000000 19.071250,50.229512,0.000000 19.074577,50.228478,0.000000 19.074577,50.228478,0.000000 19.078020,50.227392,0.000000 19.078020,50.227392,0.000000 19.081360,50.226350,0.000000 19.084673,50.225305,0.000000 19.088058,50.224235,0.000000 19.090758,50.223373,0.000000 19.092902,50.222695,0.000000 19.095312,50.221923,0.000000 19.096238,50.221627,0.000000 19.097558,50.221227,0.000000 19.099097,50.220770,0.000000 19.100543,50.220385,0.000000 19.101883,50.220068,0.000000 19.102932,50.219843,0.000000 19.103947,50.219675,0.000000 19.105270,50.219453,0.000000 19.106922,50.219223,0.000000 19.108620,50.219028,0.000000 19.110632,50.218805,0.000000 19.112255,50.218622,0.000000 19.113315,50.218493,0.000000 19.114803,50.218327,0.000000 19.116305,50.218153,0.000000 19.117428,50.218023,0.000000 19.118575,50.217902,0.000000 19.119705,50.217780,0.000000 19.120898,50.217630,0.000000 19.120898,50.217630,0.000000 19.121925,50.217483,0.000000 19.121925,50.217483,0.000000 19.122970,50.217322,0.000000 19.122970,50.217322,0.000000 19.124167,50.217127,0.000000 19.124167,50.217127,0.000000 19.126060,50.216793,0.000000 19.126060,50.216793,0.000000 19.128997,50.216208,0.000000 19.128997,50.216208,0.000000 19.131995,50.215533,0.000000 19.131995,50.215533,0.000000 19.134933,50.214878,0.000000 19.134933,50.214878,0.000000 19.137658,50.214265,0.000000 19.137658,50.214265,0.000000 19.140407,50.213647,0.000000 19.140407,50.213647,0.000000 19.143163,50.213037,0.000000 19.143163,50.213037,0.000000 19.146060,50.212398,0.000000 19.146060,50.212398,0.000000 19.149035,50.211728,0.000000 19.149035,50.211728,0.000000 19.153035,50.210865,0.000000 19.153035,50.210865,0.000000 19.157825,50.209773,0.000000 19.157825,50.209773,0.000000 19.162782,50.208657,0.000000 19.162782,50.208657,0.000000 19.167707,50.207540,0.000000 19.167707,50.207540,0.000000 19.172867,50.206133,0.000000 19.172867,50.206133,0.000000 19.177297,50.204195,0.000000 19.177297,50.204195,0.000000 19.180925,50.201908,0.000000 19.180925,50.201908,0.000000 19.183702,50.199507,0.000000 19.183702,50.199507,0.000000 19.184648,50.198455,0.000000 19.184648,50.198455,0.000000 19.185153,50.197760,0.000000 19.185153,50.197760,0.000000 19.185628,50.197050,0.000000 19.185628,50.197050,0.000000 19.185628,50.197050,0.000000 19.185628,50.197050,0.000000 19.186128,50.196217,0.000000 19.186987,50.194500,0.000000 19.188107,50.192385,0.000000 19.189522,50.189818,0.000000 19.189522,50.189818,0.000000 19.191413,50.186887,0.000000 19.191413,50.186887,0.000000 19.193833,50.183982,0.000000 19.193833,50.183982,0.000000 19.196460,50.181497,0.000000 19.198860,50.179568,0.000000 19.201513,50.177720,0.000000 19.204263,50.175882,0.000000 19.207152,50.173948,0.000000 19.210182,50.171922,0.000000 19.213233,50.169863,0.000000 19.216312,50.167800,0.000000 19.219315,50.165772,0.000000 19.222220,50.163817,0.000000 19.225317,50.161737,0.000000 19.228662,50.159487,0.000000 19.232400,50.156975,0.000000 19.236067,50.154845,0.000000 19.240203,50.153050,0.000000 19.250200,50.150585,0.000000 19.256307,50.150078,0.000000 19.261985,50.149992,0.000000 19.266970,50.149938,0.000000 19.270935,50.149902,0.000000 19.275420,50.149842,0.000000 19.280295,50.149710,0.000000 19.285277,50.149413,0.000000 19.290453,50.149013,0.000000 19.295665,50.148625,0.000000 19.300777,50.148232,0.000000 19.305675,50.147872,0.000000 19.305675,50.147872,0.000000 19.310548,50.147700,0.000000 19.315695,50.147772,0.000000 19.315695,50.147772,0.000000 19.321143,50.148105,0.000000 19.326515,50.148708,0.000000 19.331562,50.149462,0.000000 19.336702,50.150237,0.000000 19.341748,50.150995,0.000000 19.346823,50.151763,0.000000 19.351695,50.152497,0.000000 19.356347,50.153077,0.000000 19.361042,50.153440,0.000000 19.365843,50.153612,0.000000 19.370813,50.153565,0.000000 19.375643,50.153292,0.000000 19.380638,50.152948,0.000000 19.385150,50.152625,0.000000 19.389475,50.152332,0.000000 19.394587,50.151988,0.000000 19.399692,50.151650,0.000000 19.404217,50.151340,0.000000 19.408070,50.151095,0.000000 19.411387,50.150870,0.000000 19.414132,50.150637,0.000000 19.414858,50.150630,0.000000 19.415652,50.150617,0.000000 19.418207,50.150268,0.000000 19.419768,50.149973,0.000000 19.422418,50.149348,0.000000 19.425953,50.148503,0.000000 19.430220,50.147380,0.000000 19.434010,50.146362,0.000000 19.434010,50.146362,0.000000 19.437302,50.145460,0.000000 19.439812,50.144777,0.000000 19.442877,50.143963,0.000000 19.442877,50.143963,0.000000 19.446117,50.143100,0.000000 19.449517,50.142195,0.000000 19.452953,50.141273,0.000000 19.456273,50.140387,0.000000 19.459433,50.139542,0.000000 19.462698,50.138618,0.000000 19.465672,50.137647,0.000000 19.468005,50.136762,0.000000 19.469462,50.136142,0.000000 19.470700,50.135587,0.000000 19.472622,50.134648,0.000000 19.474410,50.133680,0.000000 19.476348,50.132522,0.000000 19.477672,50.131700,0.000000 19.478755,50.131017,0.000000 19.479533,50.130503,0.000000 19.480235,50.130033,0.000000 19.481050,50.129508,0.000000 19.482165,50.128780,0.000000 19.483287,50.128053,0.000000 19.484865,50.127032,0.000000 19.487128,50.125588,0.000000 19.489920,50.123765,0.000000 19.492995,50.121755,0.000000 19.496408,50.119523,0.000000 19.499615,50.117417,0.000000 19.502882,50.115287,0.000000 19.502882,50.115287,0.000000 19.505813,50.113372,0.000000 19.508687,50.111588,0.000000 19.508687,50.111588,0.000000 19.511477,50.110093,0.000000 19.514782,50.108578,0.000000 19.518557,50.107170,0.000000 19.522455,50.105993,0.000000 19.526175,50.105097,0.000000 19.529522,50.104410,0.000000 19.533158,50.103677,0.000000 19.536903,50.102915,0.000000 19.540497,50.102185,0.000000 19.544123,50.101445,0.000000 19.548095,50.100625,0.000000 19.552308,50.099745,0.000000 19.556537,50.098687,0.000000 19.560040,50.097585,0.000000 19.563427,50.096283,0.000000 19.567305,50.094640,0.000000 19.571408,50.093027,0.000000 19.575803,50.091680,0.000000 19.580552,50.090645,0.000000 19.585520,50.089978,0.000000 19.590828,50.089703,0.000000 19.596223,50.089872,0.000000 19.601512,50.090503,0.000000 19.606347,50.091408,0.000000 19.611008,50.092357,0.000000 19.615580,50.092967,0.000000 19.619942,50.093193,0.000000 19.623450,50.093095,0.000000 19.623450,50.093095,0.000000 19.627040,50.092803,0.000000 19.630080,50.092542,0.000000 19.630080,50.092542,0.000000 19.632833,50.092380,0.000000 19.634977,50.092350,0.000000 19.637930,50.092473,0.000000 19.641308,50.092793,0.000000 19.644892,50.093198,0.000000 19.648695,50.093635,0.000000 19.652305,50.094047,0.000000 19.655927,50.094458,0.000000 19.659512,50.094853,0.000000 19.663002,50.095157,0.000000 19.666422,50.095247,0.000000 19.670285,50.095090,0.000000 19.673705,50.094727,0.000000 19.676950,50.094145,0.000000 19.680275,50.093323,0.000000 19.683365,50.092303,0.000000 19.686122,50.091177,0.000000 19.689005,50.089803,0.000000 19.692442,50.088032,0.000000 19.696420,50.085978,0.000000 19.700733,50.083767,0.000000 19.705242,50.081457,0.000000 19.709715,50.079177,0.000000 19.714388,50.077257,0.000000 19.719423,50.075953,0.000000 19.723633,50.075447,0.000000 19.729327,50.075392,0.000000 19.734447,50.075985,0.000000 19.734447,50.075985,0.000000 19.738900,50.077032,0.000000 19.743597,50.078405,0.000000 19.743597,50.078405,0.000000 19.748063,50.079315,0.000000 19.748063,50.079315,0.000000 19.752213,50.079683,0.000000 19.752213,50.079683,0.000000 19.755815,50.079723,0.000000 19.755815,50.079723,0.000000 19.759872,50.079700,0.000000 19.759872,50.079700,0.000000 19.764017,50.079728,0.000000 19.764017,50.079728,0.000000 19.768267,50.079968,0.000000 19.768267,50.079968,0.000000 19.772257,50.080442,0.000000 19.772257,50.080442,0.000000 19.775825,50.080950,0.000000 19.775825,50.080950,0.000000 19.778638,50.081352,0.000000 19.778638,50.081352,0.000000 19.781643,50.081772,0.000000 19.781643,50.081772,0.000000 19.784358,50.082190,0.000000 19.784358,50.082190,0.000000 19.785853,50.082410,0.000000 19.785853,50.082410,0.000000 19.786897,50.082557,0.000000 19.786897,50.082557,0.000000 19.787998,50.082720,0.000000 19.787998,50.082720,0.000000 19.789110,50.082880,0.000000 19.789110,50.082880,0.000000 19.790220,50.083033,0.000000 19.790220,50.083033,0.000000 19.790992,50.083138,0.000000 19.790992,50.083138,0.000000 19.792368,50.083357,0.000000 19.792368,50.083357,0.000000 19.792368,50.083357,0.000000 19.794932,50.083780,0.000000 19.794932,50.083780,0.000000 19.794932,50.083780,0.000000 19.797723,50.084353,0.000000 19.800597,50.085187,0.000000 19.803243,50.086058,0.000000 19.804325,50.086245,0.000000 19.805483,50.086182,0.000000 19.806582,50.085880,0.000000 19.806582,50.085880,0.000000 19.807070,50.085635,0.000000 19.807468,50.085338,0.000000 19.807987,50.084685,0.000000 19.807987,50.084685,0.000000 19.808163,50.084133,0.000000 19.808133,50.082363,0.000000 19.808210,50.080248,0.000000 19.808625,50.078252,0.000000 19.809143,50.076415,0.000000 19.809807,50.074053,0.000000 19.810427,50.071547,0.000000 19.810648,50.069115,0.000000 19.810392,50.066700,0.000000 19.809903,50.064455,0.000000 19.809497,50.061892,0.000000 19.809582,50.058957,0.000000 19.809807,50.055895,0.000000 19.809433,50.053365,0.000000 19.808055,50.050242,0.000000 19.806745,50.047210,0.000000 19.806608,50.045482,0.000000 19.807008,50.043748,0.000000 19.807923,50.042123,0.000000 19.810122,50.039667,0.000000 19.812465,50.037238,0.000000 19.814840,50.034775,0.000000 19.816555,50.032988,0.000000 19.817523,50.031982,0.000000 19.818770,50.030697,0.000000 19.820315,50.029102,0.000000 19.820315,50.029102,0.000000 19.821963,50.027405,0.000000 19.823617,50.025678,0.000000 19.825175,50.024052,0.000000 19.827010,50.022222,0.000000 19.829723,50.020275,0.000000 19.832938,50.018700,0.000000 19.832938,50.018700,0.000000 19.836915,50.017452,0.000000 19.841287,50.016270,0.000000 19.844383,50.014938,0.000000 19.846665,50.013458,0.000000 19.848462,50.011780,0.000000 19.849648,50.010117,0.000000 19.850567,50.007910,0.000000 19.851145,50.005658,0.000000 19.851722,50.003390,0.000000 19.852107,50.001902,0.000000 19.852442,50.000905,0.000000 19.852707,50.000373,0.000000 19.853252,49.999580,0.000000 19.854133,49.998547,0.000000 19.855410,49.997505,0.000000 19.857010,49.996613,0.000000 19.858405,49.996020,0.000000 19.860050,49.995512,0.000000 19.862385,49.995020,0.000000 19.864870,49.994537,0.000000 19.864870,49.994537,0.000000 19.866273,49.994262,0.000000 19.867378,49.994043,0.000000 19.868903,49.993743,0.000000 19.869932,49.993545,0.000000 19.869932,49.993545,0.000000 19.871003,49.993333,0.000000 19.872085,49.993125,0.000000 19.873837,49.992775,0.000000 19.876105,49.992327,0.000000 19.878148,49.991965,0.000000 19.880682,49.991577,0.000000 19.883545,49.991217,0.000000 19.886427,49.990923,0.000000 19.889255,49.990722,0.000000 19.892437,49.990580,0.000000 19.895802,49.990543,0.000000 19.899155,49.990610,0.000000 19.902272,49.990752,0.000000 19.904532,49.990877,0.000000 19.906873,49.991093,0.000000 19.909383,49.991368,0.000000 19.911732,49.991635,0.000000 19.913068,49.991818,0.000000 19.914135,49.991887,0.000000 19.914588,49.991778,0.000000 19.914908,49.991655,0.000000 19.915198,49.991492,0.000000 19.915198,49.991492,0.000000 19.915505,49.991238,0.000000 19.915635,49.991072,0.000000 19.915793,49.990703,0.000000 19.915800,49.990383,0.000000 19.915530,49.989415,0.000000 19.915530,49.989415,0.000000 19.915403,49.989152,0.000000 19.914967,49.988333,0.000000 19.914360,49.987148,0.000000 19.913818,49.986110,0.000000 19.913377,49.985332,0.000000 19.912810,49.984407,0.000000 19.912223,49.983358,0.000000 19.911837,49.982560,0.000000 19.911473,49.981737,0.000000 19.911040,49.980940,0.000000 19.910432,49.979793,0.000000 19.909873,49.978717,0.000000 19.909155,49.977350,0.000000 19.908450,49.975995,0.000000 19.908007,49.975143,0.000000 19.907598,49.974348,0.000000 19.907028,49.973265,0.000000 19.906197,49.971655,0.000000 19.905403,49.970142,0.000000 19.904385,49.968567,0.000000 19.904385,49.968567,0.000000 19.903655,49.968017,0.000000 19.902763,49.967600,0.000000 19.900613,49.966862,0.000000 19.898540,49.966080,0.000000 19.897900,49.965627,0.000000 19.896983,49.964548,0.000000 19.896423,49.964068,0.000000 19.895363,49.963447,0.000000 19.895363,49.963447,0.000000 19.894222,49.962853,0.000000 19.892828,49.962107,0.000000 19.891165,49.961227,0.000000 19.889255,49.960158,0.000000 19.888690,49.959603,0.000000 19.888508,49.959282,0.000000 19.888407,49.958565,0.000000 19.888593,49.957825,0.000000 19.889210,49.956113,0.000000 19.889815,49.954508,0.000000 19.889972,49.953860,0.000000 19.889840,49.952227,0.000000 19.889725,49.951498,0.000000 19.889310,49.950638,0.000000 19.889285,49.950472,0.000000 19.889480,49.950405,0.000000 19.889645,49.950365,0.000000 19.889717,49.950228,0.000000 19.889768,49.949695,0.000000 19.889707,49.949322,0.000000 19.889780,49.949300,0.000000 19.889925,49.949313,0.000000 19.889958,49.949352,0.000000 19.889973,49.949492,0.000000 19.889928,49.949680,0.000000 19.889862,49.949703,0.000000 19.889808,49.949692,0.000000 19.889782,49.949655,0.000000 19.889790,49.949320,0.000000 19.889790,49.949320,0.000000 19.889922,49.949305,0.000000 19.889970,49.949382,0.000000 19.889910,49.949628,0.000000 19.889743,49.949882,0.000000 19.889640,49.949902,0.000000 19.889425,49.949940,0.000000 19.889362,49.950010,0.000000 19.889362,49.950010,0.000000 19.889307,49.950035,0.000000 19.889307,49.950035,0.000000 19.889307,49.950035,0.000000 19.889307,49.950035,0.000000 19.889307,49.950035,0.000000 19.889307,49.950035,0.000000 19.889307,49.950035,0.000000 19.889307,49.950035,0.000000 19.889307,49.950035,0.000000 19.889307,49.950035,0.000000 19.889307,49.950035,0.000000 19.889307,49.950035,0.000000 19.889307,49.950035,0.000000 19.889307,49.950035,0.000000 19.889307,49.950035,0.000000 19.889307,49.950035,0.000000 19.889307,49.950035,0.000000 19.889307,49.950035,0.000000 19.889307,49.950035,0.000000 19.889488,49.949935,0.000000 19.889655,49.949945,0.000000 19.889857,49.949997,0.000000 19.889995,49.949968,0.000000 19.890123,49.949880,0.000000 19.890192,49.949748,0.000000 19.890578,49.948432,0.000000 19.890993,49.946605,0.000000 19.891360,49.944755,0.000000 19.891675,49.943753,0.000000 19.892725,49.942165,0.000000 19.894028,49.940205,0.000000 19.895150,49.938008,0.000000 19.895140,49.937163,0.000000 19.894755,49.936393,0.000000 19.894133,49.935705,0.000000 19.893713,49.935413,0.000000 19.892723,49.934950,0.000000 19.890672,49.934073,0.000000 19.889843,49.933398,0.000000 19.888050,49.931725,0.000000 19.885408,49.929938,0.000000 19.884648,49.929228,0.000000 19.884267,49.928527,0.000000 19.883672,49.927175,0.000000 19.883223,49.926173,0.000000 19.882870,49.925228,0.000000 19.882618,49.924483,0.000000 19.882760,49.922965,0.000000 19.882642,49.922285,0.000000 19.882340,49.921678,0.000000 19.880852,49.919988,0.000000 19.879233,49.918283,0.000000 19.879233,49.918283,0.000000 19.878297,49.917700,0.000000 19.875688,49.916402,0.000000 19.874228,49.914918,0.000000 19.872722,49.913325,0.000000 19.871195,49.911725,0.000000 19.869765,49.910028,0.000000 19.869450,49.909265,0.000000 19.869358,49.908128,0.000000 19.869742,49.906205,0.000000 19.869742,49.906205,0.000000 19.870537,49.904313,0.000000 19.871230,49.902310,0.000000 19.871875,49.900445,0.000000 19.872610,49.898492,0.000000 19.873450,49.895798,0.000000 19.874217,49.893320,0.000000 19.874750,49.892565,0.000000 19.875572,49.891902,0.000000 19.877510,49.890518,0.000000 19.879075,49.888462,0.000000 19.879495,49.887730,0.000000 19.879547,49.886948,0.000000 19.879378,49.886555,0.000000 19.878747,49.885860,0.000000 19.877667,49.884952,0.000000 19.877320,49.884237,0.000000 19.877373,49.883197,0.000000 19.877533,49.881523,0.000000 19.877838,49.879748,0.000000 19.878088,49.879438,0.000000 19.878448,49.879160,0.000000 19.878895,49.878927,0.000000 19.879432,49.878760,0.000000 19.880040,49.878690,0.000000 19.880685,49.878723,0.000000 19.883797,49.879238,0.000000 19.887000,49.879915,0.000000 19.889548,49.880380,0.000000 19.890850,49.880387,0.000000 19.892090,49.880163,0.000000 19.895118,49.879192,0.000000 19.898232,49.878153,0.000000 19.901440,49.877545,0.000000 19.903105,49.877158,0.000000 19.903900,49.876728,0.000000 19.903900,49.876728,0.000000 19.904372,49.876293,0.000000 19.905253,49.875042,0.000000 19.906052,49.873932,0.000000 19.906828,49.872863,0.000000 19.907622,49.871788,0.000000 19.908372,49.870617,0.000000 19.908697,49.868753,0.000000 19.909122,49.866695,0.000000 19.909423,49.866310,0.000000 19.909423,49.866310,0.000000 19.911112,49.864403,0.000000 19.911245,49.863592,0.000000 19.911048,49.862928,0.000000 19.910673,49.862365,0.000000 19.909507,49.861013,0.000000 19.908675,49.859735,0.000000 19.908637,49.858932,0.000000 19.908778,49.858547,0.000000 19.909020,49.858205,0.000000 19.909737,49.857617,0.000000 19.911582,49.856378,0.000000 19.913323,49.855073,0.000000 19.915212,49.853703,0.000000 19.917213,49.852648,0.000000 19.919388,49.851527,0.000000 19.922210,49.850005,0.000000 19.924855,49.848558,0.000000 19.925458,49.847922,0.000000 19.925825,49.846947,0.000000 19.926407,49.845410,0.000000 19.927232,49.844363,0.000000 19.928168,49.843637,0.000000 19.929250,49.843105,0.000000 19.930655,49.842705,0.000000 19.931850,49.842555,0.000000 19.935368,49.842400,0.000000 19.939283,49.841995,0.000000 19.943025,49.841508,0.000000 19.944257,49.841263,0.000000 19.944803,49.841035,0.000000 19.945295,49.840730,0.000000 19.947390,49.838675,0.000000 19.948763,49.837108,0.000000 19.948763,49.837108,0.000000 19.949675,49.834962,0.000000 19.950562,49.832847,0.000000 19.951477,49.830682,0.000000 19.951670,49.829827,0.000000 19.951592,49.829413,0.000000 19.951403,49.829022,0.000000 19.951098,49.828672,0.000000 19.950192,49.828073,0.000000 19.947277,49.826838,0.000000 19.944915,49.825995,0.000000 19.943148,49.825628,0.000000 19.942657,49.825423,0.000000 19.942248,49.825162,0.000000 19.941947,49.824857,0.000000 19.941947,49.824857,0.000000 19.940528,49.823043,0.000000 19.939017,49.821610,0.000000 19.936478,49.820015,0.000000 19.935210,49.819357,0.000000 19.931435,49.818027,0.000000 19.927770,49.816628,0.000000 19.924687,49.814762,0.000000 19.922948,49.813595,0.000000 19.922288,49.812707,0.000000 19.921855,49.811250,0.000000 19.922025,49.810272,0.000000 19.922700,49.809318,0.000000 19.924512,49.806848,0.000000 19.924993,49.805882,0.000000 19.925418,49.803372,0.000000 19.924843,49.800368,0.000000 19.924137,49.797433,0.000000 19.923452,49.795243,0.000000 19.923725,49.794152,0.000000 19.924838,49.792542,0.000000 19.925867,49.791583,0.000000 19.928533,49.790087,0.000000 19.931730,49.788960,0.000000 19.933365,49.788732,0.000000 19.937098,49.788178,0.000000 19.940238,49.787223,0.000000 19.942892,49.785782,0.000000 19.944015,49.785343,0.000000 19.945278,49.785103,0.000000 19.947872,49.784793,0.000000 19.949050,49.784363,0.000000 19.949050,49.784363,0.000000 19.950042,49.783695,0.000000 19.952278,49.781390,0.000000 19.954973,49.778747,0.000000 19.957553,49.776083,0.000000 19.958830,49.773102,0.000000 19.960055,49.770137,0.000000 19.960987,49.768507,0.000000 19.963097,49.766025,0.000000 19.963097,49.766025,0.000000 19.965248,49.763492,0.000000 19.965878,49.762488,0.000000 19.966638,49.759972,0.000000 19.967490,49.757217,0.000000 19.968082,49.756217,0.000000 19.970293,49.753960,0.000000 19.970782,49.752945,0.000000 19.971705,49.750190,0.000000 19.972742,49.748698,0.000000 19.974768,49.746160,0.000000 19.976438,49.743520,0.000000 19.977588,49.741340,0.000000 19.977615,49.740292,0.000000 19.977213,49.739270,0.000000 19.976415,49.738315,0.000000 19.975083,49.736927,0.000000 19.974667,49.735897,0.000000 19.974690,49.734807,0.000000 19.975160,49.733707,0.000000 19.976525,49.731192,0.000000 19.977757,49.728768,0.000000 19.978935,49.726503,0.000000 19.979170,49.725575,0.000000 19.979217,49.723005,0.000000 19.979493,49.721460,0.000000 19.980973,49.719017,0.000000 19.981462,49.718003,0.000000 19.981557,49.716887,0.000000 19.981207,49.715752,0.000000 19.980463,49.714750,0.000000 19.979353,49.713920,0.000000 19.976167,49.712113,0.000000 19.975147,49.711147,0.000000 19.973420,49.708482,0.000000 19.973420,49.708482,0.000000 19.972008,49.707153,0.000000 19.972008,49.707153,0.000000 19.969042,49.705063,0.000000 19.969042,49.705063,0.000000 19.965997,49.703005,0.000000 19.965997,49.703005,0.000000 19.962725,49.701360,0.000000 19.962725,49.701360,0.000000 19.962042,49.701230,0.000000 19.962042,49.701230,0.000000 19.960585,49.701220,0.000000 19.960585,49.701220,0.000000 19.959167,49.701483,0.000000 19.959167,49.701483,0.000000 19.956233,49.702033,0.000000 19.956233,49.702033,0.000000 19.953832,49.702118,0.000000 19.953832,49.702118,0.000000 19.952162,49.701975,0.000000 19.952162,49.701975,0.000000 19.949758,49.701440,0.000000 19.949758,49.701440,0.000000 19.948270,49.700882,0.000000 19.948270,49.700882,0.000000 19.948270,49.700882,0.000000 19.944648,49.699150,0.000000 19.944648,49.699150,0.000000 19.941107,49.697480,0.000000 19.941107,49.697480,0.000000 19.937300,49.696040,0.000000 19.937300,49.696040,0.000000 19.933122,49.694995,0.000000 19.933122,49.694995,0.000000 19.928483,49.694365,0.000000 19.928483,49.694365,0.000000 19.923695,49.694272,0.000000 19.923695,49.694272,0.000000 19.919032,49.694697,0.000000 19.919032,49.694697,0.000000 19.914358,49.695322,0.000000 19.914358,49.695322,0.000000 19.910555,49.695288,0.000000 19.910555,49.695288,0.000000 19.907845,49.694910,0.000000 19.907845,49.694910,0.000000 19.904540,49.694007,0.000000 19.904540,49.694007,0.000000 19.901425,49.692533,0.000000 19.901425,49.692533,0.000000 19.899443,49.691098,0.000000 19.899443,49.691098,0.000000 19.896845,49.688308,0.000000 19.896845,49.688308,0.000000 19.894510,49.685470,0.000000 19.894510,49.685470,0.000000 19.892182,49.682592,0.000000 19.892182,49.682592,0.000000 19.889735,49.679533,0.000000 19.889735,49.679533,0.000000 19.888337,49.677195,0.000000 19.888337,49.677195,0.000000 19.887615,49.674535,0.000000 19.887615,49.674535,0.000000 19.887743,49.671758,0.000000 19.887743,49.671758,0.000000 19.888510,49.669500,0.000000 19.888510,49.669500,0.000000 19.890007,49.667187,0.000000 19.890007,49.667187,0.000000 19.891768,49.665058,0.000000 19.891768,49.665058,0.000000 19.891768,49.665058,0.000000 19.891768,49.665058,0.000000 19.891768,49.665058,0.000000 19.891768,49.665058,0.000000 19.891768,49.665058,0.000000 19.891768,49.665058,0.000000 19.891768,49.665058,0.000000 19.906928,49.645672,0.000000 19.906928,49.645672,0.000000 19.906928,49.645672,0.000000 19.908478,49.642768,0.000000 19.908478,49.642768,0.000000 19.909937,49.640057,0.000000 19.909937,49.640057,0.000000 19.911482,49.637573,0.000000 19.911482,49.637573,0.000000 19.913167,49.635323,0.000000 19.913167,49.635323,0.000000 19.914825,49.633078,0.000000 19.914825,49.633078,0.000000 19.916220,49.630795,0.000000 19.916220,49.630795,0.000000 19.917418,49.628200,0.000000 19.917418,49.628200,0.000000 19.918380,49.625585,0.000000 19.918380,49.625585,0.000000 19.919633,49.623207,0.000000 19.919633,49.623207,0.000000 19.921390,49.620693,0.000000 19.921390,49.620693,0.000000 19.923175,49.618185,0.000000 19.923175,49.618185,0.000000 19.924850,49.615708,0.000000 19.924850,49.615708,0.000000 19.925852,49.613053,0.000000 19.925852,49.613053,0.000000 19.925852,49.613053,0.000000 19.925932,49.609870,0.000000 19.925212,49.607430,0.000000 19.924452,49.605732,0.000000 19.924588,49.604593,0.000000 19.925233,49.603545,0.000000 19.927323,49.601142,0.000000 19.927323,49.601142,0.000000 19.929307,49.598888,0.000000 19.929887,49.597960,0.000000 19.929887,49.597960,0.000000 19.930115,49.596987,0.000000 19.930507,49.594717,0.000000 19.930820,49.594063,0.000000 19.931152,49.593827,0.000000 19.931550,49.593647,0.000000 19.933242,49.593158,0.000000 19.933537,49.592932,0.000000 19.933738,49.592650,0.000000 19.933785,49.592318,0.000000 19.933190,49.590282,0.000000 19.932552,49.587985,0.000000 19.932168,49.586430,0.000000 19.932262,49.586117,0.000000 19.932492,49.585853,0.000000 19.932820,49.585652,0.000000 19.933243,49.585533,0.000000 19.933740,49.585492,0.000000 19.934295,49.585543,0.000000 19.935913,49.585888,0.000000 19.937330,49.586468,0.000000 19.937753,49.586493,0.000000 19.938130,49.586403,0.000000 19.938408,49.586215,0.000000 19.938555,49.585957,0.000000 19.938538,49.585678,0.000000 19.938337,49.585422,0.000000 19.938007,49.585220,0.000000 19.937180,49.584763,0.000000 19.936060,49.583685,0.000000 19.935820,49.583322,0.000000 19.935820,49.583322,0.000000 19.935692,49.582937,0.000000 19.935702,49.582528,0.000000 19.935858,49.582100,0.000000 19.937008,49.579647,0.000000 19.938007,49.577455,0.000000 19.938563,49.576805,0.000000 19.938997,49.576545,0.000000 19.939517,49.576340,0.000000 19.942300,49.575710,0.000000 19.943363,49.575317,0.000000 19.946012,49.574163,0.000000 19.947212,49.573578,0.000000 19.947452,49.573333,0.000000 19.947592,49.573030,0.000000 19.947627,49.572655,0.000000 19.947063,49.570168,0.000000 19.945965,49.567362,0.000000 19.944478,49.564807,0.000000 19.942740,49.562490,0.000000 19.940862,49.560393,0.000000 19.939672,49.558783,0.000000 19.939198,49.557440,0.000000 19.939122,49.555973,0.000000 19.939593,49.554367,0.000000 19.940723,49.552737,0.000000 19.941847,49.551750,0.000000 19.944060,49.550478,0.000000 19.945855,49.549833,0.000000 19.947827,49.549407,0.000000 19.952667,49.548822,0.000000 19.955093,49.548220,0.000000 19.955093,49.548220,0.000000 19.958660,49.546802,0.000000 19.962305,49.545732,0.000000 19.964888,49.544707,0.000000 19.966547,49.543633,0.000000 19.969090,49.541302,0.000000 19.971265,49.538905,0.000000 19.971980,49.537292,0.000000 19.972175,49.534900,0.000000 19.972290,49.532012,0.000000 19.972430,49.529128,0.000000 19.972205,49.526320,0.000000 19.972020,49.523437,0.000000 19.972465,49.521662,0.000000 19.972465,49.521662,0.000000 19.973537,49.519878,0.000000 19.975177,49.518277,0.000000 19.978650,49.516037,0.000000 19.981975,49.513937,0.000000 19.985435,49.511700,0.000000 19.987410,49.509870,0.000000 19.988943,49.507315,0.000000 19.989483,49.505350,0.000000 19.989362,49.503492,0.000000 19.988728,49.501485,0.000000 19.987477,49.499477,0.000000 19.985368,49.496318,0.000000 19.984887,49.494275,0.000000 19.985135,49.492210,0.000000 19.986132,49.490172,0.000000 19.988097,49.487625,0.000000 19.991117,49.484973,0.000000 19.994550,49.482600,0.000000 19.996235,49.480992,0.000000 19.997757,49.478665,0.000000 19.999088,49.475617,0.000000 20.000377,49.472880,0.000000 20.001872,49.470947,0.000000 20.001872,49.470947,0.000000 20.003885,49.469233,0.000000 20.006362,49.467750,0.000000 20.009020,49.466697,0.000000 20.012453,49.465855,0.000000 20.015947,49.465382,0.000000 20.018388,49.464893,0.000000 20.019248,49.464468,0.000000 20.019628,49.464175,0.000000 20.020163,49.463470,0.000000 20.020397,49.462712,0.000000 20.020342,49.460787,0.000000 20.020298,49.459360,0.000000 20.020252,49.459132,0.000000 20.020082,49.458940,0.000000 20.020150,49.458815,0.000000 20.020247,49.458680,0.000000 20.020263,49.458495,0.000000 20.020245,49.456985,0.000000 20.020245,49.456985,0.000000 20.020263,49.454905,0.000000 20.020302,49.452740,0.000000 20.020327,49.450868,0.000000 20.020297,49.449190,0.000000 20.020245,49.447682,0.000000 20.020117,49.446610,0.000000 20.020052,49.446495,0.000000 20.019990,49.446385,0.000000 20.020057,49.446267,0.000000 20.020102,49.446120,0.000000 20.020268,49.444885,0.000000 20.020335,49.443610,0.000000 20.020400,49.442327,0.000000 20.020550,49.440943,0.000000 20.021002,49.439598,0.000000 20.021433,49.438328,0.000000 20.021958,49.436903,0.000000 20.022200,49.435805,0.000000 20.021920,49.434505,0.000000 20.021480,49.432892,0.000000 20.021010,49.431213,0.000000 20.021010,49.431213,0.000000 20.020753,49.430197,0.000000 20.020482,49.429195,0.000000 20.020203,49.428182,0.000000 20.019945,49.427185,0.000000 20.019667,49.426120,0.000000 20.019453,49.425147,0.000000 20.019433,49.424870,0.000000 20.019433,49.424870,0.000000 20.019280,49.423688,0.000000 20.019093,49.422202,0.000000 20.018897,49.420485,0.000000 20.018652,49.418507,0.000000 20.018410,49.416560,0.000000 20.018260,49.415327,0.000000 20.018135,49.414237,0.000000 20.017963,49.412910,0.000000 20.017813,49.411670,0.000000 20.017640,49.410273,0.000000 20.017488,49.409018,0.000000 20.017353,49.407913,0.000000 20.017207,49.406742,0.000000 20.017143,49.405363,0.000000 20.017082,49.403878,0.000000 20.017082,49.403878,0.000000 20.017023,49.402505,0.000000 20.016970,49.401313,0.000000 20.016915,49.400075,0.000000 20.016868,49.398945,0.000000 20.016825,49.397583,0.000000 20.016767,49.396203,0.000000 20.016703,49.394585,0.000000 20.016600,49.392988,0.000000 20.016165,49.391980,0.000000 20.015568,49.390807,0.000000 20.015568,49.390807,0.000000 20.014975,49.389628,0.000000 20.014362,49.388410,0.000000 20.013755,49.387167,0.000000 20.013112,49.385878,0.000000 20.012567,49.384753,0.000000 20.012062,49.383757,0.000000 20.011577,49.382743,0.000000 20.011000,49.381112,0.000000 20.010560,49.379773,0.000000 20.010082,49.378717,0.000000 20.009300,49.377630,0.000000 20.008462,49.376447,0.000000 20.007742,49.375443,0.000000 20.006990,49.374392,0.000000 20.006217,49.373302,0.000000 20.005435,49.372210,0.000000 20.004820,49.371342,0.000000 20.004212,49.370480,0.000000 20.003507,49.369505,0.000000 20.003507,49.369505,0.000000 20.002713,49.368323,0.000000 20.002248,49.367048,0.000000 20.001893,49.365680,0.000000 20.001752,49.364657,0.000000 20.001838,49.363460,0.000000 20.001947,49.363093,0.000000 20.002192,49.362760,0.000000 20.002590,49.362458,0.000000 20.003382,49.362120,0.000000 20.004640,49.361570,0.000000 20.005575,49.360993,0.000000 20.006250,49.360393,0.000000 20.006663,49.359745,0.000000 20.006890,49.358745,0.000000 20.006858,49.358097,0.000000 20.006858,49.358097,0.000000 20.006675,49.357062,0.000000 20.006507,49.355825,0.000000 20.006298,49.354452,0.000000 20.006087,49.353112,0.000000 20.005818,49.352458,0.000000 20.005222,49.351773,0.000000 20.003895,49.350443,0.000000 20.003727,49.350152,0.000000 20.003610,49.349507,0.000000 20.003468,49.347928,0.000000 20.003333,49.346500,0.000000 20.003187,49.345037,0.000000 20.003180,49.343612,0.000000 20.003252,49.342218,0.000000 20.003320,49.340893,0.000000 20.003290,49.340243,0.000000 20.003178,49.340048,0.000000 20.003082,49.339985,0.000000 20.002830,49.339865,0.000000 20.002837,49.339768,0.000000 20.002945,49.339673,0.000000 20.003028,49.339542,0.000000 20.003050,49.338825,0.000000 20.002707,49.337372,0.000000 20.002313,49.335958,0.000000 20.002313,49.335958,0.000000 20.001900,49.334360,0.000000 20.001378,49.333383,0.000000 20.000127,49.331868,0.000000 19.999467,49.331315,0.000000 19.998647,49.330872,0.000000 19.996815,49.330208,0.000000 19.996693,49.330153,0.000000 19.996688,49.330085,0.000000 19.996800,49.330015,0.000000 19.997138,49.329782,0.000000 19.997113,49.329682,0.000000 19.996572,49.328970,0.000000 19.995905,49.328172,0.000000 19.995443,49.327293,0.000000 19.994962,49.326378,0.000000 19.994960,49.326263,0.000000 19.995262,49.325935,0.000000 19.995262,49.325935,0.000000 19.995457,49.325745,0.000000 19.995447,49.325630,0.000000 19.995117,49.324683,0.000000 19.994910,49.323848,0.000000 19.994797,49.323265,0.000000 19.994622,49.323013,0.000000 19.994087,49.322232,0.000000 19.993605,49.321367,0.000000 19.993580,49.321205,0.000000 19.993603,49.321048,0.000000 19.993925,49.320117,0.000000 19.994128,49.319135,0.000000 19.994220,49.318723,0.000000 19.994148,49.317510,0.000000 19.994210,49.316782,0.000000 19.994158,49.316345,0.000000 19.994175,49.316230,0.000000 19.994198,49.316123,0.000000 19.994162,49.315865,0.000000 19.993887,49.315212,0.000000 19.993805,49.315107,0.000000 19.993805,49.315107,0.000000 19.993920,49.314033,0.000000 19.993935,49.313447,0.000000 19.994100,49.312982,0.000000 19.994768,49.311680,0.000000 19.995315,49.310445,0.000000 19.995660,49.309513,0.000000 19.995677,49.309012,0.000000 19.995523,49.308538,0.000000 19.995523,49.308538,0.000000 19.995523,49.308538,0.000000 19.995523,49.308538,0.000000 19.995523,49.308538,0.000000 19.995523,49.308538,0.000000 19.995523,49.308538,0.000000 19.995523,49.308538,0.000000 19.995390,49.308292,0.000000 19.995290,49.308103,0.000000 19.995053,49.307598,0.000000 19.994902,49.307445,0.000000 19.994677,49.307318,0.000000 19.993900,49.306940,0.000000 19.993703,49.306750,0.000000 19.993585,49.306530,0.000000 19.993557,49.306287,0.000000 19.993793,49.305092,0.000000 19.994047,49.303823,0.000000 19.994307,49.303080,0.000000 19.994732,49.302595,0.000000 19.995108,49.302107,0.000000 19.995315,49.301363,0.000000 19.995245,49.301113,0.000000 19.995090,49.300880,0.000000 19.994143,49.299867,0.000000 19.993062,49.298758,0.000000 19.991423,49.297845,0.000000 19.989743,49.296908,0.000000 19.988120,49.296007,0.000000 19.986355,49.295112,0.000000 19.984773,49.294432,0.000000 19.983255,49.293727,0.000000 19.982823,49.293337,0.000000 19.982025,49.292313,0.000000 19.981403,49.291438,0.000000 19.981403,49.291438,0.000000 19.980960,49.290270,0.000000 19.980603,49.289077,0.000000 19.980250,49.287923,0.000000 19.980185,49.287155,0.000000 19.980223,49.285960,0.000000 19.980183,49.285383,0.000000 19.980035,49.285227,0.000000 19.980103,49.285133,0.000000 19.980352,49.284987,0.000000 19.980483,49.284978,0.000000 19.980602,49.285015,0.000000 19.980745,49.285045,0.000000 19.982030,49.285187,0.000000 19.983413,49.285263,0.000000 19.984675,49.284923,0.000000 19.985403,49.284770,0.000000 19.986702,49.284567,0.000000 19.986702,49.284567,0.000000 19.988095,49.284357,0.000000 19.989522,49.284148,0.000000 19.990807,49.283957,0.000000 19.991047,49.283988,0.000000 19.991060,49.284085,0.000000 19.990925,49.284557,0.000000 19.990778,49.285293,0.000000 19.990872,49.285315,0.000000 19.991253,49.285353,0.000000 19.991253,49.285353,0.000000 19.991253,49.285353,0.000000</coordinates></LineString><ExtendedData><Data name="speed_0"><value>13.613584905266547</value></Data><Data name="speed_limit_0"><value>90</value></Data><Data name="speed_difference_0"><value>-76.38641509473345</value></Data><Data name="speed_1"><value>2.0847895860899452</value></Data><Data name="speed_limit_1"><value>90</value></Data><Data name="speed_difference_1"><value>-87.91521041391006</value></Data><Data name="speed_2"><value>3.1473739827669682</value></Data><Data name="speed_limit_2"><value>90</value></Data><Data name="speed_difference_2"><value>-86.85262601723304</value></Data><Data name="speed_3"><value>26.359799388702424</value></Data><Data name="speed_limit_3"><value>90</value></Data><Data name="speed_difference_3"><value>-63.64020061129757</value></Data><Data name="speed_4"><value>27.701617507845295</value></Data><Data name="speed_limit_4"><value>90</value></Data><Data name="speed_difference_4"><value>-62.2983824921547</value></Data><Data name="speed_5"><value>5.816665845539016</value></Data><Data name="speed_limit_5"><value>90</value></Data><Data name="speed_difference_5"><value>-84.18333415446098</value></Data><Data name="speed_6"><value>3.390144403470156</value></Data><Data name="speed_limit_6"><value>90</value></Data><Data name="speed_difference_6"><value>-86.60985559652984</value></Data><Data name="speed_7"><value>41.37851344888517</value></Data><Data name="speed_limit_7"><value>90</value></Data><Data name="speed_difference_7"><value>-48.62148655111483</value></Data><Data name="speed_8"><value>44.398007533969974</value></Data><Data name="speed_limit_8"><value>90</value></Data><Data name="speed_difference_8"><value>-45.601992466030026</value></Data><Data name="speed_9"><value>48.89902358163066</value></Data><Data name="speed_limit_9"><value>90</value></Data><Data name="speed_difference_9"><value>-41.10097641836934</value></Data><Data name="speed_10"><value>36.83837234621726</value></Data><Data name="speed_limit_10"><value>90</value></Data><Data name="speed_difference_10"><value>-53.16162765378274</value></Data><Data name="speed_11"><value>3.7732362929475554</value></Data><Data name="speed_limit_11"><value>90</value></Data><Data name="speed_difference_11"><value>-86.22676370705244</value></Data><Data name="speed_12"><value>4.195362264861117</value></Data><Data name="speed_limit_12"><value>90</value></Data><Data name="speed_difference_12"><value>-85.80463773513888</value></Data><Data name="speed_13"><value>13.789032968534887</value></Data><Data name="speed_limit_13"><value>90</value></Data><Data name="speed_difference_13"><value>-76.21096703146512</value></Data><Data name="speed_14"><value>45.65955917773291</value></Data><Data name="speed_limit_14"><value>90</value></Data><Data name="speed_difference_14"><value>-44.34044082226709</value></Data><Data name="speed_15"><value>45.96204317391063</value></Data><Data name="speed_limit_15"><value>90</value></Data><Data name="speed_difference_15"><value>-44.03795682608937</value></Data><Data name="speed_16"><value>28.554087362011423</value></Data><Data name="speed_limit_16"><value>90</value></Data><Data name="speed_difference_16"><value>-61.44591263798858</value></Data><Data name="speed_17"><value>3.080773692774131</value></Data><Data name="speed_limit_17"><value>90</value></Data><Data name="speed_difference_17"><value>-86.91922630722587</value></Data><Data name="speed_18"><value>3.51995381812725</value></Data><Data name="speed_limit_18"><value>90</value></Data><Data name="speed_difference_18"><value>-86.48004618187275</value></Data><Data name="speed_19"><value>8.218198360513977</value></Data><Data name="speed_limit_19"><value>90</value></Data><Data name="speed_difference_19"><value>-81.78180163948602</value></Data><Data name="speed_20"><value>48.05504745857657</value></Data><Data name="speed_limit_20"><value>90</value></Data><Data name="speed_difference_20"><value>-41.94495254142343</value></Data><Data name="speed_21"><value>50.95074928699384</value></Data><Data name="speed_limit_21"><value>90</value></Data><Data name="speed_difference_21"><value>-39.04925071300616</value></Data><Data name="speed_22"><value>45.51611055443309</value></Data><Data name="speed_limit_22"><value>40</value></Data><Data name="speed_difference_22"><value>5.516110554433091</value></Data><Data name="speed_23"><value>13.181145367451458</value></Data><Data name="speed_limit_23"><value>40</value></Data><Data name="speed_difference_23"><value>-26.818854632548543</value></Data><Data name="speed_24"><value>3.42073091184105</value></Data><Data name="speed_limit_24"><value>40</value></Data><Data name="speed_difference_24"><value>-36.57926908815895</value></Data><Data name="speed_25"><value>37.78689572837902</value></Data><Data name="speed_limit_25"><value>40</value></Data><Data name="speed_difference_25"><value>-2.2131042716209777</value></Data><Data name="speed_26"><value>5.351071958897249</value></Data><Data name="speed_limit_26"><value>40</value></Data><Data name="speed_difference_26"><value>-34.64892804110275</value></Data><Data name="speed_27"><value>7.452337842016095</value></Data><Data name="speed_limit_27"><value>40</value></Data><Data name="speed_difference_27"><value>-32.54766215798391</value></Data><Data name="speed_28"><value>11.414814283734655</value></Data><Data name="speed_limit_28"><value>90</value></Data><Data name="speed_difference_28"><value>-78.58518571626534</value></Data><Data name="speed_29"><value>7.030414895696375</value></Data><Data name="speed_limit_29"><value>90</value></Data><Data name="speed_difference_29"><value>-82.96958510430362</value></Data><Data name="speed_30"><value>8.286900517527771</value></Data><Data name="speed_limit_30"><value>90</value></Data><Data name="speed_difference_30"><value>-81.71309948247223</value></Data><Data name="speed_31"><value>37.06491388671894</value></Data><Data name="speed_limit_31"><value>90</value></Data><Data name="speed_difference_31"><value>-52.93508611328106</value></Data><Data name="speed_32"><value>68.43380882210634</value></Data><Data name="speed_limit_32"><value>90</value></Data><Data name="speed_difference_32"><value>-21.566191177893657</value></Data><Data name="speed_33"><value>61.146388344362585</value></Data><Data name="speed_limit_33"><value>90</value></Data><Data name="speed_difference_33"><value>-28.853611655637415</value></Data><Data name="speed_34"><value>70.02313450867777</value></Data><Data name="speed_limit_34"><value>70</value></Data><Data name="speed_difference_34"><value>0.023134508677770782</value></Data><Data name="speed_35"><value>63.126548348977984</value></Data><Data name="speed_limit_35"><value>70</value></Data><Data name="speed_difference_35"><value>-6.873451651022016</value></Data><Data name="speed_36"><value>51.88047286915354</value></Data><Data name="speed_limit_36"><value>70</value></Data><Data name="speed_difference_36"><value>-18.119527130846457</value></Data><Data name="speed_37"><value>0.0</value></Data><Data name="speed_limit_37"><value>70</value></Data><Data name="speed_difference_37"><value>-70.0</value></Data><Data name="speed_38"><value>63.95111271014965</value></Data><Data name="speed_limit_38"><value>70</value></Data><Data name="speed_difference_38"><value>-6.048887289850349</value></Data><Data name="speed_39"><value>71.99272505207578</value></Data><Data name="speed_limit_39"><value>70</value></Data><Data name="speed_difference_39"><value>1.9927250520757838</value></Data><Data name="speed_40"><value>0.0</value></Data><Data name="speed_limit_40"><value>70</value></Data><Data name="speed_difference_40"><value>-70.0</value></Data><Data name="speed_41"><value>51.9812306984219</value></Data><Data name="speed_limit_41"><value>70</value></Data><Data name="speed_difference_41"><value>-18.018769301578097</value></Data><Data name="speed_42"><value>89.59078844105677</value></Data><Data name="speed_limit_42"><value>70</value></Data><Data name="speed_difference_42"><value>19.590788441056773</value></Data><Data name="speed_43"><value>87.66546015785663</value></Data><Data name="speed_limit_43"><value>70</value></Data><Data name="speed_difference_43"><value>17.66546015785663</value></Data><Data name="speed_44"><value>67.47166007979149</value></Data><Data name="speed_limit_44"><value>70</value></Data><Data name="speed_difference_44"><value>-2.5283399202085093</value></Data><Data name="speed_45"><value>63.65304854387216</value></Data><Data name="speed_limit_45"><value>70</value></Data><Data name="speed_difference_45"><value>-6.34695145612784</value></Data><Data name="speed_46"><value>62.31260175869903</value></Data><Data name="speed_limit_46"><value>70</value></Data><Data name="speed_difference_46"><value>-7.6873982413009685</value></Data><Data name="speed_47"><value>63.75395714929545</value></Data><Data name="speed_limit_47"><value>70</value></Data><Data name="speed_difference_47"><value>-6.246042850704548</value></Data><Data name="speed_48"><value>66.23886903882355</value></Data><Data name="speed_limit_48"><value>70</value></Data><Data name="speed_difference_48"><value>-3.7611309611764483</value></Data><Data name="speed_49"><value>62.64027151717753</value></Data><Data name="speed_limit_49"><value>70</value></Data><Data name="speed_difference_49"><value>-7.359728482822469</value></Data><Data name="speed_50"><value>62.70785657762323</value></Data><Data name="speed_limit_50"><value>70</value></Data><Data name="speed_difference_50"><value>-7.292143422376768</value></Data><Data name="speed_51"><value>63.79604465229002</value></Data><Data name="speed_limit_51"><value>70</value></Data><Data name="speed_difference_51"><value>-6.203955347709979</value></Data><Data name="speed_52"><value>61.01320391055421</value></Data><Data name="speed_limit_52"><value>70</value></Data><Data name="speed_difference_52"><value>-8.98679608944579</value></Data><Data name="speed_53"><value>58.6576787719026</value></Data><Data name="speed_limit_53"><value>70</value></Data><Data name="speed_difference_53"><value>-11.342321228097397</value></Data><Data name="speed_54"><value>62.27695856110174</value></Data><Data name="speed_limit_54"><value>70</value></Data><Data name="speed_difference_54"><value>-7.723041438898257</value></Data><Data name="speed_55"><value>63.748858283550966</value></Data><Data name="speed_limit_55"><value>70</value></Data><Data name="speed_difference_55"><value>-6.251141716449034</value></Data><Data name="speed_56"><value>63.18993070234917</value></Data><Data name="speed_limit_56"><value>70</value></Data><Data name="speed_difference_56"><value>-6.810069297650827</value></Data><Data name="speed_57"><value>62.357277116151316</value></Data><Data name="speed_limit_57"><value>70</value></Data><Data name="speed_difference_57"><value>-7.642722883848684</value></Data><Data name="speed_58"><value>63.02421447778291</value></Data><Data name="speed_limit_58"><value>70</value></Data><Data name="speed_difference_58"><value>-6.9757855222170875</value></Data><Data name="speed_59"><value>59.46917245278829</value></Data><Data name="speed_limit_59"><value>70</value></Data><Data name="speed_difference_59"><value>-10.530827547211707</value></Data><Data name="speed_60"><value>62.543972413960574</value></Data><Data name="speed_limit_60"><value>70</value></Data><Data name="speed_difference_60"><value>-7.456027586039426</value></Data><Data name="speed_61"><value>62.854293039461965</value></Data><Data name="speed_limit_61"><value>70</value></Data><Data name="speed_difference_61"><value>-7.1457069605380354</value></Data><Data name="speed_62"><value>62.77528274003574</value></Data><Data name="speed_limit_62"><value>70</value></Data><Data name="speed_difference_62"><value>-7.224717259964258</value></Data><Data name="speed_63"><value>62.600172103550484</value></Data><Data name="speed_limit_63"><value>70</value></Data><Data name="speed_difference_63"><value>-7.399827896449516</value></Data><Data name="speed_64"><value>62.10129667329846</value></Data><Data name="speed_limit_64"><value>70</value></Data><Data name="speed_difference_64"><value>-7.898703326701543</value></Data><Data name="speed_65"><value>65.97316316474952</value></Data><Data name="speed_limit_65"><value>70</value></Data><Data name="speed_difference_65"><value>-4.026836835250478</value></Data><Data name="speed_66"><value>62.96063389672565</value></Data><Data name="speed_limit_66"><value>70</value></Data><Data name="speed_difference_66"><value>-7.039366103274347</value></Data><Data name="speed_67"><value>64.0585184910492</value></Data><Data name="speed_limit_67"><value>40</value></Data><Data name="speed_difference_67"><value>24.0585184910492</value></Data><Data name="speed_68"><value>64.46608637043418</value></Data><Data name="speed_limit_68"><value>40</value></Data><Data name="speed_difference_68"><value>24.466086370434184</value></Data><Data name="speed_69"><value>63.438675534772074</value></Data><Data name="speed_limit_69"><value>70</value></Data><Data name="speed_difference_69"><value>-6.561324465227926</value></Data><Data name="speed_70"><value>0.0</value></Data><Data name="speed_limit_70"><value>70</value></Data><Data name="speed_difference_70"><value>-70.0</value></Data><Data name="speed_71"><value>65.08930419947264</value></Data><Data name="speed_limit_71"><value>70</value></Data><Data name="speed_difference_71"><value>-4.910695800527364</value></Data><Data name="speed_72"><value>0.0</value></Data><Data name="speed_limit_72"><value>70</value></Data><Data name="speed_difference_72"><value>-70.0</value></Data><Data name="speed_73"><value>66.40169700917983</value></Data><Data name="speed_limit_73"><value>70</value></Data><Data name="speed_difference_73"><value>-3.598302990820173</value></Data><Data name="speed_74"><value>0.0</value></Data><Data name="speed_limit_74"><value>70</value></Data><Data name="speed_difference_74"><value>-70.0</value></Data><Data name="speed_75"><value>65.64728551717036</value></Data><Data name="speed_limit_75"><value>70</value></Data><Data name="speed_difference_75"><value>-4.35271448282964</value></Data><Data name="speed_76"><value>0.0</value></Data><Data name="speed_limit_76"><value>70</value></Data><Data name="speed_difference_76"><value>-70.0</value></Data><Data name="speed_77"><value>63.55488344965927</value></Data><Data name="speed_limit_77"><value>70</value></Data><Data name="speed_difference_77"><value>-6.445116550340728</value></Data><Data name="speed_78"><value>0.0</value></Data><Data name="speed_limit_78"><value>70</value></Data><Data name="speed_difference_78"><value>-70.0</value></Data><Data name="speed_79"><value>62.08653388489215</value></Data><Data name="speed_limit_79"><value>70</value></Data><Data name="speed_difference_79"><value>-7.913466115107852</value></Data><Data name="speed_80"><value>0.0</value></Data><Data name="speed_limit_80"><value>70</value></Data><Data name="speed_difference_80"><value>-70.0</value></Data><Data name="speed_81"><value>61.230126375800886</value></Data><Data name="speed_limit_81"><value>70</value></Data><Data name="speed_difference_81"><value>-8.769873624199114</value></Data><Data name="speed_82"><value>0.0</value></Data><Data name="speed_limit_82"><value>70</value></Data><Data name="speed_difference_82"><value>-70.0</value></Data><Data name="speed_83"><value>63.35148437402856</value></Data><Data name="speed_limit_83"><value>70</value></Data><Data name="speed_difference_83"><value>-6.6485156259714415</value></Data><Data name="speed_84"><value>0.0</value></Data><Data name="speed_limit_84"><value>70</value></Data><Data name="speed_difference_84"><value>-70.0</value></Data><Data name="speed_85"><value>65.73334794044601</value></Data><Data name="speed_limit_85"><value>70</value></Data><Data name="speed_difference_85"><value>-4.266652059553991</value></Data><Data name="speed_86"><value>0.0</value></Data><Data name="speed_limit_86"><value>70</value></Data><Data name="speed_difference_86"><value>-70.0</value></Data><Data name="speed_87"><value>64.65141660797633</value></Data><Data name="speed_limit_87"><value>70</value></Data><Data name="speed_difference_87"><value>-5.34858339202367</value></Data><Data name="speed_88"><value>0.0</value></Data><Data name="speed_limit_88"><value>70</value></Data><Data name="speed_difference_88"><value>-70.0</value></Data><Data name="speed_89"><value>63.83911448735369</value></Data><Data name="speed_limit_89"><value>70</value></Data><Data name="speed_difference_89"><value>-6.16088551264631</value></Data><Data name="speed_90"><value>0.0</value></Data><Data name="speed_limit_90"><value>70</value></Data><Data name="speed_difference_90"><value>-70.0</value></Data><Data name="speed_91"><value>63.81593919865364</value></Data><Data name="speed_limit_91"><value>70</value></Data><Data name="speed_difference_91"><value>-6.184060801346362</value></Data><Data name="speed_92"><value>0.0</value></Data><Data name="speed_limit_92"><value>70</value></Data><Data name="speed_difference_92"><value>-70.0</value></Data><Data name="speed_93"><value>64.91998435826669</value></Data><Data name="speed_limit_93"><value>70</value></Data><Data name="speed_difference_93"><value>-5.080015641733311</value></Data><Data name="speed_94"><value>0.0</value></Data><Data name="speed_limit_94"><value>70</value></Data><Data name="speed_difference_94"><value>-70.0</value></Data><Data name="speed_95"><value>66.52204158686686</value></Data><Data name="speed_limit_95"><value>70</value></Data><Data name="speed_difference_95"><value>-3.4779584131331376</value></Data><Data name="speed_96"><value>0.0</value></Data><Data name="speed_limit_96"><value>70</value></Data><Data name="speed_difference_96"><value>-70.0</value></Data><Data name="speed_97"><value>66.08464498251034</value></Data><Data name="speed_limit_97"><value>70</value></Data><Data name="speed_difference_97"><value>-3.9153550174896594</value></Data><Data name="speed_98"><value>0.0</value></Data><Data name="speed_limit_98"><value>70</value></Data><Data name="speed_difference_98"><value>-70.0</value></Data><Data name="speed_99"><value>66.31788102169241</value></Data><Data name="speed_limit_99"><value>70</value></Data><Data name="speed_difference_99"><value>-3.682118978307585</value></Data><Data name="speed_100"><value>0.0</value></Data><Data name="speed_limit_100"><value>70</value></Data><Data name="speed_difference_100"><value>-70.0</value></Data><Data name="speed_101"><value>71.8669951299234</value></Data><Data name="speed_limit_101"><value>70</value></Data><Data name="speed_difference_101"><value>1.8669951299233958</value></Data><Data name="speed_102"><value>0.0</value></Data><Data name="speed_limit_102"><value>70</value></Data><Data name="speed_difference_102"><value>-70.0</value></Data><Data name="speed_103"><value>60.87077877710884</value></Data><Data name="speed_limit_103"><value>70</value></Data><Data name="speed_difference_103"><value>-9.129221222891161</value></Data><Data name="speed_104"><value>0.0</value></Data><Data name="speed_limit_104"><value>70</value></Data><Data name="speed_difference_104"><value>-70.0</value></Data><Data name="speed_105"><value>43.925392241514785</value></Data><Data name="speed_limit_105"><value>70</value></Data><Data name="speed_difference_105"><value>-26.074607758485215</value></Data><Data name="speed_106"><value>0.0</value></Data><Data name="speed_limit_106"><value>70</value></Data><Data name="speed_difference_106"><value>-70.0</value></Data><Data name="speed_107"><value>70.15610571956319</value></Data><Data name="speed_limit_107"><value>70</value></Data><Data name="speed_difference_107"><value>0.15610571956318608</value></Data><Data name="speed_108"><value>0.0</value></Data><Data name="speed_limit_108"><value>70</value></Data><Data name="speed_difference_108"><value>-70.0</value></Data><Data name="speed_109"><value>48.16770092399234</value></Data><Data name="speed_limit_109"><value>70</value></Data><Data name="speed_difference_109"><value>-21.832299076007658</value></Data><Data name="speed_110"><value>0.0</value></Data><Data name="speed_limit_110"><value>140</value></Data><Data name="speed_difference_110"><value>-140.0</value></Data><Data name="speed_111"><value>30.429139510301287</value></Data><Data name="speed_limit_111"><value>140</value></Data><Data name="speed_difference_111"><value>-109.57086048969872</value></Data><Data name="speed_112"><value>0.0</value></Data><Data name="speed_limit_112"><value>140</value></Data><Data name="speed_difference_112"><value>-140.0</value></Data><Data name="speed_113"><value>49.15829312524437</value></Data><Data name="speed_limit_113"><value>140</value></Data><Data name="speed_difference_113"><value>-90.84170687475563</value></Data><Data name="speed_114"><value>0.0</value></Data><Data name="speed_limit_114"><value>140</value></Data><Data name="speed_difference_114"><value>-140.0</value></Data><Data name="speed_115"><value>32.74794285970073</value></Data><Data name="speed_limit_115"><value>140</value></Data><Data name="speed_difference_115"><value>-107.25205714029927</value></Data><Data name="speed_116"><value>0.0</value></Data><Data name="speed_limit_116"><value>140</value></Data><Data name="speed_difference_116"><value>-140.0</value></Data><Data name="speed_117"><value>42.62573871623909</value></Data><Data name="speed_limit_117"><value>140</value></Data><Data name="speed_difference_117"><value>-97.37426128376092</value></Data><Data name="speed_118"><value>0.0</value></Data><Data name="speed_limit_118"><value>140</value></Data><Data name="speed_difference_118"><value>-140.0</value></Data><Data name="speed_119"><value>12.483004325797355</value></Data><Data name="speed_limit_119"><value>140</value></Data><Data name="speed_difference_119"><value>-127.51699567420265</value></Data><Data name="speed_120"><value>0.0</value></Data><Data name="speed_limit_120"><value>60</value></Data><Data name="speed_difference_120"><value>-60.0</value></Data><Data name="speed_121"><value>11.79572785129684</value></Data><Data name="speed_limit_121"><value>60</value></Data><Data name="speed_difference_121"><value>-48.20427214870316</value></Data><Data name="speed_122"><value>0.0</value></Data><Data name="speed_limit_122"><value>60</value></Data><Data name="speed_difference_122"><value>-60.0</value></Data><Data name="speed_123"><value>11.303324676302653</value></Data><Data name="speed_limit_123"><value>60</value></Data><Data name="speed_difference_123"><value>-48.69667532369735</value></Data><Data name="speed_124"><value>0.0</value></Data><Data name="speed_limit_124"><value>60</value></Data><Data name="speed_difference_124"><value>-60.0</value></Data><Data name="speed_125"><value>11.16177882085338</value></Data><Data name="speed_limit_125"><value>60</value></Data><Data name="speed_difference_125"><value>-48.83822117914662</value></Data><Data name="speed_126"><value>0.0</value></Data><Data name="speed_limit_126"><value>60</value></Data><Data name="speed_difference_126"><value>-60.0</value></Data><Data name="speed_127"><value>10.643198801128655</value></Data><Data name="speed_limit_127"><value>60</value></Data><Data name="speed_difference_127"><value>-49.356801198871345</value></Data><Data name="speed_128"><value>0.0</value></Data><Data name="speed_limit_128"><value>60</value></Data><Data name="speed_difference_128"><value>-60.0</value></Data><Data name="speed_129"><value>10.360903491208333</value></Data><Data name="speed_limit_129"><value>60</value></Data><Data name="speed_difference_129"><value>-49.63909650879167</value></Data><Data name="speed_130"><value>0.0</value></Data><Data name="speed_limit_130"><value>50</value></Data><Data name="speed_difference_130"><value>-50.0</value></Data><Data name="speed_131"><value>22.48891189635696</value></Data><Data name="speed_limit_131"><value>50</value></Data><Data name="speed_difference_131"><value>-27.51108810364304</value></Data><Data name="speed_132"><value>0.0</value></Data><Data name="speed_limit_132"><value>50</value></Data><Data name="speed_difference_132"><value>-50.0</value></Data><Data name="speed_133"><value>49.06548149557817</value></Data><Data name="speed_limit_133"><value>50</value></Data><Data name="speed_difference_133"><value>-0.9345185044218312</value></Data><Data name="speed_134"><value>0.0</value></Data><Data name="speed_limit_134"><value>50</value></Data><Data name="speed_difference_134"><value>-50.0</value></Data><Data name="speed_135"><value>12.240982935551148</value></Data><Data name="speed_limit_135"><value>50</value></Data><Data name="speed_difference_135"><value>-37.759017064448855</value></Data><Data name="speed_136"><value>0.0</value></Data><Data name="speed_limit_136"><value>50</value></Data><Data name="speed_difference_136"><value>-50.0</value></Data><Data name="speed_137"><value>12.229777894061383</value></Data><Data name="speed_limit_137"><value>50</value></Data><Data name="speed_difference_137"><value>-37.770222105938615</value></Data><Data name="speed_138"><value>0.0</value></Data><Data name="speed_limit_138"><value>50</value></Data><Data name="speed_difference_138"><value>-50.0</value></Data><Data name="speed_139"><value>24.645169180562483</value></Data><Data name="speed_limit_139"><value>50</value></Data><Data name="speed_difference_139"><value>-25.354830819437517</value></Data><Data name="speed_140"><value>0.0</value></Data><Data name="speed_limit_140"><value>140</value></Data><Data name="speed_difference_140"><value>-140.0</value></Data><Data name="speed_141"><value>12.306920380109442</value></Data><Data name="speed_limit_141"><value>140</value></Data><Data name="speed_difference_141"><value>-127.69307961989055</value></Data><Data name="speed_142"><value>0.0</value></Data><Data name="speed_limit_142"><value>140</value></Data><Data name="speed_difference_142"><value>-140.0</value></Data><Data name="speed_143"><value>12.3758214553172</value></Data><Data name="speed_limit_143"><value>140</value></Data><Data name="speed_difference_143"><value>-127.6241785446828</value></Data><Data name="speed_144"><value>0.0</value></Data><Data name="speed_limit_144"><value>140</value></Data><Data name="speed_difference_144"><value>-140.0</value></Data><Data name="speed_145"><value>11.994105456684078</value></Data><Data name="speed_limit_145"><value>140</value></Data><Data name="speed_difference_145"><value>-128.00589454331592</value></Data><Data name="speed_146"><value>0.0</value></Data><Data name="speed_limit_146"><value>140</value></Data><Data name="speed_difference_146"><value>-140.0</value></Data><Data name="speed_147"><value>12.217053237629457</value></Data><Data name="speed_limit_147"><value>140</value></Data><Data name="speed_difference_147"><value>-127.78294676237054</value></Data><Data name="speed_148"><value>0.0</value></Data><Data name="speed_limit_148"><value>140</value></Data><Data name="speed_difference_148"><value>-140.0</value></Data><Data name="speed_149"><value>13.323098733405327</value></Data><Data name="speed_limit_149"><value>140</value></Data><Data name="speed_difference_149"><value>-126.67690126659467</value></Data><Data name="speed_150"><value>0.0</value></Data><Data name="speed_limit_150"><value>140</value></Data><Data name="speed_difference_150"><value>-140.0</value></Data><Data name="speed_151"><value>78.8425396039905</value></Data><Data name="speed_limit_151"><value>140</value></Data><Data name="speed_difference_151"><value>-61.1574603960095</value></Data><Data name="speed_152"><value>0.0</value></Data><Data name="speed_limit_152"><value>140</value></Data><Data name="speed_difference_152"><value>-140.0</value></Data><Data name="speed_153"><value>83.18116381603042</value></Data><Data name="speed_limit_153"><value>140</value></Data><Data name="speed_difference_153"><value>-56.81883618396958</value></Data><Data name="speed_154"><value>0.0</value></Data><Data name="speed_limit_154"><value>140</value></Data><Data name="speed_difference_154"><value>-140.0</value></Data><Data name="speed_155"><value>87.85929655213894</value></Data><Data name="speed_limit_155"><value>140</value></Data><Data name="speed_difference_155"><value>-52.14070344786106</value></Data><Data name="speed_156"><value>0.0</value></Data><Data name="speed_limit_156"><value>140</value></Data><Data name="speed_difference_156"><value>-140.0</value></Data><Data name="speed_157"><value>74.69691947119556</value></Data><Data name="speed_limit_157"><value>140</value></Data><Data name="speed_difference_157"><value>-65.30308052880444</value></Data><Data name="speed_158"><value>0.0</value></Data><Data name="speed_limit_158"><value>140</value></Data><Data name="speed_difference_158"><value>-140.0</value></Data><Data name="speed_159"><value>77.32699489576744</value></Data><Data name="speed_limit_159"><value>140</value></Data><Data name="speed_difference_159"><value>-62.67300510423256</value></Data><Data name="speed_160"><value>0.0</value></Data><Data name="speed_limit_160"><value>140</value></Data><Data name="speed_difference_160"><value>-140.0</value></Data><Data name="speed_161"><value>78.27360640497109</value></Data><Data name="speed_limit_161"><value>140</value></Data><Data name="speed_difference_161"><value>-61.72639359502891</value></Data><Data name="speed_162"><value>0.0</value></Data><Data name="speed_limit_162"><value>140</value></Data><Data name="speed_difference_162"><value>-140.0</value></Data><Data name="speed_163"><value>0.0</value></Data><Data name="speed_limit_163"><value>140</value></Data><Data name="speed_difference_163"><value>-140.0</value></Data><Data name="speed_164"><value>130.1411216752516</value></Data><Data name="speed_limit_164"><value>140</value></Data><Data name="speed_difference_164"><value>-9.858878324748389</value></Data><Data name="speed_165"><value>0.0</value></Data><Data name="speed_limit_165"><value>140</value></Data><Data name="speed_difference_165"><value>-140.0</value></Data><Data name="speed_166"><value>0.0</value></Data><Data name="speed_limit_166"><value>140</value></Data><Data name="speed_difference_166"><value>-140.0</value></Data><Data name="speed_167"><value>126.12062036323562</value></Data><Data name="speed_limit_167"><value>140</value></Data><Data name="speed_difference_167"><value>-13.879379636764384</value></Data><Data name="speed_168"><value>70.41026027996904</value></Data><Data name="speed_limit_168"><value>140</value></Data><Data name="speed_difference_168"><value>-69.58973972003096</value></Data><Data name="speed_169"><value>69.39682438076657</value></Data><Data name="speed_limit_169"><value>140</value></Data><Data name="speed_difference_169"><value>-70.60317561923343</value></Data><Data name="speed_170"><value>44.78871401024561</value></Data><Data name="speed_limit_170"><value>140</value></Data><Data name="speed_difference_170"><value>-95.21128598975439</value></Data><Data name="speed_171"><value>63.797156301307446</value></Data><Data name="speed_limit_171"><value>140</value></Data><Data name="speed_difference_171"><value>-76.20284369869256</value></Data><Data name="speed_172"><value>57.4245209846069</value></Data><Data name="speed_limit_172"><value>140</value></Data><Data name="speed_difference_172"><value>-82.5754790153931</value></Data><Data name="speed_173"><value>0.0</value></Data><Data name="speed_limit_173"><value>140</value></Data><Data name="speed_difference_173"><value>-140.0</value></Data><Data name="speed_174"><value>63.7135542166257</value></Data><Data name="speed_limit_174"><value>140</value></Data><Data name="speed_difference_174"><value>-76.28644578337429</value></Data><Data name="speed_175"><value>53.34277747942847</value></Data><Data name="speed_limit_175"><value>140</value></Data><Data name="speed_difference_175"><value>-86.65722252057154</value></Data><Data name="speed_176"><value>0.0</value></Data><Data name="speed_limit_176"><value>140</value></Data><Data name="speed_difference_176"><value>-140.0</value></Data><Data name="speed_177"><value>75.93992609431542</value></Data><Data name="speed_limit_177"><value>140</value></Data><Data name="speed_difference_177"><value>-64.06007390568458</value></Data><Data name="speed_178"><value>0.0</value></Data><Data name="speed_limit_178"><value>140</value></Data><Data name="speed_difference_178"><value>-140.0</value></Data><Data name="speed_179"><value>97.64402825492101</value></Data><Data name="speed_limit_179"><value>140</value></Data><Data name="speed_difference_179"><value>-42.35597174507899</value></Data><Data name="speed_180"><value>0.0</value></Data><Data name="speed_limit_180"><value>140</value></Data><Data name="speed_difference_180"><value>-140.0</value></Data><Data name="speed_181"><value>104.75146183365504</value></Data><Data name="speed_limit_181"><value>140</value></Data><Data name="speed_difference_181"><value>-35.24853816634496</value></Data><Data name="speed_182"><value>88.60277336984188</value></Data><Data name="speed_limit_182"><value>140</value></Data><Data name="speed_difference_182"><value>-51.397226630158116</value></Data><Data name="speed_183"><value>0.0</value></Data><Data name="speed_limit_183"><value>140</value></Data><Data name="speed_difference_183"><value>-140.0</value></Data><Data name="speed_184"><value>85.8626626318734</value></Data><Data name="speed_limit_184"><value>140</value></Data><Data name="speed_difference_184"><value>-54.137337368126595</value></Data><Data name="speed_185"><value>0.0</value></Data><Data name="speed_limit_185"><value>140</value></Data><Data name="speed_difference_185"><value>-140.0</value></Data><Data name="speed_186"><value>84.37953744238459</value></Data><Data name="speed_limit_186"><value>140</value></Data><Data name="speed_difference_186"><value>-55.62046255761541</value></Data><Data name="speed_187"><value>83.49677407087844</value></Data><Data name="speed_limit_187"><value>140</value></Data><Data name="speed_difference_187"><value>-56.503225929121555</value></Data><Data name="speed_188"><value>0.0</value></Data><Data name="speed_limit_188"><value>140</value></Data><Data name="speed_difference_188"><value>-140.0</value></Data><Data name="speed_189"><value>91.99532592756178</value></Data><Data name="speed_limit_189"><value>140</value></Data><Data name="speed_difference_189"><value>-48.00467407243822</value></Data><Data name="speed_190"><value>0.0</value></Data><Data name="speed_limit_190"><value>140</value></Data><Data name="speed_difference_190"><value>-140.0</value></Data><Data name="speed_191"><value>77.46988657116331</value></Data><Data name="speed_limit_191"><value>140</value></Data><Data name="speed_difference_191"><value>-62.530113428836685</value></Data><Data name="speed_192"><value>0.0</value></Data><Data name="speed_limit_192"><value>140</value></Data><Data name="speed_difference_192"><value>-140.0</value></Data><Data name="speed_193"><value>130.20945467429408</value></Data><Data name="speed_limit_193"><value>140</value></Data><Data name="speed_difference_193"><value>-9.79054532570592</value></Data><Data name="speed_194"><value>0.0</value></Data><Data name="speed_limit_194"><value>140</value></Data><Data name="speed_difference_194"><value>-140.0</value></Data><Data name="speed_195"><value>116.32656145729497</value></Data><Data name="speed_limit_195"><value>140</value></Data><Data name="speed_difference_195"><value>-23.67343854270503</value></Data><Data name="speed_196"><value>0.0</value></Data><Data name="speed_limit_196"><value>140</value></Data><Data name="speed_difference_196"><value>-140.0</value></Data><Data name="speed_197"><value>115.36622545009106</value></Data><Data name="speed_limit_197"><value>140</value></Data><Data name="speed_difference_197"><value>-24.633774549908935</value></Data><Data name="speed_198"><value>0.0</value></Data><Data name="speed_limit_198"><value>140</value></Data><Data name="speed_difference_198"><value>-140.0</value></Data><Data name="speed_199"><value>128.2548011688314</value></Data><Data name="speed_limit_199"><value>140</value></Data><Data name="speed_difference_199"><value>-11.745198831168608</value></Data><Data name="speed_200"><value>0.0</value></Data><Data name="speed_limit_200"><value>140</value></Data><Data name="speed_difference_200"><value>-140.0</value></Data><Data name="speed_201"><value>144.44544630257923</value></Data><Data name="speed_limit_201"><value>140</value></Data><Data name="speed_difference_201"><value>4.445446302579228</value></Data><Data name="speed_202"><value>127.79969399487872</value></Data><Data name="speed_limit_202"><value>140</value></Data><Data name="speed_difference_202"><value>-12.200306005121277</value></Data><Data name="speed_203"><value>118.21626023657738</value></Data><Data name="speed_limit_203"><value>140</value></Data><Data name="speed_difference_203"><value>-21.783739763422616</value></Data><Data name="speed_204"><value>117.84845240621001</value></Data><Data name="speed_limit_204"><value>140</value></Data><Data name="speed_difference_204"><value>-22.151547593789985</value></Data><Data name="speed_205"><value>125.9350466705033</value></Data><Data name="speed_limit_205"><value>140</value></Data><Data name="speed_difference_205"><value>-14.064953329496703</value></Data><Data name="speed_206"><value>118.27616851561253</value></Data><Data name="speed_limit_206"><value>80</value></Data><Data name="speed_difference_206"><value>38.276168515612525</value></Data><Data name="speed_207"><value>126.76588986136986</value></Data><Data name="speed_limit_207"><value>80</value></Data><Data name="speed_difference_207"><value>46.76588986136986</value></Data><Data name="speed_208"><value>122.97895380979458</value></Data><Data name="speed_limit_208"><value>140</value></Data><Data name="speed_difference_208"><value>-17.021046190205425</value></Data><Data name="speed_209"><value>115.02703816425249</value></Data><Data name="speed_limit_209"><value>140</value></Data><Data name="speed_difference_209"><value>-24.972961835747512</value></Data><Data name="speed_210"><value>0.0</value></Data><Data name="speed_limit_210"><value>140</value></Data><Data name="speed_difference_210"><value>-140.0</value></Data><Data name="speed_211"><value>107.6509877914661</value></Data><Data name="speed_limit_211"><value>140</value></Data><Data name="speed_difference_211"><value>-32.34901220853391</value></Data><Data name="speed_212"><value>98.21190085468204</value></Data><Data name="speed_limit_212"><value>140</value></Data><Data name="speed_difference_212"><value>-41.78809914531796</value></Data><Data name="speed_213"><value>0.0</value></Data><Data name="speed_limit_213"><value>140</value></Data><Data name="speed_difference_213"><value>-140.0</value></Data><Data name="speed_214"><value>69.37639634975243</value></Data><Data name="speed_limit_214"><value>140</value></Data><Data name="speed_difference_214"><value>-70.62360365024757</value></Data><Data name="speed_215"><value>0.0</value></Data><Data name="speed_limit_215"><value>140</value></Data><Data name="speed_difference_215"><value>-140.0</value></Data><Data name="speed_216"><value>23.689369862205957</value></Data><Data name="speed_limit_216"><value>140</value></Data><Data name="speed_difference_216"><value>-116.31063013779405</value></Data><Data name="speed_217"><value>0.0</value></Data><Data name="speed_limit_217"><value>140</value></Data><Data name="speed_difference_217"><value>-140.0</value></Data><Data name="speed_218"><value>21.61278936502743</value></Data><Data name="speed_limit_218"><value>140</value></Data><Data name="speed_difference_218"><value>-118.38721063497258</value></Data><Data name="speed_219"><value>21.58705070154785</value></Data><Data name="speed_limit_219"><value>140</value></Data><Data name="speed_difference_219"><value>-118.41294929845215</value></Data><Data name="speed_220"><value>11.469259635141816</value></Data><Data name="speed_limit_220"><value>50</value></Data><Data name="speed_difference_220"><value>-38.53074036485818</value></Data><Data name="speed_221"><value>22.798607235706</value></Data><Data name="speed_limit_221"><value>50</value></Data><Data name="speed_difference_221"><value>-27.201392764294</value></Data><Data name="speed_222"><value>49.7359521519724</value></Data><Data name="speed_limit_222"><value>50</value></Data><Data name="speed_difference_222"><value>-0.2640478480276016</value></Data><Data name="speed_223"><value>13.081629663349117</value></Data><Data name="speed_limit_223"><value>50</value></Data><Data name="speed_difference_223"><value>-36.91837033665088</value></Data><Data name="speed_224"><value>25.47734620861984</value></Data><Data name="speed_limit_224"><value>50</value></Data><Data name="speed_difference_224"><value>-24.52265379138016</value></Data><Data name="speed_225"><value>24.88010451195873</value></Data><Data name="speed_limit_225"><value>50</value></Data><Data name="speed_difference_225"><value>-25.11989548804127</value></Data><Data name="speed_226"><value>24.404202265514364</value></Data><Data name="speed_limit_226"><value>50</value></Data><Data name="speed_difference_226"><value>-25.595797734485636</value></Data><Data name="speed_227"><value>25.15112000249669</value></Data><Data name="speed_limit_227"><value>50</value></Data><Data name="speed_difference_227"><value>-24.84887999750331</value></Data><Data name="speed_228"><value>25.61942802426161</value></Data><Data name="speed_limit_228"><value>50</value></Data><Data name="speed_difference_228"><value>-24.38057197573839</value></Data><Data name="speed_229"><value>73.29460912078969</value></Data><Data name="speed_limit_229"><value>50</value></Data><Data name="speed_difference_229"><value>23.294609120789687</value></Data><Data name="speed_230"><value>81.15626984799238</value></Data><Data name="speed_limit_230"><value>50</value></Data><Data name="speed_difference_230"><value>31.156269847992377</value></Data><Data name="speed_231"><value>59.98187390668588</value></Data><Data name="speed_limit_231"><value>50</value></Data><Data name="speed_difference_231"><value>9.981873906685877</value></Data><Data name="speed_232"><value>7.263695063325144</value></Data><Data name="speed_limit_232"><value>50</value></Data><Data name="speed_difference_232"><value>-42.736304936674856</value></Data><Data name="speed_233"><value>3.6063541489087556</value></Data><Data name="speed_limit_233"><value>50</value></Data><Data name="speed_difference_233"><value>-46.39364585109124</value></Data><Data name="speed_234"><value>3.732942633358476</value></Data><Data name="speed_limit_234"><value>50</value></Data><Data name="speed_difference_234"><value>-46.267057366641524</value></Data><Data name="speed_235"><value>3.9837784568459393</value></Data><Data name="speed_limit_235"><value>50</value></Data><Data name="speed_difference_235"><value>-46.01622154315406</value></Data><Data name="speed_236"><value>4.5108123327875225</value></Data><Data name="speed_limit_236"><value>50</value></Data><Data name="speed_difference_236"><value>-45.48918766721248</value></Data><Data name="speed_237"><value>4.440619068107577</value></Data><Data name="speed_limit_237"><value>50</value></Data><Data name="speed_difference_237"><value>-45.55938093189242</value></Data><Data name="speed_238"><value>4.8274815178731005</value></Data><Data name="speed_limit_238"><value>50</value></Data><Data name="speed_difference_238"><value>-45.1725184821269</value></Data><Data name="speed_239"><value>5.78798836629464</value></Data><Data name="speed_limit_239"><value>50</value></Data><Data name="speed_difference_239"><value>-44.21201163370536</value></Data><Data name="speed_240"><value>19.550710732411066</value></Data><Data name="speed_limit_240"><value>50</value></Data><Data name="speed_difference_240"><value>-30.449289267588934</value></Data><Data name="speed_241"><value>80.86897662621679</value></Data><Data name="speed_limit_241"><value>50</value></Data><Data name="speed_difference_241"><value>30.868976626216792</value></Data><Data name="speed_242"><value>93.01133958174304</value></Data><Data name="speed_limit_242"><value>50</value></Data><Data name="speed_difference_242"><value>43.011339581743044</value></Data><Data name="speed_243"><value>49.91815032363397</value></Data><Data name="speed_limit_243"><value>50</value></Data><Data name="speed_difference_243"><value>-0.08184967636603346</value></Data><Data name="speed_244"><value>15.896637074635297</value></Data><Data name="speed_limit_244"><value>50</value></Data><Data name="speed_difference_244"><value>-34.103362925364706</value></Data><Data name="speed_245"><value>15.67164582560983</value></Data><Data name="speed_limit_245"><value>50</value></Data><Data name="speed_difference_245"><value>-34.32835417439017</value></Data><Data name="speed_246"><value>16.03861745050874</value></Data><Data name="speed_limit_246"><value>50</value></Data><Data name="speed_difference_246"><value>-33.96138254949126</value></Data><Data name="speed_247"><value>16.032299537741814</value></Data><Data name="speed_limit_247"><value>50</value></Data><Data name="speed_difference_247"><value>-33.967700462258186</value></Data><Data name="speed_248"><value>15.378096165697304</value></Data><Data name="speed_limit_248"><value>50</value></Data><Data name="speed_difference_248"><value>-34.6219038343027</value></Data><Data name="speed_249"><value>15.086202664903501</value></Data><Data name="speed_limit_249"><value>50</value></Data><Data name="speed_difference_249"><value>-34.9137973350965</value></Data><Data name="speed_250"><value>15.229804746731938</value></Data><Data name="speed_limit_250"><value>50</value></Data><Data name="speed_difference_250"><value>-34.770195253268064</value></Data><Data name="speed_251"><value>31.888501857931818</value></Data><Data name="speed_limit_251"><value>50</value></Data><Data name="speed_difference_251"><value>-18.111498142068182</value></Data><Data name="speed_252"><value>82.32799200796441</value></Data><Data name="speed_limit_252"><value>50</value></Data><Data name="speed_difference_252"><value>32.32799200796441</value></Data><Data name="speed_253"><value>56.25137824218773</value></Data><Data name="speed_limit_253"><value>50</value></Data><Data name="speed_difference_253"><value>6.251378242187727</value></Data><Data name="speed_254"><value>11.443953747535137</value></Data><Data name="speed_limit_254"><value>50</value></Data><Data name="speed_difference_254"><value>-38.55604625246487</value></Data><Data name="speed_255"><value>11.03939308530476</value></Data><Data name="speed_limit_255"><value>50</value></Data><Data name="speed_difference_255"><value>-38.96060691469524</value></Data><Data name="speed_256"><value>11.088672062667005</value></Data><Data name="speed_limit_256"><value>50</value></Data><Data name="speed_difference_256"><value>-38.911327937333</value></Data><Data name="speed_257"><value>11.1489132892132</value></Data><Data name="speed_limit_257"><value>50</value></Data><Data name="speed_difference_257"><value>-38.8510867107868</value></Data><Data name="speed_258"><value>11.67016627455817</value></Data><Data name="speed_limit_258"><value>50</value></Data><Data name="speed_difference_258"><value>-38.32983372544183</value></Data><Data name="speed_259"><value>12.379944054260235</value></Data><Data name="speed_limit_259"><value>50</value></Data><Data name="speed_difference_259"><value>-37.620055945739765</value></Data><Data name="speed_260"><value>27.227783240570297</value></Data><Data name="speed_limit_260"><value>140</value></Data><Data name="speed_difference_260"><value>-112.77221675942971</value></Data><Data name="speed_261"><value>14.410469753136649</value></Data><Data name="speed_limit_261"><value>140</value></Data><Data name="speed_difference_261"><value>-125.58953024686335</value></Data><Data name="speed_262"><value>14.720591022845387</value></Data><Data name="speed_limit_262"><value>140</value></Data><Data name="speed_difference_262"><value>-125.27940897715462</value></Data><Data name="speed_263"><value>14.892287021273834</value></Data><Data name="speed_limit_263"><value>140</value></Data><Data name="speed_difference_263"><value>-125.10771297872617</value></Data><Data name="speed_264"><value>29.65223148860944</value></Data><Data name="speed_limit_264"><value>140</value></Data><Data name="speed_difference_264"><value>-110.34776851139056</value></Data><Data name="speed_265"><value>85.39081587869612</value></Data><Data name="speed_limit_265"><value>140</value></Data><Data name="speed_difference_265"><value>-54.60918412130388</value></Data><Data name="speed_266"><value>87.53538324050947</value></Data><Data name="speed_limit_266"><value>140</value></Data><Data name="speed_difference_266"><value>-52.464616759490525</value></Data><Data name="speed_267"><value>95.44509765371703</value></Data><Data name="speed_limit_267"><value>140</value></Data><Data name="speed_difference_267"><value>-44.55490234628297</value></Data><Data name="speed_268"><value>100.88218337525039</value></Data><Data name="speed_limit_268"><value>140</value></Data><Data name="speed_difference_268"><value>-39.11781662474961</value></Data><Data name="speed_269"><value>120.57113387496271</value></Data><Data name="speed_limit_269"><value>80</value></Data><Data name="speed_difference_269"><value>40.57113387496271</value></Data><Data name="speed_270"><value>119.08874433438676</value></Data><Data name="speed_limit_270"><value>80</value></Data><Data name="speed_difference_270"><value>39.08874433438676</value></Data><Data name="speed_271"><value>111.27890889237175</value></Data><Data name="speed_limit_271"><value>110</value></Data><Data name="speed_difference_271"><value>1.2789088923717458</value></Data><Data name="speed_272"><value>89.11397244541126</value></Data><Data name="speed_limit_272"><value>110</value></Data><Data name="speed_difference_272"><value>-20.886027554588736</value></Data><Data name="speed_273"><value>87.28488203747497</value></Data><Data name="speed_limit_273"><value>110</value></Data><Data name="speed_difference_273"><value>-22.715117962525028</value></Data><Data name="speed_274"><value>84.60213604905692</value></Data><Data name="speed_limit_274"><value>140</value></Data><Data name="speed_difference_274"><value>-55.397863950943076</value></Data><Data name="speed_275"><value>90.44511876132093</value></Data><Data name="speed_limit_275"><value>140</value></Data><Data name="speed_difference_275"><value>-49.55488123867907</value></Data><Data name="speed_276"><value>0.0</value></Data><Data name="speed_limit_276"><value>140</value></Data><Data name="speed_difference_276"><value>-140.0</value></Data><Data name="speed_277"><value>0.0</value></Data><Data name="speed_limit_277"><value>140</value></Data><Data name="speed_difference_277"><value>-140.0</value></Data><Data name="speed_278"><value>85.33565264238668</value></Data><Data name="speed_limit_278"><value>140</value></Data><Data name="speed_difference_278"><value>-54.66434735761332</value></Data><Data name="speed_279"><value>74.72615071572169</value></Data><Data name="speed_limit_279"><value>140</value></Data><Data name="speed_difference_279"><value>-65.27384928427831</value></Data><Data name="speed_280"><value>68.25875859534243</value></Data><Data name="speed_limit_280"><value>50</value></Data><Data name="speed_difference_280"><value>18.258758595342428</value></Data><Data name="speed_281"><value>26.756397771404348</value></Data><Data name="speed_limit_281"><value>50</value></Data><Data name="speed_difference_281"><value>-23.243602228595652</value></Data><Data name="speed_282"><value>29.01514227516652</value></Data><Data name="speed_limit_282"><value>50</value></Data><Data name="speed_difference_282"><value>-20.98485772483348</value></Data><Data name="speed_283"><value>26.802048625650777</value></Data><Data name="speed_limit_283"><value>50</value></Data><Data name="speed_difference_283"><value>-23.197951374349223</value></Data><Data name="speed_284"><value>33.72996046654052</value></Data><Data name="speed_limit_284"><value>50</value></Data><Data name="speed_difference_284"><value>-16.27003953345948</value></Data><Data name="speed_285"><value>19.83555367181883</value></Data><Data name="speed_limit_285"><value>50</value></Data><Data name="speed_difference_285"><value>-30.16444632818117</value></Data><Data name="speed_286"><value>43.75076203103597</value></Data><Data name="speed_limit_286"><value>50</value></Data><Data name="speed_difference_286"><value>-6.249237968964032</value></Data><Data name="speed_287"><value>19.242611736478164</value></Data><Data name="speed_limit_287"><value>50</value></Data><Data name="speed_difference_287"><value>-30.757388263521836</value></Data><Data name="speed_288"><value>12.050007249558208</value></Data><Data name="speed_limit_288"><value>50</value></Data><Data name="speed_difference_288"><value>-37.949992750441794</value></Data><Data name="speed_289"><value>13.022444105643773</value></Data><Data name="speed_limit_289"><value>50</value></Data><Data name="speed_difference_289"><value>-36.97755589435623</value></Data><Data name="speed_290"><value>76.00517831372726</value></Data><Data name="speed_limit_290"><value>140</value></Data><Data name="speed_difference_290"><value>-63.99482168627274</value></Data><Data name="speed_291"><value>33.95623421004181</value></Data><Data name="speed_limit_291"><value>140</value></Data><Data name="speed_difference_291"><value>-106.04376578995819</value></Data><Data name="speed_292"><value>15.750947371703662</value></Data><Data name="speed_limit_292"><value>140</value></Data><Data name="speed_difference_292"><value>-124.24905262829634</value></Data><Data name="speed_293"><value>96.31787203810808</value></Data><Data name="speed_limit_293"><value>140</value></Data><Data name="speed_difference_293"><value>-43.68212796189192</value></Data><Data name="speed_294"><value>107.40676288585037</value></Data><Data name="speed_limit_294"><value>140</value></Data><Data name="speed_difference_294"><value>-32.59323711414963</value></Data><Data name="speed_295"><value>110.68906466250577</value></Data><Data name="speed_limit_295"><value>140</value></Data><Data name="speed_difference_295"><value>-29.31093533749423</value></Data><Data name="speed_296"><value>111.61806595132543</value></Data><Data name="speed_limit_296"><value>140</value></Data><Data name="speed_difference_296"><value>-28.381934048674566</value></Data><Data name="speed_297"><value>108.64776123220355</value></Data><Data name="speed_limit_297"><value>140</value></Data><Data name="speed_difference_297"><value>-31.35223876779645</value></Data><Data name="speed_298"><value>112.76758299744746</value></Data><Data name="speed_limit_298"><value>140</value></Data><Data name="speed_difference_298"><value>-27.232417002552538</value></Data><Data name="speed_299"><value>111.34864645665607</value></Data><Data name="speed_limit_299"><value>140</value></Data><Data name="speed_difference_299"><value>-28.65135354334393</value></Data><Data name="speed_300"><value>113.67278716143016</value></Data><Data name="speed_limit_300"><value>140</value></Data><Data name="speed_difference_300"><value>-26.327212838569835</value></Data><Data name="speed_301"><value>113.60831287529915</value></Data><Data name="speed_limit_301"><value>140</value></Data><Data name="speed_difference_301"><value>-26.39168712470085</value></Data><Data name="speed_302"><value>98.36838091127794</value></Data><Data name="speed_limit_302"><value>140</value></Data><Data name="speed_difference_302"><value>-41.63161908872206</value></Data><Data name="speed_303"><value>104.90026557233469</value></Data><Data name="speed_limit_303"><value>140</value></Data><Data name="speed_difference_303"><value>-35.09973442766531</value></Data><Data name="speed_304"><value>126.88347289249768</value></Data><Data name="speed_limit_304"><value>100</value></Data><Data name="speed_difference_304"><value>26.88347289249768</value></Data><Data name="speed_305"><value>121.43641393984737</value></Data><Data name="speed_limit_305"><value>100</value></Data><Data name="speed_difference_305"><value>21.43641393984737</value></Data><Data name="speed_306"><value>130.07777753720922</value></Data><Data name="speed_limit_306"><value>140</value></Data><Data name="speed_difference_306"><value>-9.922222462790785</value></Data><Data name="speed_307"><value>126.98746881798573</value></Data><Data name="speed_limit_307"><value>140</value></Data><Data name="speed_difference_307"><value>-13.012531182014271</value></Data><Data name="speed_308"><value>136.77576484960352</value></Data><Data name="speed_limit_308"><value>140</value></Data><Data name="speed_difference_308"><value>-3.2242351503964812</value></Data><Data name="speed_309"><value>141.43972066042278</value></Data><Data name="speed_limit_309"><value>140</value></Data><Data name="speed_difference_309"><value>1.439720660422779</value></Data><Data name="speed_310"><value>138.38641627130085</value></Data><Data name="speed_limit_310"><value>140</value></Data><Data name="speed_difference_310"><value>-1.6135837286991546</value></Data><Data name="speed_311"><value>141.50170026302104</value></Data><Data name="speed_limit_311"><value>140</value></Data><Data name="speed_difference_311"><value>1.5017002630210357</value></Data><Data name="speed_312"><value>144.2033619558504</value></Data><Data name="speed_limit_312"><value>140</value></Data><Data name="speed_difference_312"><value>4.203361955850397</value></Data><Data name="speed_313"><value>139.21157713742394</value></Data><Data name="speed_limit_313"><value>140</value></Data><Data name="speed_difference_313"><value>-0.7884228625760556</value></Data><Data name="speed_314"><value>0.0</value></Data><Data name="speed_limit_314"><value>140</value></Data><Data name="speed_difference_314"><value>-140.0</value></Data><Data name="speed_315"><value>135.73968620512792</value></Data><Data name="speed_limit_315"><value>140</value></Data><Data name="speed_difference_315"><value>-4.260313794872076</value></Data><Data name="speed_316"><value>0.0</value></Data><Data name="speed_limit_316"><value>140</value></Data><Data name="speed_difference_316"><value>-140.0</value></Data><Data name="speed_317"><value>134.91935303181998</value></Data><Data name="speed_limit_317"><value>140</value></Data><Data name="speed_difference_317"><value>-5.0806469681800195</value></Data><Data name="speed_318"><value>146.58069821514846</value></Data><Data name="speed_limit_318"><value>140</value></Data><Data name="speed_difference_318"><value>6.580698215148459</value></Data><Data name="speed_319"><value>157.40562137216972</value></Data><Data name="speed_limit_319"><value>140</value></Data><Data name="speed_difference_319"><value>17.40562137216972</value></Data><Data name="speed_320"><value>141.24682149324403</value></Data><Data name="speed_limit_320"><value>140</value></Data><Data name="speed_difference_320"><value>1.2468214932440276</value></Data><Data name="speed_321"><value>139.15714734189936</value></Data><Data name="speed_limit_321"><value>140</value></Data><Data name="speed_difference_321"><value>-0.8428526581006395</value></Data><Data name="speed_322"><value>135.65903030785628</value></Data><Data name="speed_limit_322"><value>140</value></Data><Data name="speed_difference_322"><value>-4.340969692143716</value></Data><Data name="speed_323"><value>133.79621779240915</value></Data><Data name="speed_limit_323"><value>140</value></Data><Data name="speed_difference_323"><value>-6.203782207590848</value></Data><Data name="speed_324"><value>132.14178559761933</value></Data><Data name="speed_limit_324"><value>140</value></Data><Data name="speed_difference_324"><value>-7.858214402380668</value></Data><Data name="speed_325"><value>142.62908619774586</value></Data><Data name="speed_limit_325"><value>140</value></Data><Data name="speed_difference_325"><value>2.6290861977458633</value></Data><Data name="speed_326"><value>144.67957565953157</value></Data><Data name="speed_limit_326"><value>140</value></Data><Data name="speed_difference_326"><value>4.679575659531565</value></Data><Data name="speed_327"><value>78.27127961565975</value></Data><Data name="speed_limit_327"><value>140</value></Data><Data name="speed_difference_327"><value>-61.72872038434025</value></Data><Data name="speed_328"><value>76.04685427885855</value></Data><Data name="speed_limit_328"><value>140</value></Data><Data name="speed_difference_328"><value>-63.95314572114145</value></Data><Data name="speed_329"><value>122.8068259402506</value></Data><Data name="speed_limit_329"><value>140</value></Data><Data name="speed_difference_329"><value>-17.193174059749396</value></Data><Data name="speed_330"><value>71.98675551294681</value></Data><Data name="speed_limit_330"><value>100</value></Data><Data name="speed_difference_330"><value>-28.013244487053186</value></Data><Data name="speed_331"><value>70.46274512709017</value></Data><Data name="speed_limit_331"><value>140</value></Data><Data name="speed_difference_331"><value>-69.53725487290983</value></Data><Data name="speed_332"><value>68.99424835104821</value></Data><Data name="speed_limit_332"><value>100</value></Data><Data name="speed_difference_332"><value>-31.005751648951787</value></Data><Data name="speed_333"><value>86.17698390000241</value></Data><Data name="speed_limit_333"><value>100</value></Data><Data name="speed_difference_333"><value>-13.823016099997588</value></Data><Data name="speed_334"><value>118.01484706249948</value></Data><Data name="speed_limit_334"><value>140</value></Data><Data name="speed_difference_334"><value>-21.985152937500516</value></Data><Data name="speed_335"><value>119.48759696862057</value></Data><Data name="speed_limit_335"><value>140</value></Data><Data name="speed_difference_335"><value>-20.512403031379435</value></Data><Data name="speed_336"><value>128.91461578591063</value></Data><Data name="speed_limit_336"><value>140</value></Data><Data name="speed_difference_336"><value>-11.085384214089373</value></Data><Data name="speed_337"><value>129.35409841698618</value></Data><Data name="speed_limit_337"><value>140</value></Data><Data name="speed_difference_337"><value>-10.645901583013824</value></Data><Data name="speed_338"><value>131.35402235059433</value></Data><Data name="speed_limit_338"><value>140</value></Data><Data name="speed_difference_338"><value>-8.645977649405665</value></Data><Data name="speed_339"><value>124.72992631374483</value></Data><Data name="speed_limit_339"><value>140</value></Data><Data name="speed_difference_339"><value>-15.270073686255174</value></Data><Data name="speed_340"><value>136.6262441784076</value></Data><Data name="speed_limit_340"><value>140</value></Data><Data name="speed_difference_340"><value>-3.373755821592397</value></Data><Data name="speed_341"><value>131.74517023195693</value></Data><Data name="speed_limit_341"><value>140</value></Data><Data name="speed_difference_341"><value>-8.254829768043066</value></Data><Data name="speed_342"><value>131.7141721532187</value></Data><Data name="speed_limit_342"><value>140</value></Data><Data name="speed_difference_342"><value>-8.285827846781302</value></Data><Data name="speed_343"><value>127.88855568150387</value></Data><Data name="speed_limit_343"><value>140</value></Data><Data name="speed_difference_343"><value>-12.111444318496126</value></Data><Data name="speed_344"><value>123.71932511956243</value></Data><Data name="speed_limit_344"><value>140</value></Data><Data name="speed_difference_344"><value>-16.280674880437573</value></Data><Data name="speed_345"><value>114.4475459766898</value></Data><Data name="speed_limit_345"><value>140</value></Data><Data name="speed_difference_345"><value>-25.552454023310204</value></Data><Data name="speed_346"><value>110.43400385588163</value></Data><Data name="speed_limit_346"><value>140</value></Data><Data name="speed_difference_346"><value>-29.565996144118373</value></Data><Data name="speed_347"><value>109.29820583800334</value></Data><Data name="speed_limit_347"><value>140</value></Data><Data name="speed_difference_347"><value>-30.70179416199666</value></Data><Data name="speed_348"><value>106.99682569716595</value></Data><Data name="speed_limit_348"><value>140</value></Data><Data name="speed_difference_348"><value>-33.003174302834054</value></Data><Data name="speed_349"><value>0.0</value></Data><Data name="speed_limit_349"><value>140</value></Data><Data name="speed_difference_349"><value>-140.0</value></Data><Data name="speed_350"><value>0.0</value></Data><Data name="speed_limit_350"><value>140</value></Data><Data name="speed_difference_350"><value>-140.0</value></Data><Data name="speed_351"><value>109.68294103413373</value></Data><Data name="speed_limit_351"><value>140</value></Data><Data name="speed_difference_351"><value>-30.317058965866266</value></Data><Data name="speed_352"><value>110.10679600417917</value></Data><Data name="speed_limit_352"><value>140</value></Data><Data name="speed_difference_352"><value>-29.893203995820826</value></Data><Data name="speed_353"><value>109.50721634331441</value></Data><Data name="speed_limit_353"><value>140</value></Data><Data name="speed_difference_353"><value>-30.49278365668559</value></Data><Data name="speed_354"><value>137.90231618151532</value></Data><Data name="speed_limit_354"><value>120</value></Data><Data name="speed_difference_354"><value>17.902316181515317</value></Data><Data name="speed_355"><value>122.47649036589955</value></Data><Data name="speed_limit_355"><value>140</value></Data><Data name="speed_difference_355"><value>-17.52350963410045</value></Data><Data name="speed_356"><value>113.65130340936629</value></Data><Data name="speed_limit_356"><value>120</value></Data><Data name="speed_difference_356"><value>-6.348696590633708</value></Data><Data name="speed_357"><value>60.24994783300769</value></Data><Data name="speed_limit_357"><value>100</value></Data><Data name="speed_difference_357"><value>-39.75005216699231</value></Data><Data name="speed_358"><value>80.81298334898719</value></Data><Data name="speed_limit_358"><value>100</value></Data><Data name="speed_difference_358"><value>-19.18701665101281</value></Data><Data name="speed_359"><value>61.064423796683656</value></Data><Data name="speed_limit_359"><value>100</value></Data><Data name="speed_difference_359"><value>-38.935576203316344</value></Data><Data name="speed_360"><value>39.60966433670845</value></Data><Data name="speed_limit_360"><value>100</value></Data><Data name="speed_difference_360"><value>-60.39033566329155</value></Data><Data name="speed_361"><value>58.150535581750894</value></Data><Data name="speed_limit_361"><value>100</value></Data><Data name="speed_difference_361"><value>-41.849464418249106</value></Data><Data name="speed_362"><value>98.74469586102802</value></Data><Data name="speed_limit_362"><value>100</value></Data><Data name="speed_difference_362"><value>-1.2553041389719795</value></Data><Data name="speed_363"><value>111.76156132539558</value></Data><Data name="speed_limit_363"><value>100</value></Data><Data name="speed_difference_363"><value>11.761561325395576</value></Data><Data name="speed_364"><value>115.49469956813907</value></Data><Data name="speed_limit_364"><value>100</value></Data><Data name="speed_difference_364"><value>15.494699568139069</value></Data><Data name="speed_365"><value>112.26852468345598</value></Data><Data name="speed_limit_365"><value>100</value></Data><Data name="speed_difference_365"><value>12.26852468345598</value></Data><Data name="speed_366"><value>110.00024776246835</value></Data><Data name="speed_limit_366"><value>100</value></Data><Data name="speed_difference_366"><value>10.000247762468348</value></Data><Data name="speed_367"><value>110.29697817328201</value></Data><Data name="speed_limit_367"><value>100</value></Data><Data name="speed_difference_367"><value>10.296978173282014</value></Data><Data name="speed_368"><value>101.57709617163239</value></Data><Data name="speed_limit_368"><value>100</value></Data><Data name="speed_difference_368"><value>1.577096171632391</value></Data><Data name="speed_369"><value>106.67340804193076</value></Data><Data name="speed_limit_369"><value>100</value></Data><Data name="speed_difference_369"><value>6.673408041930756</value></Data><Data name="speed_370"><value>121.21788636001511</value></Data><Data name="speed_limit_370"><value>100</value></Data><Data name="speed_difference_370"><value>21.217886360015115</value></Data><Data name="speed_371"><value>104.28335290749807</value></Data><Data name="speed_limit_371"><value>140</value></Data><Data name="speed_difference_371"><value>-35.71664709250193</value></Data><Data name="speed_372"><value>87.64435909493103</value></Data><Data name="speed_limit_372"><value>120</value></Data><Data name="speed_difference_372"><value>-32.35564090506897</value></Data><Data name="speed_373"><value>53.534409367802596</value></Data><Data name="speed_limit_373"><value>120</value></Data><Data name="speed_difference_373"><value>-66.4655906321974</value></Data><Data name="speed_374"><value>72.51998801891949</value></Data><Data name="speed_limit_374"><value>140</value></Data><Data name="speed_difference_374"><value>-67.48001198108051</value></Data><Data name="speed_375"><value>74.9521711786532</value></Data><Data name="speed_limit_375"><value>140</value></Data><Data name="speed_difference_375"><value>-65.0478288213468</value></Data><Data name="speed_376"><value>53.68344129608656</value></Data><Data name="speed_limit_376"><value>140</value></Data><Data name="speed_difference_376"><value>-86.31655870391344</value></Data><Data name="speed_377"><value>79.28213857144559</value></Data><Data name="speed_limit_377"><value>140</value></Data><Data name="speed_difference_377"><value>-60.717861428554414</value></Data><Data name="speed_378"><value>75.91344077675627</value></Data><Data name="speed_limit_378"><value>140</value></Data><Data name="speed_difference_378"><value>-64.08655922324373</value></Data><Data name="speed_379"><value>64.15843877793765</value></Data><Data name="speed_limit_379"><value>140</value></Data><Data name="speed_difference_379"><value>-75.84156122206235</value></Data><Data name="speed_380"><value>72.89068433541912</value></Data><Data name="speed_limit_380"><value>140</value></Data><Data name="speed_difference_380"><value>-67.10931566458088</value></Data><Data name="speed_381"><value>74.31506002391784</value></Data><Data name="speed_limit_381"><value>140</value></Data><Data name="speed_difference_381"><value>-65.68493997608216</value></Data><Data name="speed_382"><value>79.16484342159038</value></Data><Data name="speed_limit_382"><value>140</value></Data><Data name="speed_difference_382"><value>-60.835156578409624</value></Data><Data name="speed_383"><value>94.96484262004707</value></Data><Data name="speed_limit_383"><value>140</value></Data><Data name="speed_difference_383"><value>-45.035157379952935</value></Data><Data name="speed_384"><value>0.0</value></Data><Data name="speed_limit_384"><value>140</value></Data><Data name="speed_difference_384"><value>-140.0</value></Data><Data name="speed_385"><value>98.55779234337398</value></Data><Data name="speed_limit_385"><value>140</value></Data><Data name="speed_difference_385"><value>-41.442207656626024</value></Data><Data name="speed_386"><value>0.0</value></Data><Data name="speed_limit_386"><value>140</value></Data><Data name="speed_difference_386"><value>-140.0</value></Data><Data name="speed_387"><value>95.40857264734372</value></Data><Data name="speed_limit_387"><value>140</value></Data><Data name="speed_difference_387"><value>-44.59142735265628</value></Data><Data name="speed_388"><value>94.83991617280553</value></Data><Data name="speed_limit_388"><value>140</value></Data><Data name="speed_difference_388"><value>-45.16008382719447</value></Data><Data name="speed_389"><value>96.94323892569201</value></Data><Data name="speed_limit_389"><value>140</value></Data><Data name="speed_difference_389"><value>-43.056761074307985</value></Data><Data name="speed_390"><value>77.47828482420009</value></Data><Data name="speed_limit_390"><value>140</value></Data><Data name="speed_difference_390"><value>-62.52171517579991</value></Data><Data name="speed_391"><value>61.40891541487198</value></Data><Data name="speed_limit_391"><value>140</value></Data><Data name="speed_difference_391"><value>-78.59108458512802</value></Data><Data name="speed_392"><value>69.2044535656218</value></Data><Data name="speed_limit_392"><value>140</value></Data><Data name="speed_difference_392"><value>-70.7955464343782</value></Data><Data name="speed_393"><value>26.57961502913405</value></Data><Data name="speed_limit_393"><value>140</value></Data><Data name="speed_difference_393"><value>-113.42038497086595</value></Data><Data name="speed_394"><value>37.505478671980825</value></Data><Data name="speed_limit_394"><value>140</value></Data><Data name="speed_difference_394"><value>-102.49452132801918</value></Data><Data name="speed_395"><value>43.56948419076886</value></Data><Data name="speed_limit_395"><value>140</value></Data><Data name="speed_difference_395"><value>-96.43051580923114</value></Data><Data name="speed_396"><value>40.22277544457265</value></Data><Data name="speed_limit_396"><value>140</value></Data><Data name="speed_difference_396"><value>-99.77722455542735</value></Data><Data name="speed_397"><value>36.69344129835708</value></Data><Data name="speed_limit_397"><value>140</value></Data><Data name="speed_difference_397"><value>-103.30655870164293</value></Data><Data name="speed_398"><value>28.417586862520483</value></Data><Data name="speed_limit_398"><value>140</value></Data><Data name="speed_difference_398"><value>-111.58241313747952</value></Data><Data name="speed_399"><value>26.931780011856297</value></Data><Data name="speed_limit_399"><value>140</value></Data><Data name="speed_difference_399"><value>-113.06821998814371</value></Data><Data name="speed_400"><value>35.134726594452864</value></Data><Data name="speed_limit_400"><value>140</value></Data><Data name="speed_difference_400"><value>-104.86527340554713</value></Data><Data name="speed_401"><value>43.43236017871745</value></Data><Data name="speed_limit_401"><value>140</value></Data><Data name="speed_difference_401"><value>-96.56763982128254</value></Data><Data name="speed_402"><value>44.31996574646459</value></Data><Data name="speed_limit_402"><value>140</value></Data><Data name="speed_difference_402"><value>-95.68003425353541</value></Data><Data name="speed_403"><value>52.46008535064351</value></Data><Data name="speed_limit_403"><value>140</value></Data><Data name="speed_difference_403"><value>-87.53991464935649</value></Data><Data name="speed_404"><value>42.33903874831452</value></Data><Data name="speed_limit_404"><value>140</value></Data><Data name="speed_difference_404"><value>-97.66096125168548</value></Data><Data name="speed_405"><value>27.720431426932176</value></Data><Data name="speed_limit_405"><value>140</value></Data><Data name="speed_difference_405"><value>-112.27956857306782</value></Data><Data name="speed_406"><value>38.80528522713176</value></Data><Data name="speed_limit_406"><value>140</value></Data><Data name="speed_difference_406"><value>-101.19471477286824</value></Data><Data name="speed_407"><value>39.21550878677449</value></Data><Data name="speed_limit_407"><value>140</value></Data><Data name="speed_difference_407"><value>-100.78449121322551</value></Data><Data name="speed_408"><value>29.31966837113303</value></Data><Data name="speed_limit_408"><value>140</value></Data><Data name="speed_difference_408"><value>-110.68033162886697</value></Data><Data name="speed_409"><value>29.866210427987365</value></Data><Data name="speed_limit_409"><value>140</value></Data><Data name="speed_difference_409"><value>-110.13378957201263</value></Data><Data name="speed_410"><value>29.441981931893263</value></Data><Data name="speed_limit_410"><value>140</value></Data><Data name="speed_difference_410"><value>-110.55801806810673</value></Data><Data name="speed_411"><value>31.235595082986084</value></Data><Data name="speed_limit_411"><value>140</value></Data><Data name="speed_difference_411"><value>-108.76440491701392</value></Data><Data name="speed_412"><value>0.0</value></Data><Data name="speed_limit_412"><value>140</value></Data><Data name="speed_difference_412"><value>-140.0</value></Data><Data name="speed_413"><value>27.036141291333216</value></Data><Data name="speed_limit_413"><value>140</value></Data><Data name="speed_difference_413"><value>-112.96385870866678</value></Data><Data name="speed_414"><value>0.0</value></Data><Data name="speed_limit_414"><value>140</value></Data><Data name="speed_difference_414"><value>-140.0</value></Data><Data name="speed_415"><value>27.613288907508633</value></Data><Data name="speed_limit_415"><value>140</value></Data><Data name="speed_difference_415"><value>-112.38671109249137</value></Data><Data name="speed_416"><value>0.0</value></Data><Data name="speed_limit_416"><value>140</value></Data><Data name="speed_difference_416"><value>-140.0</value></Data><Data name="speed_417"><value>31.731486570342145</value></Data><Data name="speed_limit_417"><value>140</value></Data><Data name="speed_difference_417"><value>-108.26851342965786</value></Data><Data name="speed_418"><value>0.0</value></Data><Data name="speed_limit_418"><value>140</value></Data><Data name="speed_difference_418"><value>-140.0</value></Data><Data name="speed_419"><value>50.44436182503989</value></Data><Data name="speed_limit_419"><value>140</value></Data><Data name="speed_difference_419"><value>-89.55563817496011</value></Data><Data name="speed_420"><value>0.0</value></Data><Data name="speed_limit_420"><value>140</value></Data><Data name="speed_difference_420"><value>-140.0</value></Data><Data name="speed_421"><value>79.0166964934596</value></Data><Data name="speed_limit_421"><value>140</value></Data><Data name="speed_difference_421"><value>-60.983303506540395</value></Data><Data name="speed_422"><value>0.0</value></Data><Data name="speed_limit_422"><value>140</value></Data><Data name="speed_difference_422"><value>-140.0</value></Data><Data name="speed_423"><value>81.63730402162223</value></Data><Data name="speed_limit_423"><value>140</value></Data><Data name="speed_difference_423"><value>-58.36269597837777</value></Data><Data name="speed_424"><value>0.0</value></Data><Data name="speed_limit_424"><value>140</value></Data><Data name="speed_difference_424"><value>-140.0</value></Data><Data name="speed_425"><value>79.91877547312305</value></Data><Data name="speed_limit_425"><value>140</value></Data><Data name="speed_difference_425"><value>-60.08122452687695</value></Data><Data name="speed_426"><value>0.0</value></Data><Data name="speed_limit_426"><value>140</value></Data><Data name="speed_difference_426"><value>-140.0</value></Data><Data name="speed_427"><value>74.19806811125866</value></Data><Data name="speed_limit_427"><value>140</value></Data><Data name="speed_difference_427"><value>-65.80193188874134</value></Data><Data name="speed_428"><value>0.0</value></Data><Data name="speed_limit_428"><value>140</value></Data><Data name="speed_difference_428"><value>-140.0</value></Data><Data name="speed_429"><value>74.84712942876378</value></Data><Data name="speed_limit_429"><value>140</value></Data><Data name="speed_difference_429"><value>-65.15287057123622</value></Data><Data name="speed_430"><value>0.0</value></Data><Data name="speed_limit_430"><value>140</value></Data><Data name="speed_difference_430"><value>-140.0</value></Data><Data name="speed_431"><value>74.9126956737118</value></Data><Data name="speed_limit_431"><value>140</value></Data><Data name="speed_difference_431"><value>-65.0873043262882</value></Data><Data name="speed_432"><value>0.0</value></Data><Data name="speed_limit_432"><value>140</value></Data><Data name="speed_difference_432"><value>-140.0</value></Data><Data name="speed_433"><value>78.7174404354097</value></Data><Data name="speed_limit_433"><value>140</value></Data><Data name="speed_difference_433"><value>-61.2825595645903</value></Data><Data name="speed_434"><value>0.0</value></Data><Data name="speed_limit_434"><value>140</value></Data><Data name="speed_difference_434"><value>-140.0</value></Data><Data name="speed_435"><value>81.01910109374133</value></Data><Data name="speed_limit_435"><value>140</value></Data><Data name="speed_difference_435"><value>-58.98089890625867</value></Data><Data name="speed_436"><value>0.0</value></Data><Data name="speed_limit_436"><value>140</value></Data><Data name="speed_difference_436"><value>-140.0</value></Data><Data name="speed_437"><value>108.44244772610145</value></Data><Data name="speed_limit_437"><value>140</value></Data><Data name="speed_difference_437"><value>-31.55755227389855</value></Data><Data name="speed_438"><value>0.0</value></Data><Data name="speed_limit_438"><value>140</value></Data><Data name="speed_difference_438"><value>-140.0</value></Data><Data name="speed_439"><value>130.62836105485155</value></Data><Data name="speed_limit_439"><value>140</value></Data><Data name="speed_difference_439"><value>-9.371638945148447</value></Data><Data name="speed_440"><value>0.0</value></Data><Data name="speed_limit_440"><value>140</value></Data><Data name="speed_difference_440"><value>-140.0</value></Data><Data name="speed_441"><value>134.99781311943477</value></Data><Data name="speed_limit_441"><value>140</value></Data><Data name="speed_difference_441"><value>-5.002186880565233</value></Data><Data name="speed_442"><value>0.0</value></Data><Data name="speed_limit_442"><value>140</value></Data><Data name="speed_difference_442"><value>-140.0</value></Data><Data name="speed_443"><value>134.23822813303468</value></Data><Data name="speed_limit_443"><value>140</value></Data><Data name="speed_difference_443"><value>-5.761771866965319</value></Data><Data name="speed_444"><value>0.0</value></Data><Data name="speed_limit_444"><value>140</value></Data><Data name="speed_difference_444"><value>-140.0</value></Data><Data name="speed_445"><value>144.08242781186752</value></Data><Data name="speed_limit_445"><value>140</value></Data><Data name="speed_difference_445"><value>4.082427811867518</value></Data><Data name="speed_446"><value>0.0</value></Data><Data name="speed_limit_446"><value>140</value></Data><Data name="speed_difference_446"><value>-140.0</value></Data><Data name="speed_447"><value>137.78630018956497</value></Data><Data name="speed_limit_447"><value>140</value></Data><Data name="speed_difference_447"><value>-2.213699810435031</value></Data><Data name="speed_448"><value>0.0</value></Data><Data name="speed_limit_448"><value>140</value></Data><Data name="speed_difference_448"><value>-140.0</value></Data><Data name="speed_449"><value>130.69683791931192</value></Data><Data name="speed_limit_449"><value>140</value></Data><Data name="speed_difference_449"><value>-9.303162080688082</value></Data><Data name="speed_450"><value>0.0</value></Data><Data name="speed_limit_450"><value>120</value></Data><Data name="speed_difference_450"><value>-120.0</value></Data><Data name="speed_451"><value>119.74377309881193</value></Data><Data name="speed_limit_451"><value>100</value></Data><Data name="speed_difference_451"><value>19.74377309881193</value></Data><Data name="speed_452"><value>0.0</value></Data><Data name="speed_limit_452"><value>50</value></Data><Data name="speed_difference_452"><value>-50.0</value></Data><Data name="speed_453"><value>48.64018364181424</value></Data><Data name="speed_limit_453"><value>50</value></Data><Data name="speed_difference_453"><value>-1.3598163581857605</value></Data><Data name="speed_454"><value>0.0</value></Data><Data name="speed_limit_454"><value>50</value></Data><Data name="speed_difference_454"><value>-50.0</value></Data><Data name="speed_455"><value>30.708828014915426</value></Data><Data name="speed_limit_455"><value>50</value></Data><Data name="speed_difference_455"><value>-19.291171985084574</value></Data><Data name="speed_456"><value>0.0</value></Data><Data name="speed_limit_456"><value>50</value></Data><Data name="speed_difference_456"><value>-50.0</value></Data><Data name="speed_457"><value>30.941968403868067</value></Data><Data name="speed_limit_457"><value>50</value></Data><Data name="speed_difference_457"><value>-19.058031596131933</value></Data><Data name="speed_458"><value>0.0</value></Data><Data name="speed_limit_458"><value>50</value></Data><Data name="speed_difference_458"><value>-50.0</value></Data><Data name="speed_459"><value>0.0</value></Data><Data name="speed_limit_459"><value>50</value></Data><Data name="speed_difference_459"><value>-50.0</value></Data><Data name="speed_460"><value>0.0</value></Data><Data name="speed_limit_460"><value>50</value></Data><Data name="speed_difference_460"><value>-50.0</value></Data><Data name="speed_461"><value>35.746943278755055</value></Data><Data name="speed_limit_461"><value>50</value></Data><Data name="speed_difference_461"><value>-14.253056721244945</value></Data><Data name="speed_462"><value>72.2140067438488</value></Data><Data name="speed_limit_462"><value>40</value></Data><Data name="speed_difference_462"><value>32.2140067438488</value></Data><Data name="speed_463"><value>89.45277492260558</value></Data><Data name="speed_limit_463"><value>50</value></Data><Data name="speed_difference_463"><value>39.452774922605585</value></Data><Data name="speed_464"><value>109.03922774197942</value></Data><Data name="speed_limit_464"><value>110</value></Data><Data name="speed_difference_464"><value>-0.9607722580205831</value></Data><Data name="speed_465"><value>0.0</value></Data><Data name="speed_limit_465"><value>140</value></Data><Data name="speed_difference_465"><value>-140.0</value></Data><Data name="speed_466"><value>127.03894545279515</value></Data><Data name="speed_limit_466"><value>140</value></Data><Data name="speed_difference_466"><value>-12.961054547204853</value></Data><Data name="speed_467"><value>0.0</value></Data><Data name="speed_limit_467"><value>140</value></Data><Data name="speed_difference_467"><value>-140.0</value></Data><Data name="speed_468"><value>131.92200529473095</value></Data><Data name="speed_limit_468"><value>140</value></Data><Data name="speed_difference_468"><value>-8.077994705269049</value></Data><Data name="speed_469"><value>0.0</value></Data><Data name="speed_limit_469"><value>140</value></Data><Data name="speed_difference_469"><value>-140.0</value></Data><Data name="speed_470"><value>120.26861306939048</value></Data><Data name="speed_limit_470"><value>140</value></Data><Data name="speed_difference_470"><value>-19.731386930609517</value></Data><Data name="speed_471"><value>98.86942294861757</value></Data><Data name="speed_limit_471"><value>140</value></Data><Data name="speed_difference_471"><value>-41.13057705138243</value></Data><Data name="speed_472"><value>100.64905704245142</value></Data><Data name="speed_limit_472"><value>140</value></Data><Data name="speed_difference_472"><value>-39.35094295754858</value></Data><Data name="speed_473"><value>102.0689088611231</value></Data><Data name="speed_limit_473"><value>140</value></Data><Data name="speed_difference_473"><value>-37.931091138876894</value></Data><Data name="speed_474"><value>107.31950769303754</value></Data><Data name="speed_limit_474"><value>140</value></Data><Data name="speed_difference_474"><value>-32.68049230696246</value></Data><Data name="speed_475"><value>112.490478256297</value></Data><Data name="speed_limit_475"><value>140</value></Data><Data name="speed_difference_475"><value>-27.509521743703004</value></Data><Data name="speed_476"><value>113.82112643895924</value></Data><Data name="speed_limit_476"><value>140</value></Data><Data name="speed_difference_476"><value>-26.17887356104076</value></Data><Data name="speed_477"><value>114.43668460622014</value></Data><Data name="speed_limit_477"><value>140</value></Data><Data name="speed_difference_477"><value>-25.56331539377986</value></Data><Data name="speed_478"><value>112.07537196388192</value></Data><Data name="speed_limit_478"><value>140</value></Data><Data name="speed_difference_478"><value>-27.92462803611808</value></Data><Data name="speed_479"><value>108.22235804185232</value></Data><Data name="speed_limit_479"><value>140</value></Data><Data name="speed_difference_479"><value>-31.777641958147683</value></Data><Data name="speed_480"><value>115.25544936104554</value></Data><Data name="speed_limit_480"><value>140</value></Data><Data name="speed_difference_480"><value>-24.744550638954465</value></Data><Data name="speed_481"><value>124.58702524102132</value></Data><Data name="speed_limit_481"><value>140</value></Data><Data name="speed_difference_481"><value>-15.412974758978677</value></Data><Data name="speed_482"><value>139.15984365756276</value></Data><Data name="speed_limit_482"><value>140</value></Data><Data name="speed_difference_482"><value>-0.8401563424372398</value></Data><Data name="speed_483"><value>127.18095388879541</value></Data><Data name="speed_limit_483"><value>140</value></Data><Data name="speed_difference_483"><value>-12.819046111204585</value></Data><Data name="speed_484"><value>128.41235566743597</value></Data><Data name="speed_limit_484"><value>140</value></Data><Data name="speed_difference_484"><value>-11.587644332564025</value></Data><Data name="speed_485"><value>275.5033194560395</value></Data><Data name="speed_limit_485"><value>140</value></Data><Data name="speed_difference_485"><value>135.5033194560395</value></Data><Data name="speed_486"><value>158.43861329179364</value></Data><Data name="speed_limit_486"><value>140</value></Data><Data name="speed_difference_486"><value>18.438613291793644</value></Data><Data name="speed_487"><value>146.13585262986646</value></Data><Data name="speed_limit_487"><value>140</value></Data><Data name="speed_difference_487"><value>6.135852629866463</value></Data><Data name="speed_488"><value>128.28275312299428</value></Data><Data name="speed_limit_488"><value>140</value></Data><Data name="speed_difference_488"><value>-11.71724687700572</value></Data><Data name="speed_489"><value>102.03010980667838</value></Data><Data name="speed_limit_489"><value>140</value></Data><Data name="speed_difference_489"><value>-37.96989019332162</value></Data><Data name="speed_490"><value>115.42471168067398</value></Data><Data name="speed_limit_490"><value>140</value></Data><Data name="speed_difference_490"><value>-24.57528831932602</value></Data><Data name="speed_491"><value>125.54603083723545</value></Data><Data name="speed_limit_491"><value>140</value></Data><Data name="speed_difference_491"><value>-14.453969162764551</value></Data><Data name="speed_492"><value>128.7389275430919</value></Data><Data name="speed_limit_492"><value>140</value></Data><Data name="speed_difference_492"><value>-11.261072456908096</value></Data><Data name="speed_493"><value>134.14079516385812</value></Data><Data name="speed_limit_493"><value>140</value></Data><Data name="speed_difference_493"><value>-5.859204836141885</value></Data><Data name="speed_494"><value>135.00546145654243</value></Data><Data name="speed_limit_494"><value>140</value></Data><Data name="speed_difference_494"><value>-4.9945385434575655</value></Data><Data name="speed_495"><value>132.4745161599271</value></Data><Data name="speed_limit_495"><value>140</value></Data><Data name="speed_difference_495"><value>-7.525483840072894</value></Data><Data name="speed_496"><value>126.85280171575582</value></Data><Data name="speed_limit_496"><value>140</value></Data><Data name="speed_difference_496"><value>-13.147198284244183</value></Data><Data name="speed_497"><value>0.0</value></Data><Data name="speed_limit_497"><value>140</value></Data><Data name="speed_difference_497"><value>-140.0</value></Data><Data name="speed_498"><value>125.57747309960449</value></Data><Data name="speed_limit_498"><value>140</value></Data><Data name="speed_difference_498"><value>-14.42252690039551</value></Data><Data name="speed_499"><value>132.47033701277124</value></Data><Data name="speed_limit_499"><value>140</value></Data><Data name="speed_difference_499"><value>-7.529662987228761</value></Data><Data name="speed_500"><value>0.0</value></Data><Data name="speed_limit_500"><value>140</value></Data><Data name="speed_difference_500"><value>-140.0</value></Data><Data name="speed_501"><value>140.81625615380185</value></Data><Data name="speed_limit_501"><value>140</value></Data><Data name="speed_difference_501"><value>0.8162561538018451</value></Data><Data name="speed_502"><value>140.31972042353667</value></Data><Data name="speed_limit_502"><value>140</value></Data><Data name="speed_difference_502"><value>0.3197204235366655</value></Data><Data name="speed_503"><value>133.3258783116981</value></Data><Data name="speed_limit_503"><value>140</value></Data><Data name="speed_difference_503"><value>-6.674121688301909</value></Data><Data name="speed_504"><value>135.84531749979973</value></Data><Data name="speed_limit_504"><value>140</value></Data><Data name="speed_difference_504"><value>-4.154682500200266</value></Data><Data name="speed_505"><value>133.3331527549936</value></Data><Data name="speed_limit_505"><value>140</value></Data><Data name="speed_difference_505"><value>-6.666847245006409</value></Data><Data name="speed_506"><value>134.14904100047602</value></Data><Data name="speed_limit_506"><value>140</value></Data><Data name="speed_difference_506"><value>-5.850958999523982</value></Data><Data name="speed_507"><value>128.75112223138836</value></Data><Data name="speed_limit_507"><value>140</value></Data><Data name="speed_difference_507"><value>-11.248877768611635</value></Data><Data name="speed_508"><value>121.92192246820558</value></Data><Data name="speed_limit_508"><value>140</value></Data><Data name="speed_difference_508"><value>-18.07807753179442</value></Data><Data name="speed_509"><value>121.66594166591649</value></Data><Data name="speed_limit_509"><value>140</value></Data><Data name="speed_difference_509"><value>-18.334058334083508</value></Data><Data name="speed_510"><value>123.71288926390098</value></Data><Data name="speed_limit_510"><value>140</value></Data><Data name="speed_difference_510"><value>-16.287110736099024</value></Data><Data name="speed_511"><value>127.8827627579917</value></Data><Data name="speed_limit_511"><value>140</value></Data><Data name="speed_difference_511"><value>-12.1172372420083</value></Data><Data name="speed_512"><value>124.74730219071908</value></Data><Data name="speed_limit_512"><value>140</value></Data><Data name="speed_difference_512"><value>-15.252697809280917</value></Data><Data name="speed_513"><value>129.24951364206922</value></Data><Data name="speed_limit_513"><value>140</value></Data><Data name="speed_difference_513"><value>-10.750486357930782</value></Data><Data name="speed_514"><value>116.80567326279252</value></Data><Data name="speed_limit_514"><value>140</value></Data><Data name="speed_difference_514"><value>-23.194326737207476</value></Data><Data name="speed_515"><value>111.89365771364382</value></Data><Data name="speed_limit_515"><value>140</value></Data><Data name="speed_difference_515"><value>-28.10634228635618</value></Data><Data name="speed_516"><value>132.24559989135187</value></Data><Data name="speed_limit_516"><value>140</value></Data><Data name="speed_difference_516"><value>-7.754400108648127</value></Data><Data name="speed_517"><value>132.04256374009765</value></Data><Data name="speed_limit_517"><value>140</value></Data><Data name="speed_difference_517"><value>-7.957436259902352</value></Data><Data name="speed_518"><value>117.0848753405632</value></Data><Data name="speed_limit_518"><value>140</value></Data><Data name="speed_difference_518"><value>-22.9151246594368</value></Data><Data name="speed_519"><value>99.61972895731242</value></Data><Data name="speed_limit_519"><value>140</value></Data><Data name="speed_difference_519"><value>-40.38027104268758</value></Data><Data name="speed_520"><value>85.81917693823951</value></Data><Data name="speed_limit_520"><value>140</value></Data><Data name="speed_difference_520"><value>-54.18082306176049</value></Data><Data name="speed_521"><value>71.24155393351282</value></Data><Data name="speed_limit_521"><value>140</value></Data><Data name="speed_difference_521"><value>-68.75844606648718</value></Data><Data name="speed_522"><value>18.68189209938051</value></Data><Data name="speed_limit_522"><value>140</value></Data><Data name="speed_difference_522"><value>-121.3181079006195</value></Data><Data name="speed_523"><value>20.436046744157082</value></Data><Data name="speed_limit_523"><value>140</value></Data><Data name="speed_difference_523"><value>-119.56395325584292</value></Data><Data name="speed_524"><value>67.20877315269306</value></Data><Data name="speed_limit_524"><value>60</value></Data><Data name="speed_difference_524"><value>7.208773152693055</value></Data><Data name="speed_525"><value>41.86566682151789</value></Data><Data name="speed_limit_525"><value>60</value></Data><Data name="speed_difference_525"><value>-18.13433317848211</value></Data><Data name="speed_526"><value>72.63318689566401</value></Data><Data name="speed_limit_526"><value>140</value></Data><Data name="speed_difference_526"><value>-67.36681310433599</value></Data><Data name="speed_527"><value>97.04771121792142</value></Data><Data name="speed_limit_527"><value>140</value></Data><Data name="speed_difference_527"><value>-42.95228878207858</value></Data><Data name="speed_528"><value>118.64707225044003</value></Data><Data name="speed_limit_528"><value>140</value></Data><Data name="speed_difference_528"><value>-21.352927749559967</value></Data><Data name="speed_529"><value>105.70018893985849</value></Data><Data name="speed_limit_529"><value>140</value></Data><Data name="speed_difference_529"><value>-34.29981106014151</value></Data><Data name="speed_530"><value>0.0</value></Data><Data name="speed_limit_530"><value>140</value></Data><Data name="speed_difference_530"><value>-140.0</value></Data><Data name="speed_531"><value>92.08957309267866</value></Data><Data name="speed_limit_531"><value>140</value></Data><Data name="speed_difference_531"><value>-47.91042690732134</value></Data><Data name="speed_532"><value>70.14095185708851</value></Data><Data name="speed_limit_532"><value>140</value></Data><Data name="speed_difference_532"><value>-69.85904814291149</value></Data><Data name="speed_533"><value>85.34191469968243</value></Data><Data name="speed_limit_533"><value>140</value></Data><Data name="speed_difference_533"><value>-54.658085300317566</value></Data><Data name="speed_534"><value>0.0</value></Data><Data name="speed_limit_534"><value>140</value></Data><Data name="speed_difference_534"><value>-140.0</value></Data><Data name="speed_535"><value>90.25460784292342</value></Data><Data name="speed_limit_535"><value>140</value></Data><Data name="speed_difference_535"><value>-49.74539215707658</value></Data><Data name="speed_536"><value>94.70365159693682</value></Data><Data name="speed_limit_536"><value>140</value></Data><Data name="speed_difference_536"><value>-45.29634840306318</value></Data><Data name="speed_537"><value>95.82200166576871</value></Data><Data name="speed_limit_537"><value>140</value></Data><Data name="speed_difference_537"><value>-44.17799833423129</value></Data><Data name="speed_538"><value>92.51350760593019</value></Data><Data name="speed_limit_538"><value>140</value></Data><Data name="speed_difference_538"><value>-47.48649239406981</value></Data><Data name="speed_539"><value>88.0824879420698</value></Data><Data name="speed_limit_539"><value>140</value></Data><Data name="speed_difference_539"><value>-51.917512057930196</value></Data><Data name="speed_540"><value>91.8133195072216</value></Data><Data name="speed_limit_540"><value>140</value></Data><Data name="speed_difference_540"><value>-48.18668049277839</value></Data><Data name="speed_541"><value>85.84999914314305</value></Data><Data name="speed_limit_541"><value>140</value></Data><Data name="speed_difference_541"><value>-54.15000085685695</value></Data><Data name="speed_542"><value>69.7222916360413</value></Data><Data name="speed_limit_542"><value>140</value></Data><Data name="speed_difference_542"><value>-70.2777083639587</value></Data><Data name="speed_543"><value>44.97303729772062</value></Data><Data name="speed_limit_543"><value>140</value></Data><Data name="speed_difference_543"><value>-95.02696270227938</value></Data><Data name="speed_544"><value>38.848104385050014</value></Data><Data name="speed_limit_544"><value>140</value></Data><Data name="speed_difference_544"><value>-101.15189561494998</value></Data><Data name="speed_545"><value>62.1365789659499</value></Data><Data name="speed_limit_545"><value>140</value></Data><Data name="speed_difference_545"><value>-77.8634210340501</value></Data><Data name="speed_546"><value>60.16964134365711</value></Data><Data name="speed_limit_546"><value>140</value></Data><Data name="speed_difference_546"><value>-79.8303586563429</value></Data><Data name="speed_547"><value>68.10623335358083</value></Data><Data name="speed_limit_547"><value>140</value></Data><Data name="speed_difference_547"><value>-71.89376664641917</value></Data><Data name="speed_548"><value>47.379754821803715</value></Data><Data name="speed_limit_548"><value>140</value></Data><Data name="speed_difference_548"><value>-92.62024517819628</value></Data><Data name="speed_549"><value>39.05254732018994</value></Data><Data name="speed_limit_549"><value>140</value></Data><Data name="speed_difference_549"><value>-100.94745267981006</value></Data><Data name="speed_550"><value>28.717114073464355</value></Data><Data name="speed_limit_550"><value>140</value></Data><Data name="speed_difference_550"><value>-111.28288592653564</value></Data><Data name="speed_551"><value>26.090797438565197</value></Data><Data name="speed_limit_551"><value>140</value></Data><Data name="speed_difference_551"><value>-113.9092025614348</value></Data><Data name="speed_552"><value>29.69964886675729</value></Data><Data name="speed_limit_552"><value>140</value></Data><Data name="speed_difference_552"><value>-110.30035113324271</value></Data><Data name="speed_553"><value>40.9095404415045</value></Data><Data name="speed_limit_553"><value>140</value></Data><Data name="speed_difference_553"><value>-99.0904595584955</value></Data><Data name="speed_554"><value>41.00802823642811</value></Data><Data name="speed_limit_554"><value>140</value></Data><Data name="speed_difference_554"><value>-98.99197176357188</value></Data><Data name="speed_555"><value>57.633272522222974</value></Data><Data name="speed_limit_555"><value>140</value></Data><Data name="speed_difference_555"><value>-82.36672747777703</value></Data><Data name="speed_556"><value>82.08047061677551</value></Data><Data name="speed_limit_556"><value>140</value></Data><Data name="speed_difference_556"><value>-57.919529383224486</value></Data><Data name="speed_557"><value>102.44537629967365</value></Data><Data name="speed_limit_557"><value>140</value></Data><Data name="speed_difference_557"><value>-37.554623700326346</value></Data><Data name="speed_558"><value>112.89487111213067</value></Data><Data name="speed_limit_558"><value>140</value></Data><Data name="speed_difference_558"><value>-27.105128887869327</value></Data><Data name="speed_559"><value>125.33718930858133</value></Data><Data name="speed_limit_559"><value>140</value></Data><Data name="speed_difference_559"><value>-14.66281069141867</value></Data><Data name="speed_560"><value>118.02392969515333</value></Data><Data name="speed_limit_560"><value>140</value></Data><Data name="speed_difference_560"><value>-21.976070304846672</value></Data><Data name="speed_561"><value>119.79474687920892</value></Data><Data name="speed_limit_561"><value>140</value></Data><Data name="speed_difference_561"><value>-20.205253120791085</value></Data><Data name="speed_562"><value>0.0</value></Data><Data name="speed_limit_562"><value>140</value></Data><Data name="speed_difference_562"><value>-140.0</value></Data><Data name="speed_563"><value>107.59237753727986</value></Data><Data name="speed_limit_563"><value>140</value></Data><Data name="speed_difference_563"><value>-32.40762246272014</value></Data><Data name="speed_564"><value>102.85993483448483</value></Data><Data name="speed_limit_564"><value>140</value></Data><Data name="speed_difference_564"><value>-37.14006516551517</value></Data><Data name="speed_565"><value>0.0</value></Data><Data name="speed_limit_565"><value>140</value></Data><Data name="speed_difference_565"><value>-140.0</value></Data><Data name="speed_566"><value>93.51766014703385</value></Data><Data name="speed_limit_566"><value>140</value></Data><Data name="speed_difference_566"><value>-46.48233985296615</value></Data><Data name="speed_567"><value>104.51799641754333</value></Data><Data name="speed_limit_567"><value>140</value></Data><Data name="speed_difference_567"><value>-35.48200358245667</value></Data><Data name="speed_568"><value>112.38245460152267</value></Data><Data name="speed_limit_568"><value>140</value></Data><Data name="speed_difference_568"><value>-27.617545398477333</value></Data><Data name="speed_569"><value>110.89991224001076</value></Data><Data name="speed_limit_569"><value>140</value></Data><Data name="speed_difference_569"><value>-29.100087759989236</value></Data><Data name="speed_570"><value>102.30249548849669</value></Data><Data name="speed_limit_570"><value>140</value></Data><Data name="speed_difference_570"><value>-37.69750451150331</value></Data><Data name="speed_571"><value>90.48307550198932</value></Data><Data name="speed_limit_571"><value>140</value></Data><Data name="speed_difference_571"><value>-49.51692449801068</value></Data><Data name="speed_572"><value>98.13640177469902</value></Data><Data name="speed_limit_572"><value>140</value></Data><Data name="speed_difference_572"><value>-41.863598225300976</value></Data><Data name="speed_573"><value>101.16426939398775</value></Data><Data name="speed_limit_573"><value>140</value></Data><Data name="speed_difference_573"><value>-38.83573060601225</value></Data><Data name="speed_574"><value>97.07125558883877</value></Data><Data name="speed_limit_574"><value>140</value></Data><Data name="speed_difference_574"><value>-42.92874441116123</value></Data><Data name="speed_575"><value>97.9792114725181</value></Data><Data name="speed_limit_575"><value>140</value></Data><Data name="speed_difference_575"><value>-42.0207885274819</value></Data><Data name="speed_576"><value>107.4444453947863</value></Data><Data name="speed_limit_576"><value>140</value></Data><Data name="speed_difference_576"><value>-32.5555546052137</value></Data><Data name="speed_577"><value>114.0914934087423</value></Data><Data name="speed_limit_577"><value>140</value></Data><Data name="speed_difference_577"><value>-25.908506591257705</value></Data><Data name="speed_578"><value>116.8763853376496</value></Data><Data name="speed_limit_578"><value>140</value></Data><Data name="speed_difference_578"><value>-23.123614662350406</value></Data><Data name="speed_579"><value>100.44239987288172</value></Data><Data name="speed_limit_579"><value>140</value></Data><Data name="speed_difference_579"><value>-39.55760012711828</value></Data><Data name="speed_580"><value>101.63525339819505</value></Data><Data name="speed_limit_580"><value>140</value></Data><Data name="speed_difference_580"><value>-38.36474660180495</value></Data><Data name="speed_581"><value>119.61347159323493</value></Data><Data name="speed_limit_581"><value>140</value></Data><Data name="speed_difference_581"><value>-20.386528406765066</value></Data><Data name="speed_582"><value>123.86707704517718</value></Data><Data name="speed_limit_582"><value>140</value></Data><Data name="speed_difference_582"><value>-16.132922954822817</value></Data><Data name="speed_583"><value>125.411265484062</value></Data><Data name="speed_limit_583"><value>140</value></Data><Data name="speed_difference_583"><value>-14.588734515938</value></Data><Data name="speed_584"><value>129.1712771063124</value></Data><Data name="speed_limit_584"><value>140</value></Data><Data name="speed_difference_584"><value>-10.828722893687598</value></Data><Data name="speed_585"><value>130.7432141599526</value></Data><Data name="speed_limit_585"><value>140</value></Data><Data name="speed_difference_585"><value>-9.2567858400474</value></Data><Data name="speed_586"><value>137.18917085027067</value></Data><Data name="speed_limit_586"><value>140</value></Data><Data name="speed_difference_586"><value>-2.8108291497293294</value></Data><Data name="speed_587"><value>139.15263711516684</value></Data><Data name="speed_limit_587"><value>140</value></Data><Data name="speed_difference_587"><value>-0.84736288483316</value></Data><Data name="speed_588"><value>138.579000975839</value></Data><Data name="speed_limit_588"><value>140</value></Data><Data name="speed_difference_588"><value>-1.4209990241610058</value></Data><Data name="speed_589"><value>129.7226593966274</value></Data><Data name="speed_limit_589"><value>140</value></Data><Data name="speed_difference_589"><value>-10.277340603372608</value></Data><Data name="speed_590"><value>125.94298381509837</value></Data><Data name="speed_limit_590"><value>140</value></Data><Data name="speed_difference_590"><value>-14.057016184901627</value></Data><Data name="speed_591"><value>120.28475112046466</value></Data><Data name="speed_limit_591"><value>140</value></Data><Data name="speed_difference_591"><value>-19.715248879535338</value></Data><Data name="speed_592"><value>112.73158847438621</value></Data><Data name="speed_limit_592"><value>140</value></Data><Data name="speed_difference_592"><value>-27.268411525613786</value></Data><Data name="speed_593"><value>90.4532461459549</value></Data><Data name="speed_limit_593"><value>140</value></Data><Data name="speed_difference_593"><value>-49.54675385404509</value></Data><Data name="speed_594"><value>0.0</value></Data><Data name="speed_limit_594"><value>140</value></Data><Data name="speed_difference_594"><value>-140.0</value></Data><Data name="speed_595"><value>93.21705519784435</value></Data><Data name="speed_limit_595"><value>140</value></Data><Data name="speed_difference_595"><value>-46.782944802155654</value></Data><Data name="speed_596"><value>79.00721129145505</value></Data><Data name="speed_limit_596"><value>140</value></Data><Data name="speed_difference_596"><value>-60.99278870854495</value></Data><Data name="speed_597"><value>0.0</value></Data><Data name="speed_limit_597"><value>140</value></Data><Data name="speed_difference_597"><value>-140.0</value></Data><Data name="speed_598"><value>71.21592057123154</value></Data><Data name="speed_limit_598"><value>140</value></Data><Data name="speed_difference_598"><value>-68.78407942876846</value></Data><Data name="speed_599"><value>55.24462139758741</value></Data><Data name="speed_limit_599"><value>140</value></Data><Data name="speed_difference_599"><value>-84.75537860241259</value></Data><Data name="speed_600"><value>76.23140266141988</value></Data><Data name="speed_limit_600"><value>140</value></Data><Data name="speed_difference_600"><value>-63.76859733858012</value></Data><Data name="speed_601"><value>87.95849505819292</value></Data><Data name="speed_limit_601"><value>140</value></Data><Data name="speed_difference_601"><value>-52.04150494180708</value></Data><Data name="speed_602"><value>93.73968059427351</value></Data><Data name="speed_limit_602"><value>140</value></Data><Data name="speed_difference_602"><value>-46.26031940572649</value></Data><Data name="speed_603"><value>99.51744471657588</value></Data><Data name="speed_limit_603"><value>140</value></Data><Data name="speed_difference_603"><value>-40.48255528342412</value></Data><Data name="speed_604"><value>94.44637665219811</value></Data><Data name="speed_limit_604"><value>140</value></Data><Data name="speed_difference_604"><value>-45.55362334780189</value></Data><Data name="speed_605"><value>94.74301110032397</value></Data><Data name="speed_limit_605"><value>140</value></Data><Data name="speed_difference_605"><value>-45.25698889967603</value></Data><Data name="speed_606"><value>93.69348113484827</value></Data><Data name="speed_limit_606"><value>140</value></Data><Data name="speed_difference_606"><value>-46.30651886515173</value></Data><Data name="speed_607"><value>90.7213211462099</value></Data><Data name="speed_limit_607"><value>140</value></Data><Data name="speed_difference_607"><value>-49.2786788537901</value></Data><Data name="speed_608"><value>88.17106100954165</value></Data><Data name="speed_limit_608"><value>140</value></Data><Data name="speed_difference_608"><value>-51.828938990458354</value></Data><Data name="speed_609"><value>99.70728650000355</value></Data><Data name="speed_limit_609"><value>140</value></Data><Data name="speed_difference_609"><value>-40.29271349999645</value></Data><Data name="speed_610"><value>89.28901426441799</value></Data><Data name="speed_limit_610"><value>140</value></Data><Data name="speed_difference_610"><value>-50.710985735582014</value></Data><Data name="speed_611"><value>86.77874137615882</value></Data><Data name="speed_limit_611"><value>140</value></Data><Data name="speed_difference_611"><value>-53.22125862384118</value></Data><Data name="speed_612"><value>91.75966483349713</value></Data><Data name="speed_limit_612"><value>140</value></Data><Data name="speed_difference_612"><value>-48.240335166502874</value></Data><Data name="speed_613"><value>89.46788854100362</value></Data><Data name="speed_limit_613"><value>140</value></Data><Data name="speed_difference_613"><value>-50.53211145899638</value></Data><Data name="speed_614"><value>84.12716333969895</value></Data><Data name="speed_limit_614"><value>140</value></Data><Data name="speed_difference_614"><value>-55.87283666030105</value></Data><Data name="speed_615"><value>92.43060851726085</value></Data><Data name="speed_limit_615"><value>140</value></Data><Data name="speed_difference_615"><value>-47.56939148273915</value></Data><Data name="speed_616"><value>113.44456251216967</value></Data><Data name="speed_limit_616"><value>140</value></Data><Data name="speed_difference_616"><value>-26.555437487830332</value></Data><Data name="speed_617"><value>131.41054220409904</value></Data><Data name="speed_limit_617"><value>140</value></Data><Data name="speed_difference_617"><value>-8.589457795900955</value></Data><Data name="speed_618"><value>142.0814070953013</value></Data><Data name="speed_limit_618"><value>140</value></Data><Data name="speed_difference_618"><value>2.0814070953013015</value></Data><Data name="speed_619"><value>148.50556774837082</value></Data><Data name="speed_limit_619"><value>140</value></Data><Data name="speed_difference_619"><value>8.505567748370822</value></Data><Data name="speed_620"><value>147.03638441678046</value></Data><Data name="speed_limit_620"><value>140</value></Data><Data name="speed_difference_620"><value>7.036384416780464</value></Data><Data name="speed_621"><value>142.86732401398993</value></Data><Data name="speed_limit_621"><value>140</value></Data><Data name="speed_difference_621"><value>2.867324013989929</value></Data><Data name="speed_622"><value>139.8618935919381</value></Data><Data name="speed_limit_622"><value>140</value></Data><Data name="speed_difference_622"><value>-0.13810640806190122</value></Data><Data name="speed_623"><value>110.36718544877867</value></Data><Data name="speed_limit_623"><value>140</value></Data><Data name="speed_difference_623"><value>-29.63281455122133</value></Data><Data name="speed_624"><value>146.751314478646</value></Data><Data name="speed_limit_624"><value>140</value></Data><Data name="speed_difference_624"><value>6.751314478646009</value></Data><Data name="speed_625"><value>134.06172917581105</value></Data><Data name="speed_limit_625"><value>140</value></Data><Data name="speed_difference_625"><value>-5.9382708241889475</value></Data><Data name="speed_626"><value>0.0</value></Data><Data name="speed_limit_626"><value>140</value></Data><Data name="speed_difference_626"><value>-140.0</value></Data><Data name="speed_627"><value>122.17045634122249</value></Data><Data name="speed_limit_627"><value>140</value></Data><Data name="speed_difference_627"><value>-17.82954365877751</value></Data><Data name="speed_628"><value>132.9378279457092</value></Data><Data name="speed_limit_628"><value>140</value></Data><Data name="speed_difference_628"><value>-7.062172054290812</value></Data><Data name="speed_629"><value>0.0</value></Data><Data name="speed_limit_629"><value>140</value></Data><Data name="speed_difference_629"><value>-140.0</value></Data><Data name="speed_630"><value>120.71215921748421</value></Data><Data name="speed_limit_630"><value>140</value></Data><Data name="speed_difference_630"><value>-19.287840782515786</value></Data><Data name="speed_631"><value>0.0</value></Data><Data name="speed_limit_631"><value>140</value></Data><Data name="speed_difference_631"><value>-140.0</value></Data><Data name="speed_632"><value>107.94724351909507</value></Data><Data name="speed_limit_632"><value>140</value></Data><Data name="speed_difference_632"><value>-32.05275648090493</value></Data><Data name="speed_633"><value>0.0</value></Data><Data name="speed_limit_633"><value>140</value></Data><Data name="speed_difference_633"><value>-140.0</value></Data><Data name="speed_634"><value>92.82934754259405</value></Data><Data name="speed_limit_634"><value>140</value></Data><Data name="speed_difference_634"><value>-47.17065245740595</value></Data><Data name="speed_635"><value>0.0</value></Data><Data name="speed_limit_635"><value>140</value></Data><Data name="speed_difference_635"><value>-140.0</value></Data><Data name="speed_636"><value>104.54390440906542</value></Data><Data name="speed_limit_636"><value>140</value></Data><Data name="speed_difference_636"><value>-35.45609559093458</value></Data><Data name="speed_637"><value>0.0</value></Data><Data name="speed_limit_637"><value>140</value></Data><Data name="speed_difference_637"><value>-140.0</value></Data><Data name="speed_638"><value>106.81329059203183</value></Data><Data name="speed_limit_638"><value>140</value></Data><Data name="speed_difference_638"><value>-33.186709407968166</value></Data><Data name="speed_639"><value>0.0</value></Data><Data name="speed_limit_639"><value>140</value></Data><Data name="speed_difference_639"><value>-140.0</value></Data><Data name="speed_640"><value>109.93358627451678</value></Data><Data name="speed_limit_640"><value>140</value></Data><Data name="speed_difference_640"><value>-30.066413725483216</value></Data><Data name="speed_641"><value>0.0</value></Data><Data name="speed_limit_641"><value>140</value></Data><Data name="speed_difference_641"><value>-140.0</value></Data><Data name="speed_642"><value>104.54967653957627</value></Data><Data name="speed_limit_642"><value>140</value></Data><Data name="speed_difference_642"><value>-35.45032346042373</value></Data><Data name="speed_643"><value>0.0</value></Data><Data name="speed_limit_643"><value>140</value></Data><Data name="speed_difference_643"><value>-140.0</value></Data><Data name="speed_644"><value>94.1610297707174</value></Data><Data name="speed_limit_644"><value>140</value></Data><Data name="speed_difference_644"><value>-45.838970229282594</value></Data><Data name="speed_645"><value>0.0</value></Data><Data name="speed_limit_645"><value>140</value></Data><Data name="speed_difference_645"><value>-140.0</value></Data><Data name="speed_646"><value>74.24854124561132</value></Data><Data name="speed_limit_646"><value>140</value></Data><Data name="speed_difference_646"><value>-65.75145875438868</value></Data><Data name="speed_647"><value>0.0</value></Data><Data name="speed_limit_647"><value>140</value></Data><Data name="speed_difference_647"><value>-140.0</value></Data><Data name="speed_648"><value>79.23461479023103</value></Data><Data name="speed_limit_648"><value>120</value></Data><Data name="speed_difference_648"><value>-40.765385209768965</value></Data><Data name="speed_649"><value>0.0</value></Data><Data name="speed_limit_649"><value>120</value></Data><Data name="speed_difference_649"><value>-120.0</value></Data><Data name="speed_650"><value>71.93072758196057</value></Data><Data name="speed_limit_650"><value>140</value></Data><Data name="speed_difference_650"><value>-68.06927241803943</value></Data><Data name="speed_651"><value>0.0</value></Data><Data name="speed_limit_651"><value>100</value></Data><Data name="speed_difference_651"><value>-100.0</value></Data><Data name="speed_652"><value>39.51524270508481</value></Data><Data name="speed_limit_652"><value>70</value></Data><Data name="speed_difference_652"><value>-30.48475729491519</value></Data><Data name="speed_653"><value>0.0</value></Data><Data name="speed_limit_653"><value>70</value></Data><Data name="speed_difference_653"><value>-70.0</value></Data><Data name="speed_654"><value>27.53650190878846</value></Data><Data name="speed_limit_654"><value>50</value></Data><Data name="speed_difference_654"><value>-22.46349809121154</value></Data><Data name="speed_655"><value>0.0</value></Data><Data name="speed_limit_655"><value>50</value></Data><Data name="speed_difference_655"><value>-50.0</value></Data><Data name="speed_656"><value>29.109770647939623</value></Data><Data name="speed_limit_656"><value>50</value></Data><Data name="speed_difference_656"><value>-20.890229352060377</value></Data><Data name="speed_657"><value>0.0</value></Data><Data name="speed_limit_657"><value>50</value></Data><Data name="speed_difference_657"><value>-50.0</value></Data><Data name="speed_658"><value>29.359508583089756</value></Data><Data name="speed_limit_658"><value>50</value></Data><Data name="speed_difference_658"><value>-20.640491416910244</value></Data><Data name="speed_659"><value>0.0</value></Data><Data name="speed_limit_659"><value>50</value></Data><Data name="speed_difference_659"><value>-50.0</value></Data><Data name="speed_660"><value>29.249135596206997</value></Data><Data name="speed_limit_660"><value>50</value></Data><Data name="speed_difference_660"><value>-20.750864403793003</value></Data><Data name="speed_661"><value>0.0</value></Data><Data name="speed_limit_661"><value>50</value></Data><Data name="speed_difference_661"><value>-50.0</value></Data><Data name="speed_662"><value>20.330831717628023</value></Data><Data name="speed_limit_662"><value>50</value></Data><Data name="speed_difference_662"><value>-29.669168282371977</value></Data><Data name="speed_663"><value>0.0</value></Data><Data name="speed_limit_663"><value>50</value></Data><Data name="speed_difference_663"><value>-50.0</value></Data><Data name="speed_664"><value>36.52229406094552</value></Data><Data name="speed_limit_664"><value>50</value></Data><Data name="speed_difference_664"><value>-13.47770593905448</value></Data><Data name="speed_665"><value>0.0</value></Data><Data name="speed_limit_665"><value>50</value></Data><Data name="speed_difference_665"><value>-50.0</value></Data><Data name="speed_666"><value>0.0</value></Data><Data name="speed_limit_666"><value>50</value></Data><Data name="speed_difference_666"><value>-50.0</value></Data><Data name="speed_667"><value>68.20013021845203</value></Data><Data name="speed_limit_667"><value>50</value></Data><Data name="speed_difference_667"><value>18.20013021845203</value></Data><Data name="speed_668"><value>0.0</value></Data><Data name="speed_limit_668"><value>50</value></Data><Data name="speed_difference_668"><value>-50.0</value></Data><Data name="speed_669"><value>0.0</value></Data><Data name="speed_limit_669"><value>50</value></Data><Data name="speed_difference_669"><value>-50.0</value></Data><Data name="speed_670"><value>75.4830951011405</value></Data><Data name="speed_limit_670"><value>60</value></Data><Data name="speed_difference_670"><value>15.483095101140506</value></Data><Data name="speed_671"><value>81.23120394605375</value></Data><Data name="speed_limit_671"><value>100</value></Data><Data name="speed_difference_671"><value>-18.768796053946247</value></Data><Data name="speed_672"><value>76.57687015400562</value></Data><Data name="speed_limit_672"><value>120</value></Data><Data name="speed_difference_672"><value>-43.42312984599438</value></Data><Data name="speed_673"><value>28.86516385841144</value></Data><Data name="speed_limit_673"><value>70</value></Data><Data name="speed_difference_673"><value>-41.134836141588565</value></Data><Data name="speed_674"><value>29.94150758469561</value></Data><Data name="speed_limit_674"><value>70</value></Data><Data name="speed_difference_674"><value>-40.058492415304386</value></Data><Data name="speed_675"><value>30.789336496422276</value></Data><Data name="speed_limit_675"><value>90</value></Data><Data name="speed_difference_675"><value>-59.21066350357772</value></Data><Data name="speed_676"><value>0.0</value></Data><Data name="speed_limit_676"><value>90</value></Data><Data name="speed_difference_676"><value>-90.0</value></Data><Data name="speed_677"><value>15.947711057293635</value></Data><Data name="speed_limit_677"><value>90</value></Data><Data name="speed_difference_677"><value>-74.05228894270637</value></Data><Data name="speed_678"><value>15.70318136922705</value></Data><Data name="speed_limit_678"><value>90</value></Data><Data name="speed_difference_678"><value>-74.29681863077295</value></Data><Data name="speed_679"><value>29.368932361570923</value></Data><Data name="speed_limit_679"><value>90</value></Data><Data name="speed_difference_679"><value>-60.63106763842907</value></Data><Data name="speed_680"><value>0.0</value></Data><Data name="speed_limit_680"><value>90</value></Data><Data name="speed_difference_680"><value>-90.0</value></Data><Data name="speed_681"><value>22.564124049664084</value></Data><Data name="speed_limit_681"><value>90</value></Data><Data name="speed_difference_681"><value>-67.43587595033591</value></Data><Data name="speed_682"><value>70.88039660927252</value></Data><Data name="speed_limit_682"><value>90</value></Data><Data name="speed_difference_682"><value>-19.119603390727477</value></Data><Data name="speed_683"><value>84.71423914452724</value></Data><Data name="speed_limit_683"><value>140</value></Data><Data name="speed_difference_683"><value>-55.28576085547276</value></Data><Data name="speed_684"><value>80.63806712699939</value></Data><Data name="speed_limit_684"><value>140</value></Data><Data name="speed_difference_684"><value>-59.36193287300061</value></Data><Data name="speed_685"><value>74.76030955398947</value></Data><Data name="speed_limit_685"><value>140</value></Data><Data name="speed_difference_685"><value>-65.23969044601053</value></Data><Data name="speed_686"><value>96.11693753209006</value></Data><Data name="speed_limit_686"><value>140</value></Data><Data name="speed_difference_686"><value>-43.88306246790994</value></Data><Data name="speed_687"><value>101.61182514008233</value></Data><Data name="speed_limit_687"><value>140</value></Data><Data name="speed_difference_687"><value>-38.38817485991767</value></Data><Data name="speed_688"><value>97.55088109251793</value></Data><Data name="speed_limit_688"><value>140</value></Data><Data name="speed_difference_688"><value>-42.449118907482074</value></Data><Data name="speed_689"><value>96.9285236489875</value></Data><Data name="speed_limit_689"><value>140</value></Data><Data name="speed_difference_689"><value>-43.07147635101251</value></Data><Data name="speed_690"><value>90.77564838985094</value></Data><Data name="speed_limit_690"><value>140</value></Data><Data name="speed_difference_690"><value>-49.22435161014906</value></Data><Data name="speed_691"><value>103.16215707397419</value></Data><Data name="speed_limit_691"><value>140</value></Data><Data name="speed_difference_691"><value>-36.837842926025814</value></Data><Data name="speed_692"><value>117.54628319520603</value></Data><Data name="speed_limit_692"><value>140</value></Data><Data name="speed_difference_692"><value>-22.45371680479397</value></Data><Data name="speed_693"><value>122.74836713093931</value></Data><Data name="speed_limit_693"><value>140</value></Data><Data name="speed_difference_693"><value>-17.251632869060685</value></Data><Data name="speed_694"><value>101.76620979396905</value></Data><Data name="speed_limit_694"><value>140</value></Data><Data name="speed_difference_694"><value>-38.233790206030946</value></Data><Data name="speed_695"><value>130.00276044606608</value></Data><Data name="speed_limit_695"><value>140</value></Data><Data name="speed_difference_695"><value>-9.997239553933923</value></Data><Data name="speed_696"><value>126.02084989038482</value></Data><Data name="speed_limit_696"><value>140</value></Data><Data name="speed_difference_696"><value>-13.979150109615176</value></Data><Data name="speed_697"><value>69.2840507675405</value></Data><Data name="speed_limit_697"><value>140</value></Data><Data name="speed_difference_697"><value>-70.7159492324595</value></Data><Data name="speed_698"><value>70.19611989166314</value></Data><Data name="speed_limit_698"><value>140</value></Data><Data name="speed_difference_698"><value>-69.80388010833686</value></Data><Data name="speed_699"><value>69.21551615306855</value></Data><Data name="speed_limit_699"><value>140</value></Data><Data name="speed_difference_699"><value>-70.78448384693145</value></Data><Data name="speed_700"><value>113.52380620507309</value></Data><Data name="speed_limit_700"><value>140</value></Data><Data name="speed_difference_700"><value>-26.476193794926914</value></Data><Data name="speed_701"><value>114.50549605527837</value></Data><Data name="speed_limit_701"><value>140</value></Data><Data name="speed_difference_701"><value>-25.49450394472163</value></Data><Data name="speed_702"><value>116.09906161003498</value></Data><Data name="speed_limit_702"><value>140</value></Data><Data name="speed_difference_702"><value>-23.90093838996502</value></Data><Data name="speed_703"><value>84.12453304697783</value></Data><Data name="speed_limit_703"><value>140</value></Data><Data name="speed_difference_703"><value>-55.87546695302217</value></Data><Data name="speed_704"><value>47.39305358352327</value></Data><Data name="speed_limit_704"><value>140</value></Data><Data name="speed_difference_704"><value>-92.60694641647673</value></Data><Data name="speed_705"><value>60.6808940226792</value></Data><Data name="speed_limit_705"><value>140</value></Data><Data name="speed_difference_705"><value>-79.3191059773208</value></Data><Data name="speed_706"><value>75.28177805224426</value></Data><Data name="speed_limit_706"><value>140</value></Data><Data name="speed_difference_706"><value>-64.71822194775574</value></Data><Data name="speed_707"><value>0.0</value></Data><Data name="speed_limit_707"><value>140</value></Data><Data name="speed_difference_707"><value>-140.0</value></Data><Data name="speed_708"><value>80.15415943200465</value></Data><Data name="speed_limit_708"><value>140</value></Data><Data name="speed_difference_708"><value>-59.84584056799535</value></Data><Data name="speed_709"><value>81.25700887936173</value></Data><Data name="speed_limit_709"><value>140</value></Data><Data name="speed_difference_709"><value>-58.742991120638266</value></Data><Data name="speed_710"><value>76.51548043468424</value></Data><Data name="speed_limit_710"><value>140</value></Data><Data name="speed_difference_710"><value>-63.484519565315765</value></Data><Data name="speed_711"><value>87.23927970149754</value></Data><Data name="speed_limit_711"><value>140</value></Data><Data name="speed_difference_711"><value>-52.76072029850246</value></Data><Data name="speed_712"><value>104.77230247969756</value></Data><Data name="speed_limit_712"><value>140</value></Data><Data name="speed_difference_712"><value>-35.22769752030244</value></Data><Data name="speed_713"><value>104.20020424680803</value></Data><Data name="speed_limit_713"><value>140</value></Data><Data name="speed_difference_713"><value>-35.79979575319197</value></Data><Data name="speed_714"><value>0.0</value></Data><Data name="speed_limit_714"><value>140</value></Data><Data name="speed_difference_714"><value>-140.0</value></Data><Data name="speed_715"><value>114.13184076734322</value></Data><Data name="speed_limit_715"><value>140</value></Data><Data name="speed_difference_715"><value>-25.86815923265678</value></Data><Data name="speed_716"><value>122.33103558733569</value></Data><Data name="speed_limit_716"><value>140</value></Data><Data name="speed_difference_716"><value>-17.66896441266431</value></Data><Data name="speed_717"><value>96.05287143252949</value></Data><Data name="speed_limit_717"><value>140</value></Data><Data name="speed_difference_717"><value>-43.947128567470514</value></Data><Data name="speed_718"><value>83.54166294639855</value></Data><Data name="speed_limit_718"><value>140</value></Data><Data name="speed_difference_718"><value>-56.458337053601454</value></Data><Data name="speed_719"><value>81.63818921856378</value></Data><Data name="speed_limit_719"><value>140</value></Data><Data name="speed_difference_719"><value>-58.36181078143622</value></Data><Data name="speed_720"><value>73.28675260170402</value></Data><Data name="speed_limit_720"><value>140</value></Data><Data name="speed_difference_720"><value>-66.71324739829598</value></Data><Data name="speed_721"><value>91.50058849907673</value></Data><Data name="speed_limit_721"><value>140</value></Data><Data name="speed_difference_721"><value>-48.49941150092327</value></Data><Data name="speed_722"><value>91.4010960899654</value></Data><Data name="speed_limit_722"><value>140</value></Data><Data name="speed_difference_722"><value>-48.59890391003459</value></Data><Data name="speed_723"><value>92.02914514165607</value></Data><Data name="speed_limit_723"><value>140</value></Data><Data name="speed_difference_723"><value>-47.97085485834393</value></Data><Data name="speed_724"><value>60.406067120377365</value></Data><Data name="speed_limit_724"><value>140</value></Data><Data name="speed_difference_724"><value>-79.59393287962263</value></Data><Data name="speed_725"><value>40.84790575319969</value></Data><Data name="speed_limit_725"><value>140</value></Data><Data name="speed_difference_725"><value>-99.15209424680032</value></Data><Data name="speed_726"><value>22.37368400521448</value></Data><Data name="speed_limit_726"><value>140</value></Data><Data name="speed_difference_726"><value>-117.62631599478553</value></Data><Data name="speed_727"><value>34.72993215423391</value></Data><Data name="speed_limit_727"><value>140</value></Data><Data name="speed_difference_727"><value>-105.27006784576609</value></Data><Data name="speed_728"><value>47.20224646855628</value></Data><Data name="speed_limit_728"><value>140</value></Data><Data name="speed_difference_728"><value>-92.79775353144372</value></Data><Data name="speed_729"><value>53.17292789611416</value></Data><Data name="speed_limit_729"><value>140</value></Data><Data name="speed_difference_729"><value>-86.82707210388584</value></Data><Data name="speed_730"><value>54.60215572765332</value></Data><Data name="speed_limit_730"><value>140</value></Data><Data name="speed_difference_730"><value>-85.39784427234667</value></Data><Data name="speed_731"><value>43.132757311761694</value></Data><Data name="speed_limit_731"><value>140</value></Data><Data name="speed_difference_731"><value>-96.8672426882383</value></Data><Data name="speed_732"><value>47.08286787871906</value></Data><Data name="speed_limit_732"><value>140</value></Data><Data name="speed_difference_732"><value>-92.91713212128094</value></Data><Data name="speed_733"><value>63.411382357242665</value></Data><Data name="speed_limit_733"><value>140</value></Data><Data name="speed_difference_733"><value>-76.58861764275733</value></Data><Data name="speed_734"><value>66.99820734649367</value></Data><Data name="speed_limit_734"><value>140</value></Data><Data name="speed_difference_734"><value>-73.00179265350633</value></Data><Data name="speed_735"><value>0.0</value></Data><Data name="speed_limit_735"><value>140</value></Data><Data name="speed_difference_735"><value>-140.0</value></Data><Data name="speed_736"><value>37.85336210225947</value></Data><Data name="speed_limit_736"><value>140</value></Data><Data name="speed_difference_736"><value>-102.14663789774053</value></Data><Data name="speed_737"><value>29.84159410084157</value></Data><Data name="speed_limit_737"><value>140</value></Data><Data name="speed_difference_737"><value>-110.15840589915842</value></Data><Data name="speed_738"><value>41.158036432000586</value></Data><Data name="speed_limit_738"><value>140</value></Data><Data name="speed_difference_738"><value>-98.84196356799941</value></Data><Data name="speed_739"><value>27.72047359130333</value></Data><Data name="speed_limit_739"><value>140</value></Data><Data name="speed_difference_739"><value>-112.27952640869667</value></Data><Data name="speed_740"><value>0.0</value></Data><Data name="speed_limit_740"><value>140</value></Data><Data name="speed_difference_740"><value>-140.0</value></Data><Data name="speed_741"><value>28.920706176963606</value></Data><Data name="speed_limit_741"><value>140</value></Data><Data name="speed_difference_741"><value>-111.0792938230364</value></Data><Data name="speed_742"><value>29.146213765569314</value></Data><Data name="speed_limit_742"><value>140</value></Data><Data name="speed_difference_742"><value>-110.85378623443069</value></Data><Data name="speed_743"><value>47.34825687560596</value></Data><Data name="speed_limit_743"><value>140</value></Data><Data name="speed_difference_743"><value>-92.65174312439405</value></Data><Data name="speed_744"><value>61.23382684260602</value></Data><Data name="speed_limit_744"><value>140</value></Data><Data name="speed_difference_744"><value>-78.76617315739398</value></Data><Data name="speed_745"><value>54.69513430830294</value></Data><Data name="speed_limit_745"><value>140</value></Data><Data name="speed_difference_745"><value>-85.30486569169706</value></Data><Data name="speed_746"><value>67.23459055825154</value></Data><Data name="speed_limit_746"><value>140</value></Data><Data name="speed_difference_746"><value>-72.76540944174846</value></Data><Data name="speed_747"><value>75.30123386990856</value></Data><Data name="speed_limit_747"><value>140</value></Data><Data name="speed_difference_747"><value>-64.69876613009144</value></Data><Data name="speed_748"><value>75.32519397536103</value></Data><Data name="speed_limit_748"><value>140</value></Data><Data name="speed_difference_748"><value>-64.67480602463897</value></Data><Data name="speed_749"><value>73.44822080580805</value></Data><Data name="speed_limit_749"><value>140</value></Data><Data name="speed_difference_749"><value>-66.55177919419195</value></Data><Data name="speed_750"><value>82.34140139788609</value></Data><Data name="speed_limit_750"><value>140</value></Data><Data name="speed_difference_750"><value>-57.65859860211391</value></Data><Data name="speed_751"><value>86.88187158259834</value></Data><Data name="speed_limit_751"><value>140</value></Data><Data name="speed_difference_751"><value>-53.118128417401664</value></Data><Data name="speed_752"><value>86.60099137274042</value></Data><Data name="speed_limit_752"><value>140</value></Data><Data name="speed_difference_752"><value>-53.399008627259576</value></Data><Data name="speed_753"><value>80.6674342978285</value></Data><Data name="speed_limit_753"><value>140</value></Data><Data name="speed_difference_753"><value>-59.33256570217149</value></Data><Data name="speed_754"><value>58.557090054781874</value></Data><Data name="speed_limit_754"><value>140</value></Data><Data name="speed_difference_754"><value>-81.44290994521813</value></Data><Data name="speed_755"><value>61.04940035571087</value></Data><Data name="speed_limit_755"><value>140</value></Data><Data name="speed_difference_755"><value>-78.95059964428913</value></Data><Data name="speed_756"><value>65.72508571231391</value></Data><Data name="speed_limit_756"><value>140</value></Data><Data name="speed_difference_756"><value>-74.27491428768609</value></Data><Data name="speed_757"><value>61.574762497400485</value></Data><Data name="speed_limit_757"><value>140</value></Data><Data name="speed_difference_757"><value>-78.42523750259951</value></Data><Data name="speed_758"><value>35.25857307747691</value></Data><Data name="speed_limit_758"><value>140</value></Data><Data name="speed_difference_758"><value>-104.74142692252309</value></Data><Data name="speed_759"><value>27.68265170698981</value></Data><Data name="speed_limit_759"><value>140</value></Data><Data name="speed_difference_759"><value>-112.31734829301018</value></Data><Data name="speed_760"><value>12.482085882280025</value></Data><Data name="speed_limit_760"><value>140</value></Data><Data name="speed_difference_760"><value>-127.51791411771998</value></Data><Data name="speed_761"><value>9.61759168600708</value></Data><Data name="speed_limit_761"><value>140</value></Data><Data name="speed_difference_761"><value>-130.38240831399293</value></Data><Data name="speed_762"><value>9.9320661990937</value></Data><Data name="speed_limit_762"><value>140</value></Data><Data name="speed_difference_762"><value>-130.0679338009063</value></Data><Data name="speed_763"><value>0.0</value></Data><Data name="speed_limit_763"><value>140</value></Data><Data name="speed_difference_763"><value>-140.0</value></Data><Data name="speed_764"><value>12.893948255847299</value></Data><Data name="speed_limit_764"><value>140</value></Data><Data name="speed_difference_764"><value>-127.1060517441527</value></Data><Data name="speed_765"><value>7.4461871848755345</value></Data><Data name="speed_limit_765"><value>140</value></Data><Data name="speed_difference_765"><value>-132.55381281512447</value></Data><Data name="speed_766"><value>15.328291359259538</value></Data><Data name="speed_limit_766"><value>140</value></Data><Data name="speed_difference_766"><value>-124.67170864074046</value></Data><Data name="speed_767"><value>12.814841370659035</value></Data><Data name="speed_limit_767"><value>140</value></Data><Data name="speed_difference_767"><value>-127.18515862934096</value></Data><Data name="speed_768"><value>39.38277345440816</value></Data><Data name="speed_limit_768"><value>140</value></Data><Data name="speed_difference_768"><value>-100.61722654559185</value></Data><Data name="speed_769"><value>0.0</value></Data><Data name="speed_limit_769"><value>140</value></Data><Data name="speed_difference_769"><value>-140.0</value></Data><Data name="speed_770"><value>11.02971821848346</value></Data><Data name="speed_limit_770"><value>50</value></Data><Data name="speed_difference_770"><value>-38.97028178151654</value></Data><Data name="speed_771"><value>34.67262025986933</value></Data><Data name="speed_limit_771"><value>50</value></Data><Data name="speed_difference_771"><value>-15.327379740130667</value></Data><Data name="speed_772"><value>49.97100687687172</value></Data><Data name="speed_limit_772"><value>50</value></Data><Data name="speed_difference_772"><value>-0.02899312312828073</value></Data><Data name="speed_773"><value>43.856274866506155</value></Data><Data name="speed_limit_773"><value>70</value></Data><Data name="speed_difference_773"><value>-26.143725133493845</value></Data><Data name="speed_774"><value>33.16840438023361</value></Data><Data name="speed_limit_774"><value>70</value></Data><Data name="speed_difference_774"><value>-36.83159561976639</value></Data><Data name="speed_775"><value>39.827189957426434</value></Data><Data name="speed_limit_775"><value>50</value></Data><Data name="speed_difference_775"><value>-10.172810042573566</value></Data><Data name="speed_776"><value>44.65501594983383</value></Data><Data name="speed_limit_776"><value>50</value></Data><Data name="speed_difference_776"><value>-5.344984050166168</value></Data><Data name="speed_777"><value>33.47197574967169</value></Data><Data name="speed_limit_777"><value>70</value></Data><Data name="speed_difference_777"><value>-36.52802425032831</value></Data><Data name="speed_778"><value>34.26884051138393</value></Data><Data name="speed_limit_778"><value>70</value></Data><Data name="speed_difference_778"><value>-35.73115948861607</value></Data><Data name="speed_779"><value>33.81545493325495</value></Data><Data name="speed_limit_779"><value>70</value></Data><Data name="speed_difference_779"><value>-36.18454506674505</value></Data><Data name="speed_780"><value>48.537563909268975</value></Data><Data name="speed_limit_780"><value>70</value></Data><Data name="speed_difference_780"><value>-21.462436090731025</value></Data><Data name="speed_781"><value>45.439093767177766</value></Data><Data name="speed_limit_781"><value>70</value></Data><Data name="speed_difference_781"><value>-24.560906232822234</value></Data><Data name="speed_782"><value>57.79252507373695</value></Data><Data name="speed_limit_782"><value>70</value></Data><Data name="speed_difference_782"><value>-12.207474926263053</value></Data><Data name="speed_783"><value>57.23010867426939</value></Data><Data name="speed_limit_783"><value>70</value></Data><Data name="speed_difference_783"><value>-12.769891325730612</value></Data><Data name="speed_784"><value>35.98296175454796</value></Data><Data name="speed_limit_784"><value>100</value></Data><Data name="speed_difference_784"><value>-64.01703824545204</value></Data><Data name="speed_785"><value>33.540056270313094</value></Data><Data name="speed_limit_785"><value>100</value></Data><Data name="speed_difference_785"><value>-66.4599437296869</value></Data><Data name="speed_786"><value>45.79594990274472</value></Data><Data name="speed_limit_786"><value>50</value></Data><Data name="speed_difference_786"><value>-4.2040500972552834</value></Data><Data name="speed_787"><value>67.94626060945723</value></Data><Data name="speed_limit_787"><value>70</value></Data><Data name="speed_difference_787"><value>-2.0537393905427734</value></Data><Data name="speed_788"><value>63.96018379920386</value></Data><Data name="speed_limit_788"><value>100</value></Data><Data name="speed_difference_788"><value>-36.03981620079614</value></Data><Data name="speed_789"><value>68.3274875250466</value></Data><Data name="speed_limit_789"><value>100</value></Data><Data name="speed_difference_789"><value>-31.672512474953393</value></Data><Data name="speed_790"><value>0.0</value></Data><Data name="speed_limit_790"><value>100</value></Data><Data name="speed_difference_790"><value>-100.0</value></Data><Data name="speed_791"><value>28.991332995545434</value></Data><Data name="speed_limit_791"><value>70</value></Data><Data name="speed_difference_791"><value>-41.008667004454566</value></Data><Data name="speed_792"><value>28.453014354403667</value></Data><Data name="speed_limit_792"><value>70</value></Data><Data name="speed_difference_792"><value>-41.54698564559634</value></Data><Data name="speed_793"><value>62.903714219777356</value></Data><Data name="speed_limit_793"><value>70</value></Data><Data name="speed_difference_793"><value>-7.096285780222644</value></Data><Data name="speed_794"><value>62.02648075636327</value></Data><Data name="speed_limit_794"><value>100</value></Data><Data name="speed_difference_794"><value>-37.97351924363673</value></Data><Data name="speed_795"><value>24.54143543657054</value></Data><Data name="speed_limit_795"><value>100</value></Data><Data name="speed_difference_795"><value>-75.45856456342946</value></Data><Data name="speed_796"><value>49.271850952611665</value></Data><Data name="speed_limit_796"><value>100</value></Data><Data name="speed_difference_796"><value>-50.728149047388335</value></Data><Data name="speed_797"><value>24.05498017847445</value></Data><Data name="speed_limit_797"><value>70</value></Data><Data name="speed_difference_797"><value>-45.94501982152555</value></Data><Data name="speed_798"><value>36.98613821692059</value></Data><Data name="speed_limit_798"><value>70</value></Data><Data name="speed_difference_798"><value>-33.01386178307941</value></Data><Data name="speed_799"><value>0.0</value></Data><Data name="speed_limit_799"><value>70</value></Data><Data name="speed_difference_799"><value>-70.0</value></Data><Data name="speed_800"><value>37.872724007820125</value></Data><Data name="speed_limit_800"><value>70</value></Data><Data name="speed_difference_800"><value>-32.127275992179875</value></Data><Data name="speed_801"><value>46.785323376006666</value></Data><Data name="speed_limit_801"><value>70</value></Data><Data name="speed_difference_801"><value>-23.214676623993334</value></Data><Data name="speed_802"><value>55.56036020276806</value></Data><Data name="speed_limit_802"><value>70</value></Data><Data name="speed_difference_802"><value>-14.43963979723194</value></Data><Data name="speed_803"><value>65.31870293205127</value></Data><Data name="speed_limit_803"><value>50</value></Data><Data name="speed_difference_803"><value>15.318702932051266</value></Data><Data name="speed_804"><value>26.58750631309229</value></Data><Data name="speed_limit_804"><value>70</value></Data><Data name="speed_difference_804"><value>-43.41249368690771</value></Data><Data name="speed_805"><value>13.68638703986297</value></Data><Data name="speed_limit_805"><value>70</value></Data><Data name="speed_difference_805"><value>-56.31361296013703</value></Data><Data name="speed_806"><value>28.828549428627372</value></Data><Data name="speed_limit_806"><value>100</value></Data><Data name="speed_difference_806"><value>-71.17145057137263</value></Data><Data name="speed_807"><value>30.018255095054087</value></Data><Data name="speed_limit_807"><value>70</value></Data><Data name="speed_difference_807"><value>-39.98174490494591</value></Data><Data name="speed_808"><value>70.38083884464507</value></Data><Data name="speed_limit_808"><value>70</value></Data><Data name="speed_difference_808"><value>0.38083884464506923</value></Data><Data name="speed_809"><value>66.14092790885648</value></Data><Data name="speed_limit_809"><value>50</value></Data><Data name="speed_difference_809"><value>16.140927908856483</value></Data><Data name="speed_810"><value>26.262421694879134</value></Data><Data name="speed_limit_810"><value>80</value></Data><Data name="speed_difference_810"><value>-53.73757830512086</value></Data><Data name="speed_811"><value>65.47768030951818</value></Data><Data name="speed_limit_811"><value>80</value></Data><Data name="speed_difference_811"><value>-14.522319690481822</value></Data><Data name="speed_812"><value>29.341532022450448</value></Data><Data name="speed_limit_812"><value>100</value></Data><Data name="speed_difference_812"><value>-70.65846797754955</value></Data><Data name="speed_813"><value>36.06687581366513</value></Data><Data name="speed_limit_813"><value>70</value></Data><Data name="speed_difference_813"><value>-33.93312418633487</value></Data><Data name="speed_814"><value>6.678302054692711</value></Data><Data name="speed_limit_814"><value>70</value></Data><Data name="speed_difference_814"><value>-63.32169794530729</value></Data><Data name="speed_815"><value>5.707988672630176</value></Data><Data name="speed_limit_815"><value>70</value></Data><Data name="speed_difference_815"><value>-64.29201132736982</value></Data><Data name="speed_816"><value>4.554063214331453</value></Data><Data name="speed_limit_816"><value>70</value></Data><Data name="speed_difference_816"><value>-65.44593678566855</value></Data><Data name="speed_817"><value>5.79260526060693</value></Data><Data name="speed_limit_817"><value>70</value></Data><Data name="speed_difference_817"><value>-64.20739473939307</value></Data><Data name="speed_818"><value>21.38308694594837</value></Data><Data name="speed_limit_818"><value>70</value></Data><Data name="speed_difference_818"><value>-48.61691305405163</value></Data><Data name="speed_819"><value>15.018635905257513</value></Data><Data name="speed_limit_819"><value>70</value></Data><Data name="speed_difference_819"><value>-54.98136409474249</value></Data><Data name="speed_820"><value>2.081723603430717</value></Data><Data name="speed_limit_820"><value>50</value></Data><Data name="speed_difference_820"><value>-47.91827639656928</value></Data><Data name="speed_821"><value>3.7824427379266545</value></Data><Data name="speed_limit_821"><value>50</value></Data><Data name="speed_difference_821"><value>-46.21755726207334</value></Data><Data name="speed_822"><value>1.77924770897468</value></Data><Data name="speed_limit_822"><value>50</value></Data><Data name="speed_difference_822"><value>-48.22075229102532</value></Data><Data name="speed_823"><value>5.619276786077455</value></Data><Data name="speed_limit_823"><value>50</value></Data><Data name="speed_difference_823"><value>-44.38072321392254</value></Data><Data name="speed_824"><value>7.617176359442621</value></Data><Data name="speed_limit_824"><value>50</value></Data><Data name="speed_difference_824"><value>-42.382823640557376</value></Data><Data name="speed_825"><value>1.9380718115003612</value></Data><Data name="speed_limit_825"><value>50</value></Data><Data name="speed_difference_825"><value>-48.061928188499635</value></Data><Data name="speed_826"><value>1.463094098989764</value></Data><Data name="speed_limit_826"><value>50</value></Data><Data name="speed_difference_826"><value>-48.536905901010236</value></Data><Data name="speed_827"><value>1.6267430788107156</value></Data><Data name="speed_limit_827"><value>50</value></Data><Data name="speed_difference_827"><value>-48.37325692118928</value></Data><Data name="speed_828"><value>13.415700131192834</value></Data><Data name="speed_limit_828"><value>50</value></Data><Data name="speed_difference_828"><value>-36.584299868807165</value></Data><Data name="speed_829"><value>0.0</value></Data><Data name="speed_limit_829"><value>50</value></Data><Data name="speed_difference_829"><value>-50.0</value></Data><Data name="speed_830"><value>3.4630474355425793</value></Data><Data name="speed_limit_830"><value>50</value></Data><Data name="speed_difference_830"><value>-46.53695256445742</value></Data><Data name="speed_831"><value>3.323325220735789</value></Data><Data name="speed_limit_831"><value>50</value></Data><Data name="speed_difference_831"><value>-46.67667477926421</value></Data><Data name="speed_832"><value>9.971602699784091</value></Data><Data name="speed_limit_832"><value>50</value></Data><Data name="speed_difference_832"><value>-40.02839730021591</value></Data><Data name="speed_833"><value>11.048118223811564</value></Data><Data name="speed_limit_833"><value>50</value></Data><Data name="speed_difference_833"><value>-38.951881776188436</value></Data><Data name="speed_834"><value>2.7791275643498166</value></Data><Data name="speed_limit_834"><value>50</value></Data><Data name="speed_difference_834"><value>-47.220872435650186</value></Data><Data name="speed_835"><value>5.759639100701683</value></Data><Data name="speed_limit_835"><value>50</value></Data><Data name="speed_difference_835"><value>-44.24036089929832</value></Data><Data name="speed_836"><value>3.241307791262762</value></Data><Data name="speed_limit_836"><value>50</value></Data><Data name="speed_difference_836"><value>-46.75869220873724</value></Data><Data name="speed_837"><value>0.0</value></Data><Data name="speed_limit_837"><value>50</value></Data><Data name="speed_difference_837"><value>-50.0</value></Data><Data name="speed_838"><value>1.7382408993600578</value></Data><Data name="speed_limit_838"><value>50</value></Data><Data name="speed_difference_838"><value>-48.26175910063994</value></Data><Data name="speed_839"><value>0.0</value></Data><Data name="speed_limit_839"><value>50</value></Data><Data name="speed_difference_839"><value>-50.0</value></Data><Data name="speed_840"><value>0.0</value></Data><Data name="speed_limit_840"><value>50</value></Data><Data name="speed_difference_840"><value>-50.0</value></Data><Data name="speed_841"><value>0.0</value></Data><Data name="speed_limit_841"><value>50</value></Data><Data name="speed_difference_841"><value>-50.0</value></Data><Data name="speed_842"><value>0.0</value></Data><Data name="speed_limit_842"><value>50</value></Data><Data name="speed_difference_842"><value>-50.0</value></Data><Data name="speed_843"><value>0.0</value></Data><Data name="speed_limit_843"><value>50</value></Data><Data name="speed_difference_843"><value>-50.0</value></Data><Data name="speed_844"><value>0.0</value></Data><Data name="speed_limit_844"><value>50</value></Data><Data name="speed_difference_844"><value>-50.0</value></Data><Data name="speed_845"><value>0.0</value></Data><Data name="speed_limit_845"><value>50</value></Data><Data name="speed_difference_845"><value>-50.0</value></Data><Data name="speed_846"><value>0.0</value></Data><Data name="speed_limit_846"><value>50</value></Data><Data name="speed_difference_846"><value>-50.0</value></Data><Data name="speed_847"><value>0.0</value></Data><Data name="speed_limit_847"><value>50</value></Data><Data name="speed_difference_847"><value>-50.0</value></Data><Data name="speed_848"><value>0.0</value></Data><Data name="speed_limit_848"><value>50</value></Data><Data name="speed_difference_848"><value>-50.0</value></Data><Data name="speed_849"><value>0.0</value></Data><Data name="speed_limit_849"><value>50</value></Data><Data name="speed_difference_849"><value>-50.0</value></Data><Data name="speed_850"><value>0.0</value></Data><Data name="speed_limit_850"><value>50</value></Data><Data name="speed_difference_850"><value>-50.0</value></Data><Data name="speed_851"><value>0.0</value></Data><Data name="speed_limit_851"><value>50</value></Data><Data name="speed_difference_851"><value>-50.0</value></Data><Data name="speed_852"><value>0.0</value></Data><Data name="speed_limit_852"><value>50</value></Data><Data name="speed_difference_852"><value>-50.0</value></Data><Data name="speed_853"><value>0.0</value></Data><Data name="speed_limit_853"><value>50</value></Data><Data name="speed_difference_853"><value>-50.0</value></Data><Data name="speed_854"><value>0.0</value></Data><Data name="speed_limit_854"><value>50</value></Data><Data name="speed_difference_854"><value>-50.0</value></Data><Data name="speed_855"><value>0.0</value></Data><Data name="speed_limit_855"><value>50</value></Data><Data name="speed_difference_855"><value>-50.0</value></Data><Data name="speed_856"><value>0.0</value></Data><Data name="speed_limit_856"><value>50</value></Data><Data name="speed_difference_856"><value>-50.0</value></Data><Data name="speed_857"><value>6.156601111395658</value></Data><Data name="speed_limit_857"><value>50</value></Data><Data name="speed_difference_857"><value>-43.84339888860434</value></Data><Data name="speed_858"><value>4.3333627014310885</value></Data><Data name="speed_limit_858"><value>50</value></Data><Data name="speed_difference_858"><value>-45.666637298568915</value></Data><Data name="speed_859"><value>5.619142807824199</value></Data><Data name="speed_limit_859"><value>50</value></Data><Data name="speed_difference_859"><value>-44.3808571921758</value></Data><Data name="speed_860"><value>3.749867118671711</value></Data><Data name="speed_limit_860"><value>100</value></Data><Data name="speed_difference_860"><value>-96.25013288132828</value></Data><Data name="speed_861"><value>4.832585500619916</value></Data><Data name="speed_limit_861"><value>70</value></Data><Data name="speed_difference_861"><value>-65.16741449938009</value></Data><Data name="speed_862"><value>5.578120185187244</value></Data><Data name="speed_limit_862"><value>70</value></Data><Data name="speed_difference_862"><value>-64.42187981481275</value></Data><Data name="speed_863"><value>53.63091267507964</value></Data><Data name="speed_limit_863"><value>100</value></Data><Data name="speed_difference_863"><value>-46.36908732492036</value></Data><Data name="speed_864"><value>73.93860228169221</value></Data><Data name="speed_limit_864"><value>100</value></Data><Data name="speed_difference_864"><value>-26.061397718307788</value></Data><Data name="speed_865"><value>74.68238503120514</value></Data><Data name="speed_limit_865"><value>100</value></Data><Data name="speed_difference_865"><value>-25.317614968794857</value></Data><Data name="speed_866"><value>40.939496759266795</value></Data><Data name="speed_limit_866"><value>100</value></Data><Data name="speed_difference_866"><value>-59.060503240733205</value></Data><Data name="speed_867"><value>69.13380988669451</value></Data><Data name="speed_limit_867"><value>100</value></Data><Data name="speed_difference_867"><value>-30.866190113305493</value></Data><Data name="speed_868"><value>85.40081205258929</value></Data><Data name="speed_limit_868"><value>100</value></Data><Data name="speed_difference_868"><value>-14.599187947410712</value></Data><Data name="speed_869"><value>92.62774651400323</value></Data><Data name="speed_limit_869"><value>100</value></Data><Data name="speed_difference_869"><value>-7.372253485996765</value></Data><Data name="speed_870"><value>33.836502239579026</value></Data><Data name="speed_limit_870"><value>100</value></Data><Data name="speed_difference_870"><value>-66.16349776042097</value></Data><Data name="speed_871"><value>32.39811671425311</value></Data><Data name="speed_limit_871"><value>100</value></Data><Data name="speed_difference_871"><value>-67.60188328574688</value></Data><Data name="speed_872"><value>31.89609445959266</value></Data><Data name="speed_limit_872"><value>100</value></Data><Data name="speed_difference_872"><value>-68.10390554040734</value></Data><Data name="speed_873"><value>15.95423405336646</value></Data><Data name="speed_limit_873"><value>100</value></Data><Data name="speed_difference_873"><value>-84.04576594663354</value></Data><Data name="speed_874"><value>31.59732183167873</value></Data><Data name="speed_limit_874"><value>100</value></Data><Data name="speed_difference_874"><value>-68.40267816832127</value></Data><Data name="speed_875"><value>63.585868013428005</value></Data><Data name="speed_limit_875"><value>100</value></Data><Data name="speed_difference_875"><value>-36.414131986571995</value></Data><Data name="speed_876"><value>34.49082649745204</value></Data><Data name="speed_limit_876"><value>100</value></Data><Data name="speed_difference_876"><value>-65.50917350254795</value></Data><Data name="speed_877"><value>81.45770037926867</value></Data><Data name="speed_limit_877"><value>100</value></Data><Data name="speed_difference_877"><value>-18.542299620731328</value></Data><Data name="speed_878"><value>98.91165619103661</value></Data><Data name="speed_limit_878"><value>70</value></Data><Data name="speed_difference_878"><value>28.911656191036613</value></Data><Data name="speed_879"><value>34.556674049458486</value></Data><Data name="speed_limit_879"><value>70</value></Data><Data name="speed_difference_879"><value>-35.443325950541514</value></Data><Data name="speed_880"><value>29.746952298562164</value></Data><Data name="speed_limit_880"><value>100</value></Data><Data name="speed_difference_880"><value>-70.25304770143784</value></Data><Data name="speed_881"><value>56.2790941865407</value></Data><Data name="speed_limit_881"><value>100</value></Data><Data name="speed_difference_881"><value>-43.7209058134593</value></Data><Data name="speed_882"><value>41.7670827586332</value></Data><Data name="speed_limit_882"><value>70</value></Data><Data name="speed_difference_882"><value>-28.2329172413668</value></Data><Data name="speed_883"><value>38.92436739644425</value></Data><Data name="speed_limit_883"><value>70</value></Data><Data name="speed_difference_883"><value>-31.075632603555754</value></Data><Data name="speed_884"><value>30.534247900562676</value></Data><Data name="speed_limit_884"><value>50</value></Data><Data name="speed_difference_884"><value>-19.465752099437324</value></Data><Data name="speed_885"><value>60.89440148620244</value></Data><Data name="speed_limit_885"><value>100</value></Data><Data name="speed_difference_885"><value>-39.10559851379756</value></Data><Data name="speed_886"><value>27.398857984779404</value></Data><Data name="speed_limit_886"><value>100</value></Data><Data name="speed_difference_886"><value>-72.6011420152206</value></Data><Data name="speed_887"><value>25.528606266760622</value></Data><Data name="speed_limit_887"><value>100</value></Data><Data name="speed_difference_887"><value>-74.47139373323938</value></Data><Data name="speed_888"><value>77.84090551444024</value></Data><Data name="speed_limit_888"><value>100</value></Data><Data name="speed_difference_888"><value>-22.159094485559763</value></Data><Data name="speed_889"><value>80.08130346898832</value></Data><Data name="speed_limit_889"><value>100</value></Data><Data name="speed_difference_889"><value>-19.918696531011676</value></Data><Data name="speed_890"><value>0.0</value></Data><Data name="speed_limit_890"><value>100</value></Data><Data name="speed_difference_890"><value>-100.0</value></Data><Data name="speed_891"><value>33.62419088170321</value></Data><Data name="speed_limit_891"><value>100</value></Data><Data name="speed_difference_891"><value>-66.37580911829679</value></Data><Data name="speed_892"><value>85.1560560414851</value></Data><Data name="speed_limit_892"><value>100</value></Data><Data name="speed_difference_892"><value>-14.843943958514899</value></Data><Data name="speed_893"><value>70.39880212949824</value></Data><Data name="speed_limit_893"><value>100</value></Data><Data name="speed_difference_893"><value>-29.601197870501764</value></Data><Data name="speed_894"><value>74.73317711035617</value></Data><Data name="speed_limit_894"><value>50</value></Data><Data name="speed_difference_894"><value>24.733177110356166</value></Data><Data name="speed_895"><value>75.25667515186359</value></Data><Data name="speed_limit_895"><value>100</value></Data><Data name="speed_difference_895"><value>-24.74332484813641</value></Data><Data name="speed_896"><value>77.36052037080215</value></Data><Data name="speed_limit_896"><value>100</value></Data><Data name="speed_difference_896"><value>-22.63947962919785</value></Data><Data name="speed_897"><value>31.619131126739134</value></Data><Data name="speed_limit_897"><value>100</value></Data><Data name="speed_difference_897"><value>-68.38086887326087</value></Data><Data name="speed_898"><value>45.58967681842673</value></Data><Data name="speed_limit_898"><value>100</value></Data><Data name="speed_difference_898"><value>-54.41032318157327</value></Data><Data name="speed_899"><value>77.63810275161552</value></Data><Data name="speed_limit_899"><value>100</value></Data><Data name="speed_difference_899"><value>-22.36189724838448</value></Data><Data name="speed_900"><value>0.0</value></Data><Data name="speed_limit_900"><value>100</value></Data><Data name="speed_difference_900"><value>-100.0</value></Data><Data name="speed_901"><value>78.49929039727996</value></Data><Data name="speed_limit_901"><value>100</value></Data><Data name="speed_difference_901"><value>-21.500709602720036</value></Data><Data name="speed_902"><value>82.18181742410587</value></Data><Data name="speed_limit_902"><value>70</value></Data><Data name="speed_difference_902"><value>12.181817424105873</value></Data><Data name="speed_903"><value>76.5184502366493</value></Data><Data name="speed_limit_903"><value>100</value></Data><Data name="speed_difference_903"><value>-23.4815497633507</value></Data><Data name="speed_904"><value>80.4790274361124</value></Data><Data name="speed_limit_904"><value>100</value></Data><Data name="speed_difference_904"><value>-19.520972563887597</value></Data><Data name="speed_905"><value>110.03878167022938</value></Data><Data name="speed_limit_905"><value>100</value></Data><Data name="speed_difference_905"><value>10.038781670229383</value></Data><Data name="speed_906"><value>101.1874819291265</value></Data><Data name="speed_limit_906"><value>70</value></Data><Data name="speed_difference_906"><value>31.187481929126506</value></Data><Data name="speed_907"><value>33.22707971883094</value></Data><Data name="speed_limit_907"><value>100</value></Data><Data name="speed_difference_907"><value>-66.77292028116906</value></Data><Data name="speed_908"><value>34.013505413447454</value></Data><Data name="speed_limit_908"><value>70</value></Data><Data name="speed_difference_908"><value>-35.986494586552546</value></Data><Data name="speed_909"><value>74.72944257365195</value></Data><Data name="speed_limit_909"><value>100</value></Data><Data name="speed_difference_909"><value>-25.27055742634805</value></Data><Data name="speed_910"><value>91.74221294283826</value></Data><Data name="speed_limit_910"><value>100</value></Data><Data name="speed_difference_910"><value>-8.257787057161735</value></Data><Data name="speed_911"><value>31.25965764833254</value></Data><Data name="speed_limit_911"><value>70</value></Data><Data name="speed_difference_911"><value>-38.740342351667465</value></Data><Data name="speed_912"><value>31.341479783007564</value></Data><Data name="speed_limit_912"><value>70</value></Data><Data name="speed_difference_912"><value>-38.658520216992436</value></Data><Data name="speed_913"><value>16.332477584104307</value></Data><Data name="speed_limit_913"><value>70</value></Data><Data name="speed_difference_913"><value>-53.66752241589569</value></Data><Data name="speed_914"><value>32.263769048779714</value></Data><Data name="speed_limit_914"><value>70</value></Data><Data name="speed_difference_914"><value>-37.736230951220286</value></Data><Data name="speed_915"><value>45.85433596181795</value></Data><Data name="speed_limit_915"><value>70</value></Data><Data name="speed_difference_915"><value>-24.145664038182048</value></Data><Data name="speed_916"><value>30.00438400054856</value></Data><Data name="speed_limit_916"><value>70</value></Data><Data name="speed_difference_916"><value>-39.995615999451445</value></Data><Data name="speed_917"><value>41.66589268400872</value></Data><Data name="speed_limit_917"><value>70</value></Data><Data name="speed_difference_917"><value>-28.334107315991282</value></Data><Data name="speed_918"><value>67.15742952528528</value></Data><Data name="speed_limit_918"><value>100</value></Data><Data name="speed_difference_918"><value>-32.84257047471472</value></Data><Data name="speed_919"><value>71.5106835365456</value></Data><Data name="speed_limit_919"><value>70</value></Data><Data name="speed_difference_919"><value>1.5106835365455993</value></Data><Data name="speed_920"><value>13.997304097281594</value></Data><Data name="speed_limit_920"><value>70</value></Data><Data name="speed_difference_920"><value>-56.00269590271841</value></Data><Data name="speed_921"><value>14.51486606060105</value></Data><Data name="speed_limit_921"><value>70</value></Data><Data name="speed_difference_921"><value>-55.48513393939895</value></Data><Data name="speed_922"><value>14.860022516974128</value></Data><Data name="speed_limit_922"><value>70</value></Data><Data name="speed_difference_922"><value>-55.13997748302587</value></Data><Data name="speed_923"><value>15.420343275392415</value></Data><Data name="speed_limit_923"><value>70</value></Data><Data name="speed_difference_923"><value>-54.57965672460759</value></Data><Data name="speed_924"><value>15.979945091340534</value></Data><Data name="speed_limit_924"><value>70</value></Data><Data name="speed_difference_924"><value>-54.02005490865947</value></Data><Data name="speed_925"><value>16.741827576274005</value></Data><Data name="speed_limit_925"><value>70</value></Data><Data name="speed_difference_925"><value>-53.258172423725995</value></Data><Data name="speed_926"><value>83.12219274424386</value></Data><Data name="speed_limit_926"><value>50</value></Data><Data name="speed_difference_926"><value>33.12219274424386</value></Data><Data name="speed_927"><value>87.19801003845234</value></Data><Data name="speed_limit_927"><value>70</value></Data><Data name="speed_difference_927"><value>17.198010038452338</value></Data><Data name="speed_928"><value>68.5072126024802</value></Data><Data name="speed_limit_928"><value>100</value></Data><Data name="speed_difference_928"><value>-31.492787397519805</value></Data><Data name="speed_929"><value>33.68970420543643</value></Data><Data name="speed_limit_929"><value>100</value></Data><Data name="speed_difference_929"><value>-66.31029579456357</value></Data><Data name="speed_930"><value>33.31451844907714</value></Data><Data name="speed_limit_930"><value>100</value></Data><Data name="speed_difference_930"><value>-66.68548155092286</value></Data><Data name="speed_931"><value>87.4657126226061</value></Data><Data name="speed_limit_931"><value>100</value></Data><Data name="speed_difference_931"><value>-12.534287377393895</value></Data><Data name="speed_932"><value>90.68243914338738</value></Data><Data name="speed_limit_932"><value>100</value></Data><Data name="speed_difference_932"><value>-9.317560856612616</value></Data><Data name="speed_933"><value>86.50598809879692</value></Data><Data name="speed_limit_933"><value>100</value></Data><Data name="speed_difference_933"><value>-13.49401190120308</value></Data><Data name="speed_934"><value>45.78570969733992</value></Data><Data name="speed_limit_934"><value>100</value></Data><Data name="speed_difference_934"><value>-54.21429030266008</value></Data><Data name="speed_935"><value>26.8262682508651</value></Data><Data name="speed_limit_935"><value>100</value></Data><Data name="speed_difference_935"><value>-73.1737317491349</value></Data><Data name="speed_936"><value>0.0</value></Data><Data name="speed_limit_936"><value>100</value></Data><Data name="speed_difference_936"><value>-100.0</value></Data><Data name="speed_937"><value>21.273577192120047</value></Data><Data name="speed_limit_937"><value>100</value></Data><Data name="speed_difference_937"><value>-78.72642280787996</value></Data><Data name="speed_938"><value>55.035841299991716</value></Data><Data name="speed_limit_938"><value>100</value></Data><Data name="speed_difference_938"><value>-44.964158700008284</value></Data><Data name="speed_939"><value>49.02006983935481</value></Data><Data name="speed_limit_939"><value>100</value></Data><Data name="speed_difference_939"><value>-50.97993016064519</value></Data><Data name="speed_940"><value>47.2809348142479</value></Data><Data name="speed_limit_940"><value>100</value></Data><Data name="speed_difference_940"><value>-52.7190651857521</value></Data><Data name="speed_941"><value>47.69753860236178</value></Data><Data name="speed_limit_941"><value>50</value></Data><Data name="speed_difference_941"><value>-2.3024613976382184</value></Data><Data name="speed_942"><value>50.747192189271416</value></Data><Data name="speed_limit_942"><value>70</value></Data><Data name="speed_difference_942"><value>-19.252807810728584</value></Data><Data name="speed_943"><value>75.10989977321461</value></Data><Data name="speed_limit_943"><value>100</value></Data><Data name="speed_difference_943"><value>-24.890100226785393</value></Data><Data name="speed_944"><value>83.13636821802416</value></Data><Data name="speed_limit_944"><value>100</value></Data><Data name="speed_difference_944"><value>-16.86363178197584</value></Data><Data name="speed_945"><value>17.272631482860255</value></Data><Data name="speed_limit_945"><value>100</value></Data><Data name="speed_difference_945"><value>-82.72736851713975</value></Data><Data name="speed_946"><value>0.0</value></Data><Data name="speed_limit_946"><value>100</value></Data><Data name="speed_difference_946"><value>-100.0</value></Data><Data name="speed_947"><value>87.98734445799676</value></Data><Data name="speed_limit_947"><value>100</value></Data><Data name="speed_difference_947"><value>-12.012655542003245</value></Data><Data name="speed_948"><value>32.65562656263058</value></Data><Data name="speed_limit_948"><value>100</value></Data><Data name="speed_difference_948"><value>-67.34437343736943</value></Data><Data name="speed_949"><value>27.0721099661055</value></Data><Data name="speed_limit_949"><value>100</value></Data><Data name="speed_difference_949"><value>-72.9278900338945</value></Data><Data name="speed_950"><value>24.54422880674637</value></Data><Data name="speed_limit_950"><value>100</value></Data><Data name="speed_difference_950"><value>-75.45577119325363</value></Data><Data name="speed_951"><value>61.98086063595333</value></Data><Data name="speed_limit_951"><value>70</value></Data><Data name="speed_difference_951"><value>-8.019139364046673</value></Data><Data name="speed_952"><value>55.520241290310764</value></Data><Data name="speed_limit_952"><value>70</value></Data><Data name="speed_difference_952"><value>-14.479758709689236</value></Data><Data name="speed_953"><value>32.16835660323774</value></Data><Data name="speed_limit_953"><value>70</value></Data><Data name="speed_difference_953"><value>-37.83164339676226</value></Data><Data name="speed_954"><value>15.842163153518232</value></Data><Data name="speed_limit_954"><value>70</value></Data><Data name="speed_difference_954"><value>-54.15783684648177</value></Data><Data name="speed_955"><value>15.059025089943376</value></Data><Data name="speed_limit_955"><value>70</value></Data><Data name="speed_difference_955"><value>-54.940974910056624</value></Data><Data name="speed_956"><value>29.98055731824528</value></Data><Data name="speed_limit_956"><value>70</value></Data><Data name="speed_difference_956"><value>-40.019442681754725</value></Data><Data name="speed_957"><value>68.86539433999998</value></Data><Data name="speed_limit_957"><value>100</value></Data><Data name="speed_difference_957"><value>-31.13460566000002</value></Data><Data name="speed_958"><value>69.00600846560704</value></Data><Data name="speed_limit_958"><value>100</value></Data><Data name="speed_difference_958"><value>-30.99399153439296</value></Data><Data name="speed_959"><value>73.48998984704303</value></Data><Data name="speed_limit_959"><value>100</value></Data><Data name="speed_difference_959"><value>-26.510010152956966</value></Data><Data name="speed_960"><value>66.84439515056359</value></Data><Data name="speed_limit_960"><value>100</value></Data><Data name="speed_difference_960"><value>-33.155604849436415</value></Data><Data name="speed_961"><value>72.01103477659436</value></Data><Data name="speed_limit_961"><value>70</value></Data><Data name="speed_difference_961"><value>2.0110347765943573</value></Data><Data name="speed_962"><value>95.14286455813617</value></Data><Data name="speed_limit_962"><value>100</value></Data><Data name="speed_difference_962"><value>-4.857135441863832</value></Data><Data name="speed_963"><value>89.70397841543118</value></Data><Data name="speed_limit_963"><value>70</value></Data><Data name="speed_difference_963"><value>19.70397841543118</value></Data><Data name="speed_964"><value>29.871209772981306</value></Data><Data name="speed_limit_964"><value>100</value></Data><Data name="speed_difference_964"><value>-70.1287902270187</value></Data><Data name="speed_965"><value>40.18016583825374</value></Data><Data name="speed_limit_965"><value>70</value></Data><Data name="speed_difference_965"><value>-29.819834161746257</value></Data><Data name="speed_966"><value>63.36173608679189</value></Data><Data name="speed_limit_966"><value>70</value></Data><Data name="speed_difference_966"><value>-6.638263913208107</value></Data><Data name="speed_967"><value>47.05213881890142</value></Data><Data name="speed_limit_967"><value>70</value></Data><Data name="speed_difference_967"><value>-22.94786118109858</value></Data><Data name="speed_968"><value>37.848172224782424</value></Data><Data name="speed_limit_968"><value>70</value></Data><Data name="speed_difference_968"><value>-32.151827775217576</value></Data><Data name="speed_969"><value>35.1960094603269</value></Data><Data name="speed_limit_969"><value>70</value></Data><Data name="speed_difference_969"><value>-34.8039905396731</value></Data><Data name="speed_970"><value>39.7512370828207</value></Data><Data name="speed_limit_970"><value>70</value></Data><Data name="speed_difference_970"><value>-30.2487629171793</value></Data><Data name="speed_971"><value>31.521584797845648</value></Data><Data name="speed_limit_971"><value>70</value></Data><Data name="speed_difference_971"><value>-38.47841520215435</value></Data><Data name="speed_972"><value>91.30874740365584</value></Data><Data name="speed_limit_972"><value>70</value></Data><Data name="speed_difference_972"><value>21.308747403655843</value></Data><Data name="speed_973"><value>102.66720147168394</value></Data><Data name="speed_limit_973"><value>100</value></Data><Data name="speed_difference_973"><value>2.6672014716839385</value></Data><Data name="speed_974"><value>98.84207965723297</value></Data><Data name="speed_limit_974"><value>100</value></Data><Data name="speed_difference_974"><value>-1.157920342767028</value></Data><Data name="speed_975"><value>33.37723532905396</value></Data><Data name="speed_limit_975"><value>100</value></Data><Data name="speed_difference_975"><value>-66.62276467094604</value></Data><Data name="speed_976"><value>16.830177911866066</value></Data><Data name="speed_limit_976"><value>100</value></Data><Data name="speed_difference_976"><value>-83.16982208813394</value></Data><Data name="speed_977"><value>17.64854659406493</value></Data><Data name="speed_limit_977"><value>100</value></Data><Data name="speed_difference_977"><value>-82.35145340593508</value></Data><Data name="speed_978"><value>98.5603987639388</value></Data><Data name="speed_limit_978"><value>100</value></Data><Data name="speed_difference_978"><value>-1.4396012360611934</value></Data><Data name="speed_979"><value>72.11929346183776</value></Data><Data name="speed_limit_979"><value>100</value></Data><Data name="speed_difference_979"><value>-27.880706538162244</value></Data><Data name="speed_980"><value>0.0</value></Data><Data name="speed_limit_980"><value>100</value></Data><Data name="speed_difference_980"><value>-100.0</value></Data><Data name="speed_981"><value>89.11566024120279</value></Data><Data name="speed_limit_981"><value>100</value></Data><Data name="speed_difference_981"><value>-10.88433975879721</value></Data><Data name="speed_982"><value>87.74790077700197</value></Data><Data name="speed_limit_982"><value>100</value></Data><Data name="speed_difference_982"><value>-12.252099222998027</value></Data><Data name="speed_983"><value>89.87040773033073</value></Data><Data name="speed_limit_983"><value>100</value></Data><Data name="speed_difference_983"><value>-10.129592269669274</value></Data><Data name="speed_984"><value>34.598338664066404</value></Data><Data name="speed_limit_984"><value>100</value></Data><Data name="speed_difference_984"><value>-65.4016613359336</value></Data><Data name="speed_985"><value>16.699749027061916</value></Data><Data name="speed_limit_985"><value>100</value></Data><Data name="speed_difference_985"><value>-83.30025097293809</value></Data><Data name="speed_986"><value>16.403658570456358</value></Data><Data name="speed_limit_986"><value>100</value></Data><Data name="speed_difference_986"><value>-83.59634142954364</value></Data><Data name="speed_987"><value>16.087770739772147</value></Data><Data name="speed_limit_987"><value>100</value></Data><Data name="speed_difference_987"><value>-83.91222926022786</value></Data><Data name="speed_988"><value>33.555730363437156</value></Data><Data name="speed_limit_988"><value>100</value></Data><Data name="speed_difference_988"><value>-66.44426963656284</value></Data><Data name="speed_989"><value>90.25863907798714</value></Data><Data name="speed_limit_989"><value>100</value></Data><Data name="speed_difference_989"><value>-9.74136092201286</value></Data><Data name="speed_990"><value>69.87712383579843</value></Data><Data name="speed_limit_990"><value>120</value></Data><Data name="speed_difference_990"><value>-50.12287616420157</value></Data><Data name="speed_991"><value>48.07278891302355</value></Data><Data name="speed_limit_991"><value>120</value></Data><Data name="speed_difference_991"><value>-71.92721108697646</value></Data><Data name="speed_992"><value>15.137544195257256</value></Data><Data name="speed_limit_992"><value>120</value></Data><Data name="speed_difference_992"><value>-104.86245580474275</value></Data><Data name="speed_993"><value>14.881731482391308</value></Data><Data name="speed_limit_993"><value>120</value></Data><Data name="speed_difference_993"><value>-105.1182685176087</value></Data><Data name="speed_994"><value>14.489379487932194</value></Data><Data name="speed_limit_994"><value>120</value></Data><Data name="speed_difference_994"><value>-105.5106205120678</value></Data><Data name="speed_995"><value>0.0</value></Data><Data name="speed_limit_995"><value>120</value></Data><Data name="speed_difference_995"><value>-120.0</value></Data><Data name="speed_996"><value>81.40646426538343</value></Data><Data name="speed_limit_996"><value>120</value></Data><Data name="speed_difference_996"><value>-38.593535734616566</value></Data><Data name="speed_997"><value>69.45895213476638</value></Data><Data name="speed_limit_997"><value>120</value></Data><Data name="speed_difference_997"><value>-50.54104786523362</value></Data><Data name="speed_998"><value>91.68053077808067</value></Data><Data name="speed_limit_998"><value>120</value></Data><Data name="speed_difference_998"><value>-28.319469221919334</value></Data><Data name="speed_999"><value>42.110423611803725</value></Data><Data name="speed_limit_999"><value>120</value></Data><Data name="speed_difference_999"><value>-77.88957638819628</value></Data><Data name="speed_1000"><value>111.35979662895149</value></Data><Data name="speed_limit_1000"><value>120</value></Data><Data name="speed_difference_1000"><value>-8.640203371048514</value></Data><Data name="speed_1001"><value>110.24566904172845</value></Data><Data name="speed_limit_1001"><value>120</value></Data><Data name="speed_difference_1001"><value>-9.754330958271552</value></Data><Data name="speed_1002"><value>109.37558045423498</value></Data><Data name="speed_limit_1002"><value>120</value></Data><Data name="speed_difference_1002"><value>-10.624419545765022</value></Data><Data name="speed_1003"><value>64.91270508019566</value></Data><Data name="speed_limit_1003"><value>120</value></Data><Data name="speed_difference_1003"><value>-55.087294919804336</value></Data><Data name="speed_1004"><value>39.455131451639595</value></Data><Data name="speed_limit_1004"><value>90</value></Data><Data name="speed_difference_1004"><value>-50.544868548360405</value></Data><Data name="speed_1005"><value>59.408989212814205</value></Data><Data name="speed_limit_1005"><value>90</value></Data><Data name="speed_difference_1005"><value>-30.591010787185795</value></Data><Data name="speed_1006"><value>39.40721446112902</value></Data><Data name="speed_limit_1006"><value>90</value></Data><Data name="speed_difference_1006"><value>-50.59278553887098</value></Data><Data name="speed_1007"><value>42.01318249347351</value></Data><Data name="speed_limit_1007"><value>90</value></Data><Data name="speed_difference_1007"><value>-47.98681750652649</value></Data><Data name="speed_1008"><value>109.48172777584055</value></Data><Data name="speed_limit_1008"><value>90</value></Data><Data name="speed_difference_1008"><value>19.481727775840554</value></Data><Data name="speed_1009"><value>40.638500903336535</value></Data><Data name="speed_limit_1009"><value>90</value></Data><Data name="speed_difference_1009"><value>-49.361499096663465</value></Data><Data name="speed_1010"><value>101.10486339779546</value></Data><Data name="speed_limit_1010"><value>120</value></Data><Data name="speed_difference_1010"><value>-18.895136602204545</value></Data><Data name="speed_1011"><value>121.2030119694667</value></Data><Data name="speed_limit_1011"><value>120</value></Data><Data name="speed_difference_1011"><value>1.2030119694667007</value></Data><Data name="speed_1012"><value>118.93651815607761</value></Data><Data name="speed_limit_1012"><value>90</value></Data><Data name="speed_difference_1012"><value>28.93651815607761</value></Data><Data name="speed_1013"><value>89.46926410756625</value></Data><Data name="speed_limit_1013"><value>90</value></Data><Data name="speed_difference_1013"><value>-0.5307358924337535</value></Data><Data name="speed_1014"><value>44.25417712727033</value></Data><Data name="speed_limit_1014"><value>90</value></Data><Data name="speed_difference_1014"><value>-45.74582287272967</value></Data><Data name="speed_1015"><value>70.62715478200244</value></Data><Data name="speed_limit_1015"><value>90</value></Data><Data name="speed_difference_1015"><value>-19.372845217997565</value></Data><Data name="speed_1016"><value>46.7544298311226</value></Data><Data name="speed_limit_1016"><value>120</value></Data><Data name="speed_difference_1016"><value>-73.2455701688774</value></Data><Data name="speed_1017"><value>91.45598492770291</value></Data><Data name="speed_limit_1017"><value>120</value></Data><Data name="speed_difference_1017"><value>-28.544015072297086</value></Data><Data name="speed_1018"><value>94.365069011294</value></Data><Data name="speed_limit_1018"><value>90</value></Data><Data name="speed_difference_1018"><value>4.365069011293997</value></Data><Data name="speed_1019"><value>43.356710588483836</value></Data><Data name="speed_limit_1019"><value>90</value></Data><Data name="speed_difference_1019"><value>-46.643289411516164</value></Data><Data name="speed_1020"><value>99.28247374404297</value></Data><Data name="speed_limit_1020"><value>120</value></Data><Data name="speed_difference_1020"><value>-20.717526255957026</value></Data><Data name="speed_1021"><value>89.93546746285884</value></Data><Data name="speed_limit_1021"><value>120</value></Data><Data name="speed_difference_1021"><value>-30.06453253714116</value></Data><Data name="speed_1022"><value>89.79505620185499</value></Data><Data name="speed_limit_1022"><value>120</value></Data><Data name="speed_difference_1022"><value>-30.20494379814501</value></Data><Data name="speed_1023"><value>34.008874309514</value></Data><Data name="speed_limit_1023"><value>120</value></Data><Data name="speed_difference_1023"><value>-85.991125690486</value></Data><Data name="speed_1024"><value>34.12467595601968</value></Data><Data name="speed_limit_1024"><value>120</value></Data><Data name="speed_difference_1024"><value>-85.87532404398033</value></Data><Data name="speed_1025"><value>68.3864753726937</value></Data><Data name="speed_limit_1025"><value>90</value></Data><Data name="speed_difference_1025"><value>-21.613524627306305</value></Data><Data name="speed_1026"><value>35.05939120264541</value></Data><Data name="speed_limit_1026"><value>90</value></Data><Data name="speed_difference_1026"><value>-54.94060879735459</value></Data><Data name="speed_1027"><value>0.0</value></Data><Data name="speed_limit_1027"><value>90</value></Data><Data name="speed_difference_1027"><value>-90.0</value></Data><Data name="speed_1028"><value>37.106102478623036</value></Data><Data name="speed_limit_1028"><value>90</value></Data><Data name="speed_difference_1028"><value>-52.893897521376964</value></Data><Data name="speed_1029"><value>108.99092213529053</value></Data><Data name="speed_limit_1029"><value>90</value></Data><Data name="speed_difference_1029"><value>18.990922135290532</value></Data><Data name="speed_1030"><value>126.8158714117303</value></Data><Data name="speed_limit_1030"><value>120</value></Data><Data name="speed_difference_1030"><value>6.815871411730299</value></Data><Data name="speed_1031"><value>125.91113020442094</value></Data><Data name="speed_limit_1031"><value>120</value></Data><Data name="speed_difference_1031"><value>5.911130204420942</value></Data><Data name="speed_1032"><value>123.87006149835004</value></Data><Data name="speed_limit_1032"><value>120</value></Data><Data name="speed_difference_1032"><value>3.87006149835004</value></Data><Data name="speed_1033"><value>122.89787744545102</value></Data><Data name="speed_limit_1033"><value>120</value></Data><Data name="speed_difference_1033"><value>2.897877445451016</value></Data><Data name="speed_1034"><value>69.59835613119346</value></Data><Data name="speed_limit_1034"><value>120</value></Data><Data name="speed_difference_1034"><value>-50.401643868806545</value></Data><Data name="speed_1035"><value>113.4513811635069</value></Data><Data name="speed_limit_1035"><value>120</value></Data><Data name="speed_difference_1035"><value>-6.548618836493105</value></Data><Data name="speed_1036"><value>0.0</value></Data><Data name="speed_limit_1036"><value>120</value></Data><Data name="speed_difference_1036"><value>-120.0</value></Data><Data name="speed_1037"><value>115.75446000132546</value></Data><Data name="speed_limit_1037"><value>120</value></Data><Data name="speed_difference_1037"><value>-4.245539998674545</value></Data><Data name="speed_1038"><value>43.39501552761012</value></Data><Data name="speed_limit_1038"><value>120</value></Data><Data name="speed_difference_1038"><value>-76.60498447238987</value></Data><Data name="speed_1039"><value>102.65322500538298</value></Data><Data name="speed_limit_1039"><value>120</value></Data><Data name="speed_difference_1039"><value>-17.34677499461702</value></Data><Data name="speed_1040"><value>112.50443476700991</value></Data><Data name="speed_limit_1040"><value>120</value></Data><Data name="speed_difference_1040"><value>-7.495565232990089</value></Data><Data name="speed_1041"><value>42.88465707266514</value></Data><Data name="speed_limit_1041"><value>120</value></Data><Data name="speed_difference_1041"><value>-77.11534292733486</value></Data><Data name="speed_1042"><value>107.03666073878321</value></Data><Data name="speed_limit_1042"><value>120</value></Data><Data name="speed_difference_1042"><value>-12.963339261216788</value></Data><Data name="speed_1043"><value>42.57521019430903</value></Data><Data name="speed_limit_1043"><value>120</value></Data><Data name="speed_difference_1043"><value>-77.42478980569098</value></Data><Data name="speed_1044"><value>112.88126772218405</value></Data><Data name="speed_limit_1044"><value>120</value></Data><Data name="speed_difference_1044"><value>-7.118732277815951</value></Data><Data name="speed_1045"><value>65.51946136865487</value></Data><Data name="speed_limit_1045"><value>120</value></Data><Data name="speed_difference_1045"><value>-54.48053863134513</value></Data><Data name="speed_1046"><value>114.41340015867038</value></Data><Data name="speed_limit_1046"><value>120</value></Data><Data name="speed_difference_1046"><value>-5.586599841329615</value></Data><Data name="speed_1047"><value>114.24382373764102</value></Data><Data name="speed_limit_1047"><value>120</value></Data><Data name="speed_difference_1047"><value>-5.756176262358977</value></Data><Data name="speed_1048"><value>92.24834183556275</value></Data><Data name="speed_limit_1048"><value>90</value></Data><Data name="speed_difference_1048"><value>2.248341835562755</value></Data><Data name="speed_1049"><value>41.96846371052615</value></Data><Data name="speed_limit_1049"><value>90</value></Data><Data name="speed_difference_1049"><value>-48.03153628947385</value></Data><Data name="speed_1050"><value>42.23024715366061</value></Data><Data name="speed_limit_1050"><value>90</value></Data><Data name="speed_difference_1050"><value>-47.76975284633939</value></Data><Data name="speed_1051"><value>43.48602261320858</value></Data><Data name="speed_limit_1051"><value>90</value></Data><Data name="speed_difference_1051"><value>-46.51397738679142</value></Data><Data name="speed_1052"><value>65.44895442365998</value></Data><Data name="speed_limit_1052"><value>90</value></Data><Data name="speed_difference_1052"><value>-24.551045576340016</value></Data><Data name="speed_1053"><value>42.63142573217089</value></Data><Data name="speed_limit_1053"><value>90</value></Data><Data name="speed_difference_1053"><value>-47.36857426782911</value></Data><Data name="speed_1054"><value>43.64836314331662</value></Data><Data name="speed_limit_1054"><value>90</value></Data><Data name="speed_difference_1054"><value>-46.35163685668338</value></Data><Data name="speed_1055"><value>45.70247941921086</value></Data><Data name="speed_limit_1055"><value>90</value></Data><Data name="speed_difference_1055"><value>-44.29752058078914</value></Data><Data name="speed_1056"><value>106.7518101701625</value></Data><Data name="speed_limit_1056"><value>90</value></Data><Data name="speed_difference_1056"><value>16.7518101701625</value></Data><Data name="speed_1057"><value>102.19006906347389</value></Data><Data name="speed_limit_1057"><value>120</value></Data><Data name="speed_difference_1057"><value>-17.809930936526115</value></Data><Data name="speed_1058"><value>95.70747765255948</value></Data><Data name="speed_limit_1058"><value>120</value></Data><Data name="speed_difference_1058"><value>-24.292522347440524</value></Data><Data name="speed_1059"><value>37.654993057234734</value></Data><Data name="speed_limit_1059"><value>120</value></Data><Data name="speed_difference_1059"><value>-82.34500694276527</value></Data><Data name="speed_1060"><value>102.91144160964242</value></Data><Data name="speed_limit_1060"><value>120</value></Data><Data name="speed_difference_1060"><value>-17.088558390357576</value></Data><Data name="speed_1061"><value>62.276131956112465</value></Data><Data name="speed_limit_1061"><value>120</value></Data><Data name="speed_difference_1061"><value>-57.723868043887535</value></Data><Data name="speed_1062"><value>105.09379425185807</value></Data><Data name="speed_limit_1062"><value>120</value></Data><Data name="speed_difference_1062"><value>-14.906205748141929</value></Data><Data name="speed_1063"><value>42.53947316448682</value></Data><Data name="speed_limit_1063"><value>120</value></Data><Data name="speed_difference_1063"><value>-77.46052683551318</value></Data><Data name="speed_1064"><value>44.753210230168065</value></Data><Data name="speed_limit_1064"><value>120</value></Data><Data name="speed_difference_1064"><value>-75.24678976983193</value></Data><Data name="speed_1065"><value>46.34548013248851</value></Data><Data name="speed_limit_1065"><value>120</value></Data><Data name="speed_difference_1065"><value>-73.65451986751148</value></Data><Data name="speed_1066"><value>44.528353944956734</value></Data><Data name="speed_limit_1066"><value>120</value></Data><Data name="speed_difference_1066"><value>-75.47164605504327</value></Data><Data name="speed_1067"><value>43.98872638268354</value></Data><Data name="speed_limit_1067"><value>120</value></Data><Data name="speed_difference_1067"><value>-76.01127361731646</value></Data><Data name="speed_1068"><value>109.89848278227215</value></Data><Data name="speed_limit_1068"><value>120</value></Data><Data name="speed_difference_1068"><value>-10.101517217727846</value></Data><Data name="speed_1069"><value>46.877116791425976</value></Data><Data name="speed_limit_1069"><value>120</value></Data><Data name="speed_difference_1069"><value>-73.12288320857402</value></Data><Data name="speed_1070"><value>115.74711479578936</value></Data><Data name="speed_limit_1070"><value>120</value></Data><Data name="speed_difference_1070"><value>-4.252885204210642</value></Data><Data name="speed_1071"><value>0.0</value></Data><Data name="speed_limit_1071"><value>120</value></Data><Data name="speed_difference_1071"><value>-120.0</value></Data><Data name="speed_1072"><value>64.62203785355325</value></Data><Data name="speed_limit_1072"><value>120</value></Data><Data name="speed_difference_1072"><value>-55.37796214644675</value></Data><Data name="speed_1073"><value>0.0</value></Data><Data name="speed_limit_1073"><value>120</value></Data><Data name="speed_difference_1073"><value>-120.0</value></Data><Data name="speed_1074"><value>113.73257071378659</value></Data><Data name="speed_limit_1074"><value>120</value></Data><Data name="speed_difference_1074"><value>-6.267429286213414</value></Data><Data name="speed_1075"><value>0.0</value></Data><Data name="speed_limit_1075"><value>120</value></Data><Data name="speed_difference_1075"><value>-120.0</value></Data><Data name="speed_1076"><value>114.20607112042678</value></Data><Data name="speed_limit_1076"><value>120</value></Data><Data name="speed_difference_1076"><value>-5.793928879573215</value></Data><Data name="speed_1077"><value>0.0</value></Data><Data name="speed_limit_1077"><value>120</value></Data><Data name="speed_difference_1077"><value>-120.0</value></Data><Data name="speed_1078"><value>107.5113870306606</value></Data><Data name="speed_limit_1078"><value>80</value></Data><Data name="speed_difference_1078"><value>27.5113870306606</value></Data><Data name="speed_1079"><value>0.0</value></Data><Data name="speed_limit_1079"><value>80</value></Data><Data name="speed_difference_1079"><value>-80.0</value></Data><Data name="speed_1080"><value>18.485527030965223</value></Data><Data name="speed_limit_1080"><value>80</value></Data><Data name="speed_difference_1080"><value>-61.51447296903478</value></Data><Data name="speed_1081"><value>0.0</value></Data><Data name="speed_limit_1081"><value>80</value></Data><Data name="speed_difference_1081"><value>-80.0</value></Data><Data name="speed_1082"><value>37.840511865935305</value></Data><Data name="speed_limit_1082"><value>80</value></Data><Data name="speed_difference_1082"><value>-42.159488134064695</value></Data><Data name="speed_1083"><value>0.0</value></Data><Data name="speed_limit_1083"><value>80</value></Data><Data name="speed_difference_1083"><value>-80.0</value></Data><Data name="speed_1084"><value>38.30155194069424</value></Data><Data name="speed_limit_1084"><value>80</value></Data><Data name="speed_difference_1084"><value>-41.69844805930576</value></Data><Data name="speed_1085"><value>0.0</value></Data><Data name="speed_limit_1085"><value>80</value></Data><Data name="speed_difference_1085"><value>-80.0</value></Data><Data name="speed_1086"><value>79.31399660358407</value></Data><Data name="speed_limit_1086"><value>80</value></Data><Data name="speed_difference_1086"><value>-0.6860033964159271</value></Data><Data name="speed_1087"><value>0.0</value></Data><Data name="speed_limit_1087"><value>120</value></Data><Data name="speed_difference_1087"><value>-120.0</value></Data><Data name="speed_1088"><value>62.445868174589215</value></Data><Data name="speed_limit_1088"><value>100</value></Data><Data name="speed_difference_1088"><value>-37.554131825410785</value></Data><Data name="speed_1089"><value>0.0</value></Data><Data name="speed_limit_1089"><value>100</value></Data><Data name="speed_difference_1089"><value>-100.0</value></Data><Data name="speed_1090"><value>43.745623728116506</value></Data><Data name="speed_limit_1090"><value>120</value></Data><Data name="speed_difference_1090"><value>-76.2543762718835</value></Data><Data name="speed_1091"><value>0.0</value></Data><Data name="speed_limit_1091"><value>120</value></Data><Data name="speed_difference_1091"><value>-120.0</value></Data><Data name="speed_1092"><value>66.00431123024148</value></Data><Data name="speed_limit_1092"><value>120</value></Data><Data name="speed_difference_1092"><value>-53.995688769758516</value></Data><Data name="speed_1093"><value>0.0</value></Data><Data name="speed_limit_1093"><value>120</value></Data><Data name="speed_difference_1093"><value>-120.0</value></Data><Data name="speed_1094"><value>44.63754348532665</value></Data><Data name="speed_limit_1094"><value>120</value></Data><Data name="speed_difference_1094"><value>-75.36245651467334</value></Data><Data name="speed_1095"><value>0.0</value></Data><Data name="speed_limit_1095"><value>120</value></Data><Data name="speed_difference_1095"><value>-120.0</value></Data><Data name="speed_1096"><value>0.0</value></Data><Data name="speed_limit_1096"><value>120</value></Data><Data name="speed_difference_1096"><value>-120.0</value></Data><Data name="speed_1097"><value>116.86664728761687</value></Data><Data name="speed_limit_1097"><value>120</value></Data><Data name="speed_difference_1097"><value>-3.133352712383129</value></Data><Data name="speed_1098"><value>0.0</value></Data><Data name="speed_limit_1098"><value>120</value></Data><Data name="speed_difference_1098"><value>-120.0</value></Data><Data name="speed_1099"><value>113.70535061190058</value></Data><Data name="speed_limit_1099"><value>120</value></Data><Data name="speed_difference_1099"><value>-6.294649388099415</value></Data><Data name="speed_1100"><value>0.0</value></Data><Data name="speed_limit_1100"><value>120</value></Data><Data name="speed_difference_1100"><value>-120.0</value></Data><Data name="speed_1101"><value>114.46022436559531</value></Data><Data name="speed_limit_1101"><value>120</value></Data><Data name="speed_difference_1101"><value>-5.539775634404691</value></Data><Data name="speed_1102"><value>0.0</value></Data><Data name="speed_limit_1102"><value>120</value></Data><Data name="speed_difference_1102"><value>-120.0</value></Data><Data name="speed_1103"><value>116.30312285822403</value></Data><Data name="speed_limit_1103"><value>120</value></Data><Data name="speed_difference_1103"><value>-3.696877141775971</value></Data><Data name="speed_1104"><value>0.0</value></Data><Data name="speed_limit_1104"><value>120</value></Data><Data name="speed_difference_1104"><value>-120.0</value></Data><Data name="speed_1105"><value>123.10355360257049</value></Data><Data name="speed_limit_1105"><value>120</value></Data><Data name="speed_difference_1105"><value>3.1035536025704857</value></Data><Data name="speed_1106"><value>0.0</value></Data><Data name="speed_limit_1106"><value>120</value></Data><Data name="speed_difference_1106"><value>-120.0</value></Data><Data name="speed_1107"><value>124.41806116792817</value></Data><Data name="speed_limit_1107"><value>120</value></Data><Data name="speed_difference_1107"><value>4.4180611679281725</value></Data><Data name="speed_1108"><value>0.0</value></Data><Data name="speed_limit_1108"><value>120</value></Data><Data name="speed_difference_1108"><value>-120.0</value></Data><Data name="speed_1109"><value>122.30483664847304</value></Data><Data name="speed_limit_1109"><value>120</value></Data><Data name="speed_difference_1109"><value>2.3048366484730423</value></Data><Data name="speed_1110"><value>0.0</value></Data><Data name="speed_limit_1110"><value>120</value></Data><Data name="speed_difference_1110"><value>-120.0</value></Data><Data name="speed_1111"><value>123.95209994728698</value></Data><Data name="speed_limit_1111"><value>120</value></Data><Data name="speed_difference_1111"><value>3.9520999472869818</value></Data><Data name="speed_1112"><value>0.0</value></Data><Data name="speed_limit_1112"><value>120</value></Data><Data name="speed_difference_1112"><value>-120.0</value></Data><Data name="speed_1113"><value>98.7855599930066</value></Data><Data name="speed_limit_1113"><value>120</value></Data><Data name="speed_difference_1113"><value>-21.2144400069934</value></Data><Data name="speed_1114"><value>0.0</value></Data><Data name="speed_limit_1114"><value>120</value></Data><Data name="speed_difference_1114"><value>-120.0</value></Data><Data name="speed_1115"><value>71.9965957580165</value></Data><Data name="speed_limit_1115"><value>120</value></Data><Data name="speed_difference_1115"><value>-48.0034042419835</value></Data><Data name="speed_1116"><value>0.0</value></Data><Data name="speed_limit_1116"><value>120</value></Data><Data name="speed_difference_1116"><value>-120.0</value></Data><Data name="speed_1117"><value>93.14670426838174</value></Data><Data name="speed_limit_1117"><value>120</value></Data><Data name="speed_difference_1117"><value>-26.85329573161826</value></Data><Data name="speed_1118"><value>0.0</value></Data><Data name="speed_limit_1118"><value>120</value></Data><Data name="speed_difference_1118"><value>-120.0</value></Data><Data name="speed_1119"><value>100.14849001743035</value></Data><Data name="speed_limit_1119"><value>120</value></Data><Data name="speed_difference_1119"><value>-19.851509982569652</value></Data><Data name="speed_1120"><value>0.0</value></Data><Data name="speed_limit_1120"><value>100</value></Data><Data name="speed_difference_1120"><value>-100.0</value></Data><Data name="speed_1121"><value>77.14833902646744</value></Data><Data name="speed_limit_1121"><value>100</value></Data><Data name="speed_difference_1121"><value>-22.85166097353256</value></Data><Data name="speed_1122"><value>0.0</value></Data><Data name="speed_limit_1122"><value>100</value></Data><Data name="speed_difference_1122"><value>-100.0</value></Data><Data name="speed_1123"><value>130.5145988833933</value></Data><Data name="speed_limit_1123"><value>120</value></Data><Data name="speed_difference_1123"><value>10.51459888339329</value></Data><Data name="speed_1124"><value>0.0</value></Data><Data name="speed_limit_1124"><value>120</value></Data><Data name="speed_difference_1124"><value>-120.0</value></Data><Data name="speed_1125"><value>128.81052190248369</value></Data><Data name="speed_limit_1125"><value>120</value></Data><Data name="speed_difference_1125"><value>8.810521902483686</value></Data><Data name="speed_1126"><value>0.0</value></Data><Data name="speed_limit_1126"><value>120</value></Data><Data name="speed_difference_1126"><value>-120.0</value></Data><Data name="speed_1127"><value>130.142614106921</value></Data><Data name="speed_limit_1127"><value>120</value></Data><Data name="speed_difference_1127"><value>10.142614106921002</value></Data><Data name="speed_1128"><value>0.0</value></Data><Data name="speed_limit_1128"><value>120</value></Data><Data name="speed_difference_1128"><value>-120.0</value></Data><Data name="speed_1129"><value>137.99964556951457</value></Data><Data name="speed_limit_1129"><value>120</value></Data><Data name="speed_difference_1129"><value>17.99964556951457</value></Data><Data name="speed_1130"><value>0.0</value></Data><Data name="speed_limit_1130"><value>120</value></Data><Data name="speed_difference_1130"><value>-120.0</value></Data><Data name="speed_1131"><value>100.41397154003401</value></Data><Data name="speed_limit_1131"><value>120</value></Data><Data name="speed_difference_1131"><value>-19.586028459965988</value></Data><Data name="speed_1132"><value>0.0</value></Data><Data name="speed_limit_1132"><value>120</value></Data><Data name="speed_difference_1132"><value>-120.0</value></Data><Data name="speed_1133"><value>108.14655107083777</value></Data><Data name="speed_limit_1133"><value>120</value></Data><Data name="speed_difference_1133"><value>-11.853448929162226</value></Data><Data name="speed_1134"><value>0.0</value></Data><Data name="speed_limit_1134"><value>120</value></Data><Data name="speed_difference_1134"><value>-120.0</value></Data><Data name="speed_1135"><value>111.24135173579612</value></Data><Data name="speed_limit_1135"><value>120</value></Data><Data name="speed_difference_1135"><value>-8.758648264203885</value></Data><Data name="speed_1136"><value>0.0</value></Data><Data name="speed_limit_1136"><value>100</value></Data><Data name="speed_difference_1136"><value>-100.0</value></Data><Data name="speed_1137"><value>92.5816628822887</value></Data><Data name="speed_limit_1137"><value>100</value></Data><Data name="speed_difference_1137"><value>-7.418337117711303</value></Data><Data name="speed_1138"><value>0.0</value></Data><Data name="speed_limit_1138"><value>100</value></Data><Data name="speed_difference_1138"><value>-100.0</value></Data><Data name="speed_1139"><value>100.45209695743641</value></Data><Data name="speed_limit_1139"><value>100</value></Data><Data name="speed_difference_1139"><value>0.4520969574364102</value></Data><Data name="speed_1140"><value>0.0</value></Data><Data name="speed_limit_1140"><value>100</value></Data><Data name="speed_difference_1140"><value>-100.0</value></Data><Data name="speed_1141"><value>96.75400649752262</value></Data><Data name="speed_limit_1141"><value>100</value></Data><Data name="speed_difference_1141"><value>-3.2459935024773756</value></Data><Data name="speed_1142"><value>0.0</value></Data><Data name="speed_limit_1142"><value>100</value></Data><Data name="speed_difference_1142"><value>-100.0</value></Data><Data name="speed_1143"><value>0.0</value></Data><Data name="speed_limit_1143"><value>100</value></Data><Data name="speed_difference_1143"><value>-100.0</value></Data><Data name="speed_1144"><value>0.0</value></Data><Data name="speed_limit_1144"><value>100</value></Data><Data name="speed_difference_1144"><value>-100.0</value></Data><Data name="speed_1145"><value>0.0</value></Data><Data name="speed_limit_1145"><value>100</value></Data><Data name="speed_difference_1145"><value>-100.0</value></Data><Data name="speed_1146"><value>0.0</value></Data><Data name="speed_limit_1146"><value>100</value></Data><Data name="speed_difference_1146"><value>-100.0</value></Data><Data name="speed_1147"><value>0.0</value></Data><Data name="speed_limit_1147"><value>100</value></Data><Data name="speed_difference_1147"><value>-100.0</value></Data><Data name="speed_1148"><value>0.0</value></Data><Data name="speed_limit_1148"><value>100</value></Data><Data name="speed_difference_1148"><value>-100.0</value></Data><Data name="speed_1149"><value>0.0</value></Data><Data name="speed_limit_1149"><value>100</value></Data><Data name="speed_difference_1149"><value>-100.0</value></Data><Data name="speed_1150"><value>870.5222223021365</value></Data><Data name="speed_limit_1150"><value>120</value></Data><Data name="speed_difference_1150"><value>750.5222223021365</value></Data><Data name="speed_1151"><value>0.0</value></Data><Data name="speed_limit_1151"><value>120</value></Data><Data name="speed_difference_1151"><value>-120.0</value></Data><Data name="speed_1152"><value>0.0</value></Data><Data name="speed_limit_1152"><value>120</value></Data><Data name="speed_difference_1152"><value>-120.0</value></Data><Data name="speed_1153"><value>123.06211873797605</value></Data><Data name="speed_limit_1153"><value>120</value></Data><Data name="speed_difference_1153"><value>3.06211873797605</value></Data><Data name="speed_1154"><value>0.0</value></Data><Data name="speed_limit_1154"><value>120</value></Data><Data name="speed_difference_1154"><value>-120.0</value></Data><Data name="speed_1155"><value>114.986739638338</value></Data><Data name="speed_limit_1155"><value>120</value></Data><Data name="speed_difference_1155"><value>-5.013260361662006</value></Data><Data name="speed_1156"><value>0.0</value></Data><Data name="speed_limit_1156"><value>120</value></Data><Data name="speed_difference_1156"><value>-120.0</value></Data><Data name="speed_1157"><value>107.26687604123144</value></Data><Data name="speed_limit_1157"><value>120</value></Data><Data name="speed_difference_1157"><value>-12.733123958768559</value></Data><Data name="speed_1158"><value>0.0</value></Data><Data name="speed_limit_1158"><value>120</value></Data><Data name="speed_difference_1158"><value>-120.0</value></Data><Data name="speed_1159"><value>100.18071294646055</value></Data><Data name="speed_limit_1159"><value>120</value></Data><Data name="speed_difference_1159"><value>-19.819287053539455</value></Data><Data name="speed_1160"><value>0.0</value></Data><Data name="speed_limit_1160"><value>120</value></Data><Data name="speed_difference_1160"><value>-120.0</value></Data><Data name="speed_1161"><value>99.69588889073725</value></Data><Data name="speed_limit_1161"><value>120</value></Data><Data name="speed_difference_1161"><value>-20.30411110926275</value></Data><Data name="speed_1162"><value>0.0</value></Data><Data name="speed_limit_1162"><value>120</value></Data><Data name="speed_difference_1162"><value>-120.0</value></Data><Data name="speed_1163"><value>98.34739418321769</value></Data><Data name="speed_limit_1163"><value>120</value></Data><Data name="speed_difference_1163"><value>-21.652605816782312</value></Data><Data name="speed_1164"><value>0.0</value></Data><Data name="speed_limit_1164"><value>120</value></Data><Data name="speed_difference_1164"><value>-120.0</value></Data><Data name="speed_1165"><value>108.47467955904109</value></Data><Data name="speed_limit_1165"><value>120</value></Data><Data name="speed_difference_1165"><value>-11.525320440958907</value></Data><Data name="speed_1166"><value>0.0</value></Data><Data name="speed_limit_1166"><value>120</value></Data><Data name="speed_difference_1166"><value>-120.0</value></Data><Data name="speed_1167"><value>107.65244237239938</value></Data><Data name="speed_limit_1167"><value>120</value></Data><Data name="speed_difference_1167"><value>-12.347557627600622</value></Data><Data name="speed_1168"><value>0.0</value></Data><Data name="speed_limit_1168"><value>120</value></Data><Data name="speed_difference_1168"><value>-120.0</value></Data><Data name="speed_1169"><value>100.63834785176118</value></Data><Data name="speed_limit_1169"><value>120</value></Data><Data name="speed_difference_1169"><value>-19.361652148238818</value></Data><Data name="speed_1170"><value>0.0</value></Data><Data name="speed_limit_1170"><value>120</value></Data><Data name="speed_difference_1170"><value>-120.0</value></Data><Data name="speed_1171"><value>110.54992429793027</value></Data><Data name="speed_limit_1171"><value>120</value></Data><Data name="speed_difference_1171"><value>-9.450075702069725</value></Data><Data name="speed_1172"><value>0.0</value></Data><Data name="speed_limit_1172"><value>120</value></Data><Data name="speed_difference_1172"><value>-120.0</value></Data><Data name="speed_1173"><value>110.63587885951586</value></Data><Data name="speed_limit_1173"><value>120</value></Data><Data name="speed_difference_1173"><value>-9.364121140484144</value></Data><Data name="speed_1174"><value>0.0</value></Data><Data name="speed_limit_1174"><value>120</value></Data><Data name="speed_difference_1174"><value>-120.0</value></Data><Data name="speed_1175"><value>108.32903025808403</value></Data><Data name="speed_limit_1175"><value>120</value></Data><Data name="speed_difference_1175"><value>-11.670969741915968</value></Data><Data name="speed_1176"><value>0.0</value></Data><Data name="speed_limit_1176"><value>120</value></Data><Data name="speed_difference_1176"><value>-120.0</value></Data><Data name="speed_1177"><value>109.45522347159759</value></Data><Data name="speed_limit_1177"><value>120</value></Data><Data name="speed_difference_1177"><value>-10.544776528402409</value></Data><Data name="speed_1178"><value>0.0</value></Data><Data name="speed_limit_1178"><value>120</value></Data><Data name="speed_difference_1178"><value>-120.0</value></Data><Data name="speed_1179"><value>0.0</value></Data><Data name="speed_limit_1179"><value>120</value></Data><Data name="speed_difference_1179"><value>-120.0</value></Data><Data name="speed_1180"><value>127.463565066892</value></Data><Data name="speed_limit_1180"><value>120</value></Data><Data name="speed_difference_1180"><value>7.463565066892002</value></Data><Data name="speed_1181"><value>99.47693339344295</value></Data><Data name="speed_limit_1181"><value>120</value></Data><Data name="speed_difference_1181"><value>-20.52306660655705</value></Data><Data name="speed_1182"><value>70.80514060900326</value></Data><Data name="speed_limit_1182"><value>120</value></Data><Data name="speed_difference_1182"><value>-49.19485939099674</value></Data><Data name="speed_1183"><value>45.742341251381994</value></Data><Data name="speed_limit_1183"><value>120</value></Data><Data name="speed_difference_1183"><value>-74.25765874861801</value></Data><Data name="speed_1184"><value>45.1938328791622</value></Data><Data name="speed_limit_1184"><value>120</value></Data><Data name="speed_difference_1184"><value>-74.8061671208378</value></Data><Data name="speed_1185"><value>110.52332449366885</value></Data><Data name="speed_limit_1185"><value>120</value></Data><Data name="speed_difference_1185"><value>-9.476675506331148</value></Data><Data name="speed_1186"><value>0.0</value></Data><Data name="speed_limit_1186"><value>120</value></Data><Data name="speed_difference_1186"><value>-120.0</value></Data><Data name="speed_1187"><value>103.97490805765686</value></Data><Data name="speed_limit_1187"><value>120</value></Data><Data name="speed_difference_1187"><value>-16.02509194234314</value></Data><Data name="speed_1188"><value>40.105733301782124</value></Data><Data name="speed_limit_1188"><value>120</value></Data><Data name="speed_difference_1188"><value>-79.89426669821788</value></Data><Data name="speed_1189"><value>0.0</value></Data><Data name="speed_limit_1189"><value>120</value></Data><Data name="speed_difference_1189"><value>-120.0</value></Data><Data name="speed_1190"><value>39.407891032522336</value></Data><Data name="speed_limit_1190"><value>100</value></Data><Data name="speed_difference_1190"><value>-60.592108967477664</value></Data><Data name="speed_1191"><value>91.46082041063327</value></Data><Data name="speed_limit_1191"><value>100</value></Data><Data name="speed_difference_1191"><value>-8.539179589366725</value></Data><Data name="speed_1192"><value>27.42384602332001</value></Data><Data name="speed_limit_1192"><value>60</value></Data><Data name="speed_difference_1192"><value>-32.57615397667999</value></Data><Data name="speed_1193"><value>12.804598853922082</value></Data><Data name="speed_limit_1193"><value>50</value></Data><Data name="speed_difference_1193"><value>-37.19540114607792</value></Data><Data name="speed_1194"><value>12.619390449691075</value></Data><Data name="speed_limit_1194"><value>50</value></Data><Data name="speed_difference_1194"><value>-37.380609550308925</value></Data><Data name="speed_1195"><value>48.19484736819202</value></Data><Data name="speed_limit_1195"><value>60</value></Data><Data name="speed_difference_1195"><value>-11.805152631807978</value></Data><Data name="speed_1196"><value>11.867513545161765</value></Data><Data name="speed_limit_1196"><value>50</value></Data><Data name="speed_difference_1196"><value>-38.13248645483824</value></Data><Data name="speed_1197"><value>12.444284831049014</value></Data><Data name="speed_limit_1197"><value>50</value></Data><Data name="speed_difference_1197"><value>-37.55571516895098</value></Data><Data name="speed_1198"><value>13.349327583107561</value></Data><Data name="speed_limit_1198"><value>50</value></Data><Data name="speed_difference_1198"><value>-36.65067241689244</value></Data><Data name="speed_1199"><value>82.97872182382211</value></Data><Data name="speed_limit_1199"><value>60</value></Data><Data name="speed_difference_1199"><value>22.978721823822113</value></Data><Data name="speed_1200"><value>93.4582986484775</value></Data><Data name="speed_limit_1200"><value>100</value></Data><Data name="speed_difference_1200"><value>-6.541701351522505</value></Data><Data name="speed_1201"><value>63.058859094246</value></Data><Data name="speed_limit_1201"><value>100</value></Data><Data name="speed_difference_1201"><value>-36.941140905754</value></Data><Data name="speed_1202"><value>12.769038854057438</value></Data><Data name="speed_limit_1202"><value>100</value></Data><Data name="speed_difference_1202"><value>-87.23096114594256</value></Data><Data name="speed_1203"><value>12.148307312074667</value></Data><Data name="speed_limit_1203"><value>100</value></Data><Data name="speed_difference_1203"><value>-87.85169268792534</value></Data><Data name="speed_1204"><value>11.733417028725444</value></Data><Data name="speed_limit_1204"><value>100</value></Data><Data name="speed_difference_1204"><value>-88.26658297127456</value></Data><Data name="speed_1205"><value>11.998046408421176</value></Data><Data name="speed_limit_1205"><value>100</value></Data><Data name="speed_difference_1205"><value>-88.00195359157883</value></Data><Data name="speed_1206"><value>13.041484331708675</value></Data><Data name="speed_limit_1206"><value>60</value></Data><Data name="speed_difference_1206"><value>-46.95851566829133</value></Data><Data name="speed_1207"><value>14.591182735028319</value></Data><Data name="speed_limit_1207"><value>60</value></Data><Data name="speed_difference_1207"><value>-45.40881726497168</value></Data><Data name="speed_1208"><value>44.326468681442506</value></Data><Data name="speed_limit_1208"><value>60</value></Data><Data name="speed_difference_1208"><value>-15.673531318557494</value></Data><Data name="speed_1209"><value>43.5879888518824</value></Data><Data name="speed_limit_1209"><value>60</value></Data><Data name="speed_difference_1209"><value>-16.4120111481176</value></Data><Data name="speed_1210"><value>11.056592163620678</value></Data><Data name="speed_limit_1210"><value>80</value></Data><Data name="speed_difference_1210"><value>-68.94340783637932</value></Data><Data name="speed_1211"><value>10.454451233330918</value></Data><Data name="speed_limit_1211"><value>80</value></Data><Data name="speed_difference_1211"><value>-69.54554876666909</value></Data><Data name="speed_1212"><value>10.44184421493951</value></Data><Data name="speed_limit_1212"><value>80</value></Data><Data name="speed_difference_1212"><value>-69.55815578506049</value></Data><Data name="speed_1213"><value>11.016182936726423</value></Data><Data name="speed_limit_1213"><value>80</value></Data><Data name="speed_difference_1213"><value>-68.98381706327358</value></Data><Data name="speed_1214"><value>11.179806456104036</value></Data><Data name="speed_limit_1214"><value>80</value></Data><Data name="speed_difference_1214"><value>-68.82019354389597</value></Data><Data name="speed_1215"><value>11.508383460517905</value></Data><Data name="speed_limit_1215"><value>80</value></Data><Data name="speed_difference_1215"><value>-68.4916165394821</value></Data><Data name="speed_1216"><value>11.798822872408223</value></Data><Data name="speed_limit_1216"><value>80</value></Data><Data name="speed_difference_1216"><value>-68.20117712759178</value></Data><Data name="speed_1217"><value>28.254091088751167</value></Data><Data name="speed_limit_1217"><value>80</value></Data><Data name="speed_difference_1217"><value>-51.74590891124883</value></Data><Data name="speed_1218"><value>52.087454972262975</value></Data><Data name="speed_limit_1218"><value>60</value></Data><Data name="speed_difference_1218"><value>-7.912545027737025</value></Data><Data name="speed_1219"><value>15.820351342108864</value></Data><Data name="speed_limit_1219"><value>60</value></Data><Data name="speed_difference_1219"><value>-44.179648657891136</value></Data><Data name="speed_1220"><value>0.0</value></Data><Data name="speed_limit_1220"><value>60</value></Data><Data name="speed_difference_1220"><value>-60.0</value></Data><Data name="speed_1221"><value>15.771274567235507</value></Data><Data name="speed_limit_1221"><value>80</value></Data><Data name="speed_difference_1221"><value>-64.22872543276449</value></Data><Data name="speed_1222"><value>16.378250958739816</value></Data><Data name="speed_limit_1222"><value>80</value></Data><Data name="speed_difference_1222"><value>-63.62174904126019</value></Data><Data name="speed_1223"><value>17.61158341637268</value></Data><Data name="speed_limit_1223"><value>80</value></Data><Data name="speed_difference_1223"><value>-62.38841658362732</value></Data><Data name="speed_1224"><value>102.67883742811921</value></Data><Data name="speed_limit_1224"><value>100</value></Data><Data name="speed_difference_1224"><value>2.678837428119209</value></Data><Data name="speed_1225"><value>91.53946495914897</value></Data><Data name="speed_limit_1225"><value>100</value></Data><Data name="speed_difference_1225"><value>-8.460535040851028</value></Data><Data name="speed_1226"><value>29.780767089586597</value></Data><Data name="speed_limit_1226"><value>70</value></Data><Data name="speed_difference_1226"><value>-40.2192329104134</value></Data><Data name="speed_1227"><value>15.36421812839648</value></Data><Data name="speed_limit_1227"><value>70</value></Data><Data name="speed_difference_1227"><value>-54.63578187160352</value></Data><Data name="speed_1228"><value>15.832787112047</value></Data><Data name="speed_limit_1228"><value>70</value></Data><Data name="speed_difference_1228"><value>-54.167212887953</value></Data><Data name="speed_1229"><value>76.72536955807699</value></Data><Data name="speed_limit_1229"><value>50</value></Data><Data name="speed_difference_1229"><value>26.72536955807699</value></Data><Data name="speed_1230"><value>31.837747489052337</value></Data><Data name="speed_limit_1230"><value>70</value></Data><Data name="speed_difference_1230"><value>-38.16225251094767</value></Data><Data name="speed_1231"><value>83.01957448140648</value></Data><Data name="speed_limit_1231"><value>100</value></Data><Data name="speed_difference_1231"><value>-16.98042551859352</value></Data><Data name="speed_1232"><value>39.05023595986865</value></Data><Data name="speed_limit_1232"><value>70</value></Data><Data name="speed_difference_1232"><value>-30.94976404013135</value></Data><Data name="speed_1233"><value>11.631061424827355</value></Data><Data name="speed_limit_1233"><value>70</value></Data><Data name="speed_difference_1233"><value>-58.36893857517265</value></Data><Data name="speed_1234"><value>12.66780404954479</value></Data><Data name="speed_limit_1234"><value>70</value></Data><Data name="speed_difference_1234"><value>-57.33219595045521</value></Data><Data name="speed_1235"><value>15.042443124743953</value></Data><Data name="speed_limit_1235"><value>70</value></Data><Data name="speed_difference_1235"><value>-54.957556875256046</value></Data><Data name="speed_1236"><value>100.65535141098623</value></Data><Data name="speed_limit_1236"><value>70</value></Data><Data name="speed_difference_1236"><value>30.655351410986228</value></Data><Data name="speed_1237"><value>115.93198674594645</value></Data><Data name="speed_limit_1237"><value>100</value></Data><Data name="speed_difference_1237"><value>15.931986745946446</value></Data><Data name="speed_1238"><value>109.38481745205118</value></Data><Data name="speed_limit_1238"><value>100</value></Data><Data name="speed_difference_1238"><value>9.38481745205118</value></Data><Data name="speed_1239"><value>103.22447204745191</value></Data><Data name="speed_limit_1239"><value>100</value></Data><Data name="speed_difference_1239"><value>3.2244720474519113</value></Data><Data name="speed_1240"><value>97.17030761936417</value></Data><Data name="speed_limit_1240"><value>100</value></Data><Data name="speed_difference_1240"><value>-2.8296923806358336</value></Data><Data name="speed_1241"><value>71.52741245255878</value></Data><Data name="speed_limit_1241"><value>100</value></Data><Data name="speed_difference_1241"><value>-28.472587547441222</value></Data><Data name="speed_1242"><value>55.171979483584934</value></Data><Data name="speed_limit_1242"><value>100</value></Data><Data name="speed_difference_1242"><value>-44.828020516415066</value></Data><Data name="speed_1243"><value>58.77112364686973</value></Data><Data name="speed_limit_1243"><value>100</value></Data><Data name="speed_difference_1243"><value>-41.22887635313027</value></Data><Data name="speed_1244"><value>65.46313861139068</value></Data><Data name="speed_limit_1244"><value>100</value></Data><Data name="speed_difference_1244"><value>-34.536861388609324</value></Data><Data name="speed_1245"><value>71.59490903121379</value></Data><Data name="speed_limit_1245"><value>100</value></Data><Data name="speed_difference_1245"><value>-28.40509096878621</value></Data><Data name="speed_1246"><value>49.18362130880324</value></Data><Data name="speed_limit_1246"><value>100</value></Data><Data name="speed_difference_1246"><value>-50.81637869119676</value></Data><Data name="speed_1247"><value>76.92355657690655</value></Data><Data name="speed_limit_1247"><value>100</value></Data><Data name="speed_difference_1247"><value>-23.07644342309345</value></Data><Data name="speed_1248"><value>53.41823439476742</value></Data><Data name="speed_limit_1248"><value>100</value></Data><Data name="speed_difference_1248"><value>-46.58176560523258</value></Data><Data name="speed_1249"><value>54.12975291522613</value></Data><Data name="speed_limit_1249"><value>100</value></Data><Data name="speed_difference_1249"><value>-45.87024708477387</value></Data><Data name="speed_1250"><value>128.24426669932973</value></Data><Data name="speed_limit_1250"><value>100</value></Data><Data name="speed_difference_1250"><value>28.244266699329728</value></Data><Data name="speed_1251"><value>67.64100236999685</value></Data><Data name="speed_limit_1251"><value>100</value></Data><Data name="speed_difference_1251"><value>-32.358997630003145</value></Data><Data name="speed_1252"><value>0.0</value></Data><Data name="speed_limit_1252"><value>100</value></Data><Data name="speed_difference_1252"><value>-100.0</value></Data><Data name="speed_1253"><value>108.89876221134662</value></Data><Data name="speed_limit_1253"><value>100</value></Data><Data name="speed_difference_1253"><value>8.898762211346622</value></Data><Data name="speed_1254"><value>104.17844535439296</value></Data><Data name="speed_limit_1254"><value>100</value></Data><Data name="speed_difference_1254"><value>4.178445354392963</value></Data><Data name="speed_1255"><value>78.8222768299063</value></Data><Data name="speed_limit_1255"><value>100</value></Data><Data name="speed_difference_1255"><value>-21.1777231700937</value></Data><Data name="speed_1256"><value>60.97066693123613</value></Data><Data name="speed_limit_1256"><value>100</value></Data><Data name="speed_difference_1256"><value>-39.02933306876387</value></Data><Data name="speed_1257"><value>114.45849737399806</value></Data><Data name="speed_limit_1257"><value>100</value></Data><Data name="speed_difference_1257"><value>14.458497373998057</value></Data><Data name="speed_1258"><value>111.45710844663658</value></Data><Data name="speed_limit_1258"><value>100</value></Data><Data name="speed_difference_1258"><value>11.457108446636582</value></Data><Data name="speed_1259"><value>67.2168684889881</value></Data><Data name="speed_limit_1259"><value>100</value></Data><Data name="speed_difference_1259"><value>-32.7831315110119</value></Data><Data name="speed_1260"><value>95.90856236219682</value></Data><Data name="speed_limit_1260"><value>100</value></Data><Data name="speed_difference_1260"><value>-4.091437637803182</value></Data><Data name="speed_1261"><value>115.67209956186268</value></Data><Data name="speed_limit_1261"><value>100</value></Data><Data name="speed_difference_1261"><value>15.67209956186268</value></Data><Data name="speed_1262"><value>115.5306831074464</value></Data><Data name="speed_limit_1262"><value>100</value></Data><Data name="speed_difference_1262"><value>15.530683107446393</value></Data><Data name="speed_1263"><value>112.5828449924716</value></Data><Data name="speed_limit_1263"><value>100</value></Data><Data name="speed_difference_1263"><value>12.582844992471607</value></Data><Data name="speed_1264"><value>115.53356813713602</value></Data><Data name="speed_limit_1264"><value>100</value></Data><Data name="speed_difference_1264"><value>15.533568137136015</value></Data><Data name="speed_1265"><value>72.00977990064305</value></Data><Data name="speed_limit_1265"><value>100</value></Data><Data name="speed_difference_1265"><value>-27.990220099356947</value></Data><Data name="speed_1266"><value>0.0</value></Data><Data name="speed_limit_1266"><value>100</value></Data><Data name="speed_difference_1266"><value>-100.0</value></Data><Data name="speed_1267"><value>76.70086704302773</value></Data><Data name="speed_limit_1267"><value>100</value></Data><Data name="speed_difference_1267"><value>-23.299132956972272</value></Data><Data name="speed_1268"><value>77.05000241194374</value></Data><Data name="speed_limit_1268"><value>100</value></Data><Data name="speed_difference_1268"><value>-22.949997588056263</value></Data><Data name="speed_1269"><value>127.43754286507605</value></Data><Data name="speed_limit_1269"><value>100</value></Data><Data name="speed_difference_1269"><value>27.437542865076054</value></Data><Data name="speed_1270"><value>120.76106230377148</value></Data><Data name="speed_limit_1270"><value>100</value></Data><Data name="speed_difference_1270"><value>20.76106230377148</value></Data><Data name="speed_1271"><value>127.11796248955666</value></Data><Data name="speed_limit_1271"><value>100</value></Data><Data name="speed_difference_1271"><value>27.11796248955666</value></Data><Data name="speed_1272"><value>89.55468315765627</value></Data><Data name="speed_limit_1272"><value>100</value></Data><Data name="speed_difference_1272"><value>-10.445316842343729</value></Data><Data name="speed_1273"><value>109.83071831496545</value></Data><Data name="speed_limit_1273"><value>100</value></Data><Data name="speed_difference_1273"><value>9.830718314965452</value></Data><Data name="speed_1274"><value>79.92662413950606</value></Data><Data name="speed_limit_1274"><value>100</value></Data><Data name="speed_difference_1274"><value>-20.07337586049394</value></Data><Data name="speed_1275"><value>74.45937278122108</value></Data><Data name="speed_limit_1275"><value>100</value></Data><Data name="speed_difference_1275"><value>-25.540627218778923</value></Data><Data name="speed_1276"><value>82.04123204278025</value></Data><Data name="speed_limit_1276"><value>100</value></Data><Data name="speed_difference_1276"><value>-17.95876795721975</value></Data><Data name="speed_1277"><value>86.76459242830558</value></Data><Data name="speed_limit_1277"><value>100</value></Data><Data name="speed_difference_1277"><value>-13.235407571694424</value></Data><Data name="speed_1278"><value>137.92345391920867</value></Data><Data name="speed_limit_1278"><value>100</value></Data><Data name="speed_difference_1278"><value>37.92345391920867</value></Data><Data name="speed_1279"><value>82.7558601059409</value></Data><Data name="speed_limit_1279"><value>100</value></Data><Data name="speed_difference_1279"><value>-17.244139894059103</value></Data><Data name="speed_1280"><value>82.93302351934673</value></Data><Data name="speed_limit_1280"><value>100</value></Data><Data name="speed_difference_1280"><value>-17.066976480653267</value></Data><Data name="speed_1281"><value>85.64250319818379</value></Data><Data name="speed_limit_1281"><value>100</value></Data><Data name="speed_difference_1281"><value>-14.357496801816211</value></Data><Data name="speed_1282"><value>114.1342632718905</value></Data><Data name="speed_limit_1282"><value>100</value></Data><Data name="speed_difference_1282"><value>14.134263271890504</value></Data><Data name="speed_1283"><value>132.2133214425922</value></Data><Data name="speed_limit_1283"><value>100</value></Data><Data name="speed_difference_1283"><value>32.21332144259219</value></Data><Data name="speed_1284"><value>130.56405348443428</value></Data><Data name="speed_limit_1284"><value>100</value></Data><Data name="speed_difference_1284"><value>30.564053484434282</value></Data><Data name="speed_1285"><value>77.95679859513035</value></Data><Data name="speed_limit_1285"><value>100</value></Data><Data name="speed_difference_1285"><value>-22.04320140486965</value></Data><Data name="speed_1286"><value>101.27818157308957</value></Data><Data name="speed_limit_1286"><value>100</value></Data><Data name="speed_difference_1286"><value>1.2781815730895687</value></Data><Data name="speed_1287"><value>126.88252809095725</value></Data><Data name="speed_limit_1287"><value>100</value></Data><Data name="speed_difference_1287"><value>26.88252809095725</value></Data><Data name="speed_1288"><value>114.6306704891022</value></Data><Data name="speed_limit_1288"><value>100</value></Data><Data name="speed_difference_1288"><value>14.6306704891022</value></Data><Data name="speed_1289"><value>86.669382303256</value></Data><Data name="speed_limit_1289"><value>100</value></Data><Data name="speed_difference_1289"><value>-13.330617696744</value></Data><Data name="speed_1290"><value>0.0</value></Data><Data name="speed_limit_1290"><value>100</value></Data><Data name="speed_difference_1290"><value>-100.0</value></Data><Data name="speed_1291"><value>86.42048718361707</value></Data><Data name="speed_limit_1291"><value>100</value></Data><Data name="speed_difference_1291"><value>-13.57951281638293</value></Data><Data name="speed_1292"><value>87.76854194078717</value></Data><Data name="speed_limit_1292"><value>100</value></Data><Data name="speed_difference_1292"><value>-12.231458059212827</value></Data><Data name="speed_1293"><value>81.16807932023933</value></Data><Data name="speed_limit_1293"><value>100</value></Data><Data name="speed_difference_1293"><value>-18.83192067976067</value></Data><Data name="speed_1294"><value>95.71784260118625</value></Data><Data name="speed_limit_1294"><value>70</value></Data><Data name="speed_difference_1294"><value>25.71784260118625</value></Data><Data name="speed_1295"><value>93.12347352591779</value></Data><Data name="speed_limit_1295"><value>70</value></Data><Data name="speed_difference_1295"><value>23.123473525917788</value></Data><Data name="speed_1296"><value>66.64059285664163</value></Data><Data name="speed_limit_1296"><value>70</value></Data><Data name="speed_difference_1296"><value>-3.359407143358368</value></Data><Data name="speed_1297"><value>28.164261849748044</value></Data><Data name="speed_limit_1297"><value>70</value></Data><Data name="speed_difference_1297"><value>-41.835738150251956</value></Data><Data name="speed_1298"><value>15.361055644047902</value></Data><Data name="speed_limit_1298"><value>70</value></Data><Data name="speed_difference_1298"><value>-54.6389443559521</value></Data><Data name="speed_1299"><value>31.491367816405596</value></Data><Data name="speed_limit_1299"><value>70</value></Data><Data name="speed_difference_1299"><value>-38.5086321835944</value></Data><Data name="speed_1300"><value>30.957627213777947</value></Data><Data name="speed_limit_1300"><value>70</value></Data><Data name="speed_difference_1300"><value>-39.04237278622205</value></Data><Data name="speed_1301"><value>77.08790552680873</value></Data><Data name="speed_limit_1301"><value>70</value></Data><Data name="speed_difference_1301"><value>7.087905526808726</value></Data><Data name="speed_1302"><value>57.14677935230311</value></Data><Data name="speed_limit_1302"><value>50</value></Data><Data name="speed_difference_1302"><value>7.146779352303113</value></Data><Data name="speed_1303"><value>9.20742913932356</value></Data><Data name="speed_limit_1303"><value>50</value></Data><Data name="speed_difference_1303"><value>-40.79257086067644</value></Data><Data name="speed_1304"><value>8.87591903256572</value></Data><Data name="speed_limit_1304"><value>50</value></Data><Data name="speed_difference_1304"><value>-41.12408096743428</value></Data><Data name="speed_1305"><value>5.310186131385998</value></Data><Data name="speed_limit_1305"><value>50</value></Data><Data name="speed_difference_1305"><value>-44.689813868614</value></Data><Data name="speed_1306"><value>5.968710476335601</value></Data><Data name="speed_limit_1306"><value>50</value></Data><Data name="speed_difference_1306"><value>-44.0312895236644</value></Data><Data name="speed_1307"><value>7.418921244504265</value></Data><Data name="speed_limit_1307"><value>50</value></Data><Data name="speed_difference_1307"><value>-42.58107875549574</value></Data><Data name="speed_1308"><value>60.46025446018599</value></Data><Data name="speed_limit_1308"><value>50</value></Data><Data name="speed_difference_1308"><value>10.460254460185993</value></Data><Data name="speed_1309"><value>0.0</value></Data><Data name="speed_limit_1309"><value>50</value></Data><Data name="speed_difference_1309"><value>-50.0</value></Data><Data name="speed_1310"><value>83.28178446289803</value></Data><Data name="speed_limit_1310"><value>70</value></Data><Data name="speed_difference_1310"><value>13.281784462898031</value></Data><Data name="speed_1311"><value>86.68969233343786</value></Data><Data name="speed_limit_1311"><value>70</value></Data><Data name="speed_difference_1311"><value>16.68969233343786</value></Data><Data name="speed_1312"><value>74.95520014953682</value></Data><Data name="speed_limit_1312"><value>90</value></Data><Data name="speed_difference_1312"><value>-15.044799850463178</value></Data><Data name="speed_1313"><value>67.18940375203185</value></Data><Data name="speed_limit_1313"><value>90</value></Data><Data name="speed_difference_1313"><value>-22.81059624796815</value></Data><Data name="speed_1314"><value>60.39351134860579</value></Data><Data name="speed_limit_1314"><value>90</value></Data><Data name="speed_difference_1314"><value>-29.60648865139421</value></Data><Data name="speed_1315"><value>43.05127359232808</value></Data><Data name="speed_limit_1315"><value>50</value></Data><Data name="speed_difference_1315"><value>-6.94872640767192</value></Data><Data name="speed_1316"><value>4.907159343980101</value></Data><Data name="speed_limit_1316"><value>50</value></Data><Data name="speed_difference_1316"><value>-45.0928406560199</value></Data><Data name="speed_1317"><value>4.692237787587784</value></Data><Data name="speed_limit_1317"><value>50</value></Data><Data name="speed_difference_1317"><value>-45.307762212412214</value></Data><Data name="speed_1318"><value>5.037927717357687</value></Data><Data name="speed_limit_1318"><value>50</value></Data><Data name="speed_difference_1318"><value>-44.96207228264231</value></Data><Data name="speed_1319"><value>6.001769985238024</value></Data><Data name="speed_limit_1319"><value>50</value></Data><Data name="speed_difference_1319"><value>-43.99823001476197</value></Data><Data name="speed_1320"><value>49.63721948635947</value></Data><Data name="speed_limit_1320"><value>50</value></Data><Data name="speed_difference_1320"><value>-0.36278051364053</value></Data><Data name="speed_1321"><value>51.07917398177409</value></Data><Data name="speed_limit_1321"><value>90</value></Data><Data name="speed_difference_1321"><value>-38.92082601822591</value></Data><Data name="speed_1322"><value>51.397535769597226</value></Data><Data name="speed_limit_1322"><value>50</value></Data><Data name="speed_difference_1322"><value>1.3975357695972264</value></Data><Data name="speed_1323"><value>55.55161158469363</value></Data><Data name="speed_limit_1323"><value>50</value></Data><Data name="speed_difference_1323"><value>5.551611584693632</value></Data><Data name="speed_1324"><value>55.129790414692216</value></Data><Data name="speed_limit_1324"><value>50</value></Data><Data name="speed_difference_1324"><value>5.129790414692216</value></Data><Data name="speed_1325"><value>52.07930072651625</value></Data><Data name="speed_limit_1325"><value>50</value></Data><Data name="speed_difference_1325"><value>2.0793007265162515</value></Data><Data name="speed_1326"><value>58.678555642728256</value></Data><Data name="speed_limit_1326"><value>50</value></Data><Data name="speed_difference_1326"><value>8.678555642728256</value></Data><Data name="speed_1327"><value>44.41411708620576</value></Data><Data name="speed_limit_1327"><value>50</value></Data><Data name="speed_difference_1327"><value>-5.5858829137942365</value></Data><Data name="speed_1328"><value>52.561080205193946</value></Data><Data name="speed_limit_1328"><value>50</value></Data><Data name="speed_difference_1328"><value>2.561080205193946</value></Data><Data name="speed_1329"><value>65.59619482073587</value></Data><Data name="speed_limit_1329"><value>50</value></Data><Data name="speed_difference_1329"><value>15.596194820735874</value></Data><Data name="speed_1330"><value>68.33584812222833</value></Data><Data name="speed_limit_1330"><value>90</value></Data><Data name="speed_difference_1330"><value>-21.664151877771673</value></Data><Data name="speed_1331"><value>0.0</value></Data><Data name="speed_limit_1331"><value>90</value></Data><Data name="speed_difference_1331"><value>-90.0</value></Data><Data name="speed_1332"><value>41.22902405692271</value></Data><Data name="speed_limit_1332"><value>90</value></Data><Data name="speed_difference_1332"><value>-48.77097594307729</value></Data><Data name="speed_1333"><value>40.73799865969853</value></Data><Data name="speed_limit_1333"><value>90</value></Data><Data name="speed_difference_1333"><value>-49.26200134030147</value></Data><Data name="speed_1334"><value>41.20824053797146</value></Data><Data name="speed_limit_1334"><value>90</value></Data><Data name="speed_difference_1334"><value>-48.79175946202854</value></Data><Data name="speed_1335"><value>40.48301430644543</value></Data><Data name="speed_limit_1335"><value>90</value></Data><Data name="speed_difference_1335"><value>-49.51698569355457</value></Data><Data name="speed_1336"><value>43.254650634145094</value></Data><Data name="speed_limit_1336"><value>90</value></Data><Data name="speed_difference_1336"><value>-46.745349365854906</value></Data><Data name="speed_1337"><value>39.35629657545162</value></Data><Data name="speed_limit_1337"><value>90</value></Data><Data name="speed_difference_1337"><value>-50.64370342454838</value></Data><Data name="speed_1338"><value>11.102948948958062</value></Data><Data name="speed_limit_1338"><value>90</value></Data><Data name="speed_difference_1338"><value>-78.89705105104194</value></Data><Data name="speed_1339"><value>0.0</value></Data><Data name="speed_limit_1339"><value>90</value></Data><Data name="speed_difference_1339"><value>-90.0</value></Data><Data name="speed_1340"><value>47.493863177491185</value></Data><Data name="speed_limit_1340"><value>90</value></Data><Data name="speed_difference_1340"><value>-42.506136822508815</value></Data><Data name="speed_1341"><value>59.69726961693921</value></Data><Data name="speed_limit_1341"><value>90</value></Data><Data name="speed_difference_1341"><value>-30.30273038306079</value></Data><Data name="speed_1342"><value>68.93635051927568</value></Data><Data name="speed_limit_1342"><value>90</value></Data><Data name="speed_difference_1342"><value>-21.063649480724322</value></Data><Data name="speed_1343"><value>79.45413991217637</value></Data><Data name="speed_limit_1343"><value>90</value></Data><Data name="speed_difference_1343"><value>-10.545860087823627</value></Data><Data name="speed_1344"><value>78.21066664933927</value></Data><Data name="speed_limit_1344"><value>90</value></Data><Data name="speed_difference_1344"><value>-11.789333350660726</value></Data><Data name="speed_1345"><value>49.522603800228545</value></Data><Data name="speed_limit_1345"><value>90</value></Data><Data name="speed_difference_1345"><value>-40.477396199771455</value></Data><Data name="speed_1346"><value>43.76383663519811</value></Data><Data name="speed_limit_1346"><value>90</value></Data><Data name="speed_difference_1346"><value>-46.23616336480189</value></Data><Data name="speed_1347"><value>53.320590181666134</value></Data><Data name="speed_limit_1347"><value>90</value></Data><Data name="speed_difference_1347"><value>-36.679409818333866</value></Data><Data name="speed_1348"><value>49.80199037677007</value></Data><Data name="speed_limit_1348"><value>90</value></Data><Data name="speed_difference_1348"><value>-40.19800962322993</value></Data><Data name="speed_1349"><value>56.11589754544259</value></Data><Data name="speed_limit_1349"><value>90</value></Data><Data name="speed_difference_1349"><value>-33.88410245455741</value></Data><Data name="speed_1350"><value>50.404809073627376</value></Data><Data name="speed_limit_1350"><value>90</value></Data><Data name="speed_difference_1350"><value>-39.595190926372624</value></Data><Data name="speed_1351"><value>44.382740591791844</value></Data><Data name="speed_limit_1351"><value>90</value></Data><Data name="speed_difference_1351"><value>-45.617259408208156</value></Data><Data name="speed_1352"><value>47.039812405232816</value></Data><Data name="speed_limit_1352"><value>90</value></Data><Data name="speed_difference_1352"><value>-42.960187594767184</value></Data><Data name="speed_1353"><value>55.238178678719386</value></Data><Data name="speed_limit_1353"><value>90</value></Data><Data name="speed_difference_1353"><value>-34.761821321280614</value></Data><Data name="speed_1354"><value>59.478270550165426</value></Data><Data name="speed_limit_1354"><value>90</value></Data><Data name="speed_difference_1354"><value>-30.521729449834574</value></Data><Data name="speed_1355"><value>0.0</value></Data><Data name="speed_limit_1355"><value>90</value></Data><Data name="speed_difference_1355"><value>-90.0</value></Data><Data name="speed_1356"><value>54.99421767078351</value></Data><Data name="speed_limit_1356"><value>90</value></Data><Data name="speed_difference_1356"><value>-35.00578232921649</value></Data><Data name="speed_1357"><value>47.74574884045679</value></Data><Data name="speed_limit_1357"><value>90</value></Data><Data name="speed_difference_1357"><value>-42.25425115954321</value></Data><Data name="speed_1358"><value>49.588242370058865</value></Data><Data name="speed_limit_1358"><value>90</value></Data><Data name="speed_difference_1358"><value>-40.411757629941135</value></Data><Data name="speed_1359"><value>45.259933056840026</value></Data><Data name="speed_limit_1359"><value>90</value></Data><Data name="speed_difference_1359"><value>-44.740066943159974</value></Data><Data name="speed_1360"><value>54.54371369644978</value></Data><Data name="speed_limit_1360"><value>50</value></Data><Data name="speed_difference_1360"><value>4.543713696449778</value></Data><Data name="speed_1361"><value>55.273598582631685</value></Data><Data name="speed_limit_1361"><value>90</value></Data><Data name="speed_difference_1361"><value>-34.726401417368315</value></Data><Data name="speed_1362"><value>64.8034921498787</value></Data><Data name="speed_limit_1362"><value>90</value></Data><Data name="speed_difference_1362"><value>-25.196507850121293</value></Data><Data name="speed_1363"><value>63.99771772762227</value></Data><Data name="speed_limit_1363"><value>90</value></Data><Data name="speed_difference_1363"><value>-26.002282272377727</value></Data><Data name="speed_1364"><value>41.9291393749535</value></Data><Data name="speed_limit_1364"><value>90</value></Data><Data name="speed_difference_1364"><value>-48.0708606250465</value></Data><Data name="speed_1365"><value>49.488731895990874</value></Data><Data name="speed_limit_1365"><value>90</value></Data><Data name="speed_difference_1365"><value>-40.511268104009126</value></Data><Data name="speed_1366"><value>0.0</value></Data><Data name="speed_limit_1366"><value>50</value></Data><Data name="speed_difference_1366"><value>-50.0</value></Data><Data name="speed_1367"><value>49.684165553345174</value></Data><Data name="speed_limit_1367"><value>50</value></Data><Data name="speed_difference_1367"><value>-0.31583444665482574</value></Data><Data name="speed_1368"><value>51.33090742876656</value></Data><Data name="speed_limit_1368"><value>50</value></Data><Data name="speed_difference_1368"><value>1.330907428766558</value></Data><Data name="speed_1369"><value>52.23506012932656</value></Data><Data name="speed_limit_1369"><value>50</value></Data><Data name="speed_difference_1369"><value>2.2350601293265626</value></Data><Data name="speed_1370"><value>54.27676332011813</value></Data><Data name="speed_limit_1370"><value>50</value></Data><Data name="speed_difference_1370"><value>4.276763320118128</value></Data><Data name="speed_1371"><value>47.24188204901438</value></Data><Data name="speed_limit_1371"><value>50</value></Data><Data name="speed_difference_1371"><value>-2.7581179509856213</value></Data><Data name="speed_1372"><value>42.005919690414494</value></Data><Data name="speed_limit_1372"><value>50</value></Data><Data name="speed_difference_1372"><value>-7.994080309585506</value></Data><Data name="speed_1373"><value>42.53203433662831</value></Data><Data name="speed_limit_1373"><value>50</value></Data><Data name="speed_difference_1373"><value>-7.467965663371693</value></Data><Data name="speed_1374"><value>67.02142569794599</value></Data><Data name="speed_limit_1374"><value>50</value></Data><Data name="speed_difference_1374"><value>17.021425697945986</value></Data><Data name="speed_1375"><value>54.83103496501385</value></Data><Data name="speed_limit_1375"><value>50</value></Data><Data name="speed_difference_1375"><value>4.831034965013849</value></Data><Data name="speed_1376"><value>44.08810112668311</value></Data><Data name="speed_limit_1376"><value>50</value></Data><Data name="speed_difference_1376"><value>-5.911898873316893</value></Data><Data name="speed_1377"><value>48.083575685549704</value></Data><Data name="speed_limit_1377"><value>50</value></Data><Data name="speed_difference_1377"><value>-1.9164243144502962</value></Data><Data name="speed_1378"><value>52.18607450966712</value></Data><Data name="speed_limit_1378"><value>50</value></Data><Data name="speed_difference_1378"><value>2.1860745096671224</value></Data><Data name="speed_1379"><value>44.38700134975087</value></Data><Data name="speed_limit_1379"><value>50</value></Data><Data name="speed_difference_1379"><value>-5.612998650249132</value></Data><Data name="speed_1380"><value>46.446158907868956</value></Data><Data name="speed_limit_1380"><value>50</value></Data><Data name="speed_difference_1380"><value>-3.5538410921310444</value></Data><Data name="speed_1381"><value>48.09370533515778</value></Data><Data name="speed_limit_1381"><value>50</value></Data><Data name="speed_difference_1381"><value>-1.9062946648422212</value></Data><Data name="speed_1382"><value>48.26576200927362</value></Data><Data name="speed_limit_1382"><value>50</value></Data><Data name="speed_difference_1382"><value>-1.7342379907263776</value></Data><Data name="speed_1383"><value>38.29255977690865</value></Data><Data name="speed_limit_1383"><value>50</value></Data><Data name="speed_difference_1383"><value>-11.707440223091353</value></Data><Data name="speed_1384"><value>37.99785420704565</value></Data><Data name="speed_limit_1384"><value>50</value></Data><Data name="speed_difference_1384"><value>-12.002145792954352</value></Data><Data name="speed_1385"><value>43.17030402909967</value></Data><Data name="speed_limit_1385"><value>50</value></Data><Data name="speed_difference_1385"><value>-6.829695970900332</value></Data><Data name="speed_1386"><value>0.0</value></Data><Data name="speed_limit_1386"><value>50</value></Data><Data name="speed_difference_1386"><value>-50.0</value></Data><Data name="speed_1387"><value>51.678383642022354</value></Data><Data name="speed_limit_1387"><value>50</value></Data><Data name="speed_difference_1387"><value>1.6783836420223537</value></Data><Data name="speed_1388"><value>52.476501500556985</value></Data><Data name="speed_limit_1388"><value>50</value></Data><Data name="speed_difference_1388"><value>2.476501500556985</value></Data><Data name="speed_1389"><value>55.55308497621912</value></Data><Data name="speed_limit_1389"><value>50</value></Data><Data name="speed_difference_1389"><value>5.553084976219118</value></Data><Data name="speed_1390"><value>41.12453461777057</value></Data><Data name="speed_limit_1390"><value>50</value></Data><Data name="speed_difference_1390"><value>-8.875465382229429</value></Data><Data name="speed_1391"><value>47.978270094044795</value></Data><Data name="speed_limit_1391"><value>50</value></Data><Data name="speed_difference_1391"><value>-2.0217299059552047</value></Data><Data name="speed_1392"><value>14.967858338937356</value></Data><Data name="speed_limit_1392"><value>50</value></Data><Data name="speed_difference_1392"><value>-35.032141661062646</value></Data><Data name="speed_1393"><value>14.79209843436571</value></Data><Data name="speed_limit_1393"><value>50</value></Data><Data name="speed_difference_1393"><value>-35.20790156563429</value></Data><Data name="speed_1394"><value>15.95383987115642</value></Data><Data name="speed_limit_1394"><value>50</value></Data><Data name="speed_difference_1394"><value>-34.04616012884358</value></Data><Data name="speed_1395"><value>24.740330359440613</value></Data><Data name="speed_limit_1395"><value>50</value></Data><Data name="speed_difference_1395"><value>-25.259669640559387</value></Data><Data name="speed_1396"><value>39.58730434384952</value></Data><Data name="speed_limit_1396"><value>50</value></Data><Data name="speed_difference_1396"><value>-10.412695656150483</value></Data><Data name="speed_1397"><value>33.6385299613206</value></Data><Data name="speed_limit_1397"><value>50</value></Data><Data name="speed_difference_1397"><value>-16.3614700386794</value></Data><Data name="speed_1398"><value>29.810878743193246</value></Data><Data name="speed_limit_1398"><value>50</value></Data><Data name="speed_difference_1398"><value>-20.189121256806754</value></Data><Data name="speed_1399"><value>28.10294945977479</value></Data><Data name="speed_limit_1399"><value>50</value></Data><Data name="speed_difference_1399"><value>-21.89705054022521</value></Data><Data name="speed_1400"><value>40.47572020420827</value></Data><Data name="speed_limit_1400"><value>50</value></Data><Data name="speed_difference_1400"><value>-9.524279795791728</value></Data><Data name="speed_1401"><value>25.958119921067333</value></Data><Data name="speed_limit_1401"><value>50</value></Data><Data name="speed_difference_1401"><value>-24.041880078932667</value></Data><Data name="speed_1402"><value>0.0</value></Data><Data name="speed_limit_1402"><value>50</value></Data><Data name="speed_difference_1402"><value>-50.0</value></Data><Data name="speed_1403"><value>41.71478431490292</value></Data><Data name="speed_limit_1403"><value>50</value></Data><Data name="speed_difference_1403"><value>-8.285215685097079</value></Data><Data name="speed_1404"><value>49.72150672262798</value></Data><Data name="speed_limit_1404"><value>50</value></Data><Data name="speed_difference_1404"><value>-0.27849327737202145</value></Data><Data name="speed_1405"><value>55.24324664774193</value></Data><Data name="speed_limit_1405"><value>50</value></Data><Data name="speed_difference_1405"><value>5.243246647741927</value></Data><Data name="speed_1406"><value>53.9339656192315</value></Data><Data name="speed_limit_1406"><value>50</value></Data><Data name="speed_difference_1406"><value>3.9339656192315005</value></Data><Data name="speed_1407"><value>27.113601587213005</value></Data><Data name="speed_limit_1407"><value>50</value></Data><Data name="speed_difference_1407"><value>-22.886398412786995</value></Data><Data name="speed_1408"><value>31.54671730347165</value></Data><Data name="speed_limit_1408"><value>50</value></Data><Data name="speed_difference_1408"><value>-18.45328269652835</value></Data><Data name="speed_1409"><value>63.56371818308996</value></Data><Data name="speed_limit_1409"><value>90</value></Data><Data name="speed_difference_1409"><value>-26.43628181691004</value></Data><Data name="speed_1410"><value>12.452179365032585</value></Data><Data name="speed_limit_1410"><value>90</value></Data><Data name="speed_difference_1410"><value>-77.54782063496742</value></Data><Data name="speed_1411"><value>26.005176475025856</value></Data><Data name="speed_limit_1411"><value>90</value></Data><Data name="speed_difference_1411"><value>-63.994823524974144</value></Data><Data name="speed_1412"><value>63.328921684948</value></Data><Data name="speed_limit_1412"><value>90</value></Data><Data name="speed_difference_1412"><value>-26.671078315052</value></Data><Data name="speed_1413"><value>57.28311116757516</value></Data><Data name="speed_limit_1413"><value>90</value></Data><Data name="speed_difference_1413"><value>-32.71688883242484</value></Data><Data name="speed_1414"><value>58.69984777636205</value></Data><Data name="speed_limit_1414"><value>50</value></Data><Data name="speed_difference_1414"><value>8.699847776362049</value></Data><Data name="speed_1415"><value>57.05430896370116</value></Data><Data name="speed_limit_1415"><value>50</value></Data><Data name="speed_difference_1415"><value>7.0543089637011605</value></Data><Data name="speed_1416"><value>55.84460025473511</value></Data><Data name="speed_limit_1416"><value>50</value></Data><Data name="speed_difference_1416"><value>5.844600254735113</value></Data><Data name="speed_1417"><value>53.08001821125951</value></Data><Data name="speed_limit_1417"><value>50</value></Data><Data name="speed_difference_1417"><value>3.0800182112595067</value></Data><Data name="speed_1418"><value>26.036453619309132</value></Data><Data name="speed_limit_1418"><value>50</value></Data><Data name="speed_difference_1418"><value>-23.963546380690868</value></Data><Data name="speed_1419"><value>8.339125778059543</value></Data><Data name="speed_limit_1419"><value>50</value></Data><Data name="speed_difference_1419"><value>-41.66087422194046</value></Data><Data name="speed_1420"><value>3.5595447607144406</value></Data><Data name="speed_limit_1420"><value>50</value></Data><Data name="speed_difference_1420"><value>-46.44045523928556</value></Data><Data name="speed_1421"><value>8.157779917719152</value></Data><Data name="speed_limit_1421"><value>50</value></Data><Data name="speed_difference_1421"><value>-41.842220082280846</value></Data><Data name="speed_1422"><value>3.8879892600143573</value></Data><Data name="speed_limit_1422"><value>50</value></Data><Data name="speed_difference_1422"><value>-46.11201073998564</value></Data><Data name="speed_1423"><value>4.738240534492361</value></Data><Data name="speed_limit_1423"><value>50</value></Data><Data name="speed_difference_1423"><value>-45.26175946550764</value></Data><Data name="speed_1424"><value>5.676697981915464</value></Data><Data name="speed_limit_1424"><value>50</value></Data><Data name="speed_difference_1424"><value>-44.32330201808453</value></Data><Data name="speed_1425"><value>28.712921986330606</value></Data><Data name="speed_limit_1425"><value>50</value></Data><Data name="speed_difference_1425"><value>-21.287078013669394</value></Data><Data name="speed_1426"><value>58.863093402085106</value></Data><Data name="speed_limit_1426"><value>50</value></Data><Data name="speed_difference_1426"><value>8.863093402085106</value></Data><Data name="speed_1427"><value>57.54439390410301</value></Data><Data name="speed_limit_1427"><value>50</value></Data><Data name="speed_difference_1427"><value>7.544393904103011</value></Data><Data name="speed_1428"><value>0.0</value></Data><Data name="speed_limit_1428"><value>50</value></Data><Data name="speed_difference_1428"><value>-50.0</value></Data><Data name="speed_1429"><value>64.886595161745</value></Data><Data name="speed_limit_1429"><value>50</value></Data><Data name="speed_difference_1429"><value>14.886595161745007</value></Data><Data name="speed_1430"><value>41.43290870804108</value></Data><Data name="speed_limit_1430"><value>50</value></Data><Data name="speed_difference_1430"><value>-8.567091291958917</value></Data><Data name="speed_1431"><value>68.92604936991458</value></Data><Data name="speed_limit_1431"><value>50</value></Data><Data name="speed_difference_1431"><value>18.92604936991458</value></Data><Data name="speed_1432"><value>28.079706546138475</value></Data><Data name="speed_limit_1432"><value>50</value></Data><Data name="speed_difference_1432"><value>-21.920293453861525</value></Data><Data name="speed_1433"><value>27.83856245034344</value></Data><Data name="speed_limit_1433"><value>50</value></Data><Data name="speed_difference_1433"><value>-22.16143754965656</value></Data><Data name="speed_1434"><value>54.81633510960626</value></Data><Data name="speed_limit_1434"><value>50</value></Data><Data name="speed_difference_1434"><value>4.816335109606257</value></Data><Data name="speed_1435"><value>3.8782245943363307</value></Data><Data name="speed_limit_1435"><value>50</value></Data><Data name="speed_difference_1435"><value>-46.12177540566367</value></Data><Data name="speed_1436"><value>2.725712781525873</value></Data><Data name="speed_limit_1436"><value>50</value></Data><Data name="speed_difference_1436"><value>-47.27428721847413</value></Data><Data name="speed_1437"><value>4.055130607512219</value></Data><Data name="speed_limit_1437"><value>50</value></Data><Data name="speed_difference_1437"><value>-45.94486939248778</value></Data><Data name="speed_1438"><value>12.8550955327486</value></Data><Data name="speed_limit_1438"><value>50</value></Data><Data name="speed_difference_1438"><value>-37.1449044672514</value></Data><Data name="speed_1439"><value>4.056873086021225</value></Data><Data name="speed_limit_1439"><value>50</value></Data><Data name="speed_difference_1439"><value>-45.94312691397877</value></Data><Data name="speed_1440"><value>31.82856572320388</value></Data><Data name="speed_limit_1440"><value>50</value></Data><Data name="speed_difference_1440"><value>-18.17143427679612</value></Data><Data name="speed_1441"><value>36.406867866828755</value></Data><Data name="speed_limit_1441"><value>50</value></Data><Data name="speed_difference_1441"><value>-13.593132133171245</value></Data><Data name="speed_1442"><value>37.21193143904557</value></Data><Data name="speed_limit_1442"><value>50</value></Data><Data name="speed_difference_1442"><value>-12.788068560954429</value></Data><Data name="speed_1443"><value>38.736705925074254</value></Data><Data name="speed_limit_1443"><value>50</value></Data><Data name="speed_difference_1443"><value>-11.263294074925746</value></Data><Data name="speed_1444"><value>4.60464215876197</value></Data><Data name="speed_limit_1444"><value>50</value></Data><Data name="speed_difference_1444"><value>-45.39535784123803</value></Data><Data name="speed_1445"><value>15.327095052929593</value></Data><Data name="speed_limit_1445"><value>50</value></Data><Data name="speed_difference_1445"><value>-34.67290494707041</value></Data><Data name="speed_1446"><value>0.0</value></Data><Data name="speed_limit_1446"><value>50</value></Data><Data name="speed_difference_1446"><value>-50.0</value></Data><Data name="speed_1447"><value>9.160265383164546</value></Data><Data name="speed_limit_1447"><value>50</value></Data><Data name="speed_difference_1447"><value>-40.83973461683546</value></Data><Data name="speed_1448"><value>4.611775204790345</value></Data><Data name="speed_limit_1448"><value>50</value></Data><Data name="speed_difference_1448"><value>-45.38822479520965</value></Data><Data name="speed_1449"><value>38.88685543961765</value></Data><Data name="speed_limit_1449"><value>50</value></Data><Data name="speed_difference_1449"><value>-11.113144560382352</value></Data><Data name="speed_1450"><value>33.86760062708077</value></Data><Data name="speed_limit_1450"><value>50</value></Data><Data name="speed_difference_1450"><value>-16.13239937291923</value></Data><Data name="speed_1451"><value>23.528605192662667</value></Data><Data name="speed_limit_1451"><value>50</value></Data><Data name="speed_difference_1451"><value>-26.471394807337333</value></Data><Data name="speed_1452"><value>11.080345195287602</value></Data><Data name="speed_limit_1452"><value>50</value></Data><Data name="speed_difference_1452"><value>-38.919654804712394</value></Data><Data name="speed_1453"><value>34.2611539189439</value></Data><Data name="speed_limit_1453"><value>50</value></Data><Data name="speed_difference_1453"><value>-15.738846081056103</value></Data><Data name="speed_1454"><value>36.85855496709605</value></Data><Data name="speed_limit_1454"><value>50</value></Data><Data name="speed_difference_1454"><value>-13.141445032903952</value></Data><Data name="speed_1455"><value>6.519033054600599</value></Data><Data name="speed_limit_1455"><value>50</value></Data><Data name="speed_difference_1455"><value>-43.4809669453994</value></Data><Data name="speed_1456"><value>6.314682583940669</value></Data><Data name="speed_limit_1456"><value>50</value></Data><Data name="speed_difference_1456"><value>-43.685317416059334</value></Data><Data name="speed_1457"><value>38.215946523975894</value></Data><Data name="speed_limit_1457"><value>50</value></Data><Data name="speed_difference_1457"><value>-11.784053476024106</value></Data><Data name="speed_1458"><value>39.67442140991205</value></Data><Data name="speed_limit_1458"><value>50</value></Data><Data name="speed_difference_1458"><value>-10.32557859008795</value></Data><Data name="speed_1459"><value>16.670367270216097</value></Data><Data name="speed_limit_1459"><value>50</value></Data><Data name="speed_difference_1459"><value>-33.3296327297839</value></Data><Data name="speed_1460"><value>48.60230640351952</value></Data><Data name="speed_limit_1460"><value>50</value></Data><Data name="speed_difference_1460"><value>-1.3976935964804795</value></Data><Data name="speed_1461"><value>29.19259745645442</value></Data><Data name="speed_limit_1461"><value>50</value></Data><Data name="speed_difference_1461"><value>-20.80740254354558</value></Data><Data name="speed_1462"><value>17.549340159677815</value></Data><Data name="speed_limit_1462"><value>50</value></Data><Data name="speed_difference_1462"><value>-32.45065984032219</value></Data><Data name="speed_1463"><value>4.625787876108961</value></Data><Data name="speed_limit_1463"><value>50</value></Data><Data name="speed_difference_1463"><value>-45.37421212389104</value></Data><Data name="speed_1464"><value>4.32612770577247</value></Data><Data name="speed_limit_1464"><value>50</value></Data><Data name="speed_difference_1464"><value>-45.67387229422753</value></Data><Data name="speed_1465"><value>10.372618297027008</value></Data><Data name="speed_limit_1465"><value>50</value></Data><Data name="speed_difference_1465"><value>-39.62738170297299</value></Data><Data name="speed_1466"><value>27.117418674026023</value></Data><Data name="speed_limit_1466"><value>50</value></Data><Data name="speed_difference_1466"><value>-22.882581325973977</value></Data><Data name="speed_1467"><value>4.720187832769599</value></Data><Data name="speed_limit_1467"><value>50</value></Data><Data name="speed_difference_1467"><value>-45.2798121672304</value></Data><Data name="speed_1468"><value>0.0</value></Data><Data name="speed_limit_1468"><value>50</value></Data><Data name="speed_difference_1468"><value>-50.0</value></Data><Data name="speed_1469"><value>43.10572105580723</value></Data><Data name="speed_limit_1469"><value>50</value></Data><Data name="speed_difference_1469"><value>-6.89427894419277</value></Data><Data name="speed_1470"><value>23.46537291677278</value></Data><Data name="speed_limit_1470"><value>50</value></Data><Data name="speed_difference_1470"><value>-26.53462708322722</value></Data><Data name="speed_1471"><value>19.11195290131128</value></Data><Data name="speed_limit_1471"><value>50</value></Data><Data name="speed_difference_1471"><value>-30.88804709868872</value></Data><Data name="speed_1472"><value>54.98364856178366</value></Data><Data name="speed_limit_1472"><value>50</value></Data><Data name="speed_difference_1472"><value>4.98364856178366</value></Data><Data name="speed_1473"><value>51.47809347821164</value></Data><Data name="speed_limit_1473"><value>50</value></Data><Data name="speed_difference_1473"><value>1.4780934782116404</value></Data><Data name="speed_1474"><value>38.392490766680766</value></Data><Data name="speed_limit_1474"><value>50</value></Data><Data name="speed_difference_1474"><value>-11.607509233319234</value></Data><Data name="speed_1475"><value>20.063804447900388</value></Data><Data name="speed_limit_1475"><value>50</value></Data><Data name="speed_difference_1475"><value>-29.936195552099612</value></Data><Data name="speed_1476"><value>19.401336122262823</value></Data><Data name="speed_limit_1476"><value>90</value></Data><Data name="speed_difference_1476"><value>-70.59866387773718</value></Data><Data name="speed_1477"><value>0.0</value></Data><Data name="speed_limit_1477"><value>90</value></Data><Data name="speed_difference_1477"><value>-90.0</value></Data><Data name="speed_1478"><value>0.0</value></Data><Data name="speed_limit_1478"><value>90</value></Data><Data name="speed_difference_1478"><value>-90.0</value></Data><Data name="speed_1479"><value>0.0</value></Data><Data name="speed_limit_1479"><value>90</value></Data><Data name="speed_difference_1479"><value>-90.0</value></Data><Data name="speed_1480"><value>0.0</value></Data><Data name="speed_limit_1480"><value>90</value></Data><Data name="speed_difference_1480"><value>-90.0</value></Data><Data name="speed_1481"><value>0.0</value></Data><Data name="speed_limit_1481"><value>90</value></Data><Data name="speed_difference_1481"><value>-90.0</value></Data><Data name="speed_1482"><value>0.0</value></Data><Data name="speed_limit_1482"><value>90</value></Data><Data name="speed_difference_1482"><value>-90.0</value></Data><Data name="speed_1483"><value>0.0</value></Data><Data name="speed_limit_1483"><value>90</value></Data><Data name="speed_difference_1483"><value>-90.0</value></Data><Data name="speed_1484"><value>10.446568643480596</value></Data><Data name="speed_limit_1484"><value>90</value></Data><Data name="speed_difference_1484"><value>-79.55343135651941</value></Data><Data name="speed_1485"><value>8.007160432467998</value></Data><Data name="speed_limit_1485"><value>90</value></Data><Data name="speed_difference_1485"><value>-81.992839567532</value></Data><Data name="speed_1486"><value>21.149556298314923</value></Data><Data name="speed_limit_1486"><value>30</value></Data><Data name="speed_difference_1486"><value>-8.850443701685077</value></Data><Data name="speed_1487"><value>7.2905229475436935</value></Data><Data name="speed_limit_1487"><value>30</value></Data><Data name="speed_difference_1487"><value>-22.709477052456307</value></Data><Data name="speed_1488"><value>7.781472108223221</value></Data><Data name="speed_limit_1488"><value>30</value></Data><Data name="speed_difference_1488"><value>-22.21852789177678</value></Data><Data name="speed_1489"><value>25.353902137677355</value></Data><Data name="speed_limit_1489"><value>30</value></Data><Data name="speed_difference_1489"><value>-4.6460978623226445</value></Data><Data name="speed_1490"><value>9.190617447219415</value></Data><Data name="speed_limit_1490"><value>30</value></Data><Data name="speed_difference_1490"><value>-20.809382552780583</value></Data><Data name="speed_1491"><value>9.334294253006655</value></Data><Data name="speed_limit_1491"><value>30</value></Data><Data name="speed_difference_1491"><value>-20.665705746993346</value></Data><Data name="speed_1492"><value>9.756722853214866</value></Data><Data name="speed_limit_1492"><value>30</value></Data><Data name="speed_difference_1492"><value>-20.243277146785132</value></Data><Data name="speed_1493"><value>48.24226408999158</value></Data><Data name="speed_limit_1493"><value>30</value></Data><Data name="speed_difference_1493"><value>18.24226408999158</value></Data><Data name="speed_1494"><value>51.24108975285433</value></Data><Data name="speed_limit_1494"><value>50</value></Data><Data name="speed_difference_1494"><value>1.2410897528543288</value></Data><Data name="speed_1495"><value>30.51685284604546</value></Data><Data name="speed_limit_1495"><value>50</value></Data><Data name="speed_difference_1495"><value>-19.48314715395454</value></Data><Data name="speed_1496"><value>22.38043711477054</value></Data><Data name="speed_limit_1496"><value>50</value></Data><Data name="speed_difference_1496"><value>-27.61956288522946</value></Data><Data name="speed_1497"><value>21.87830861922516</value></Data><Data name="speed_limit_1497"><value>50</value></Data><Data name="speed_difference_1497"><value>-28.12169138077484</value></Data><Data name="speed_1498"><value>30.277012281442122</value></Data><Data name="speed_limit_1498"><value>50</value></Data><Data name="speed_difference_1498"><value>-19.722987718557878</value></Data><Data name="speed_1499"><value>10.175814942832423</value></Data><Data name="speed_limit_1499"><value>50</value></Data><Data name="speed_difference_1499"><value>-39.824185057167576</value></Data><Data name="speed_1500"><value>10.173288701770275</value></Data><Data name="speed_limit_1500"><value>50</value></Data><Data name="speed_difference_1500"><value>-39.826711298229725</value></Data><Data name="speed_1501"><value>47.53702892203151</value></Data><Data name="speed_limit_1501"><value>50</value></Data><Data name="speed_difference_1501"><value>-2.46297107796849</value></Data><Data name="speed_1502"><value>52.656011840563835</value></Data><Data name="speed_limit_1502"><value>50</value></Data><Data name="speed_difference_1502"><value>2.656011840563835</value></Data><Data name="speed_1503"><value>56.373657972362636</value></Data><Data name="speed_limit_1503"><value>50</value></Data><Data name="speed_difference_1503"><value>6.373657972362636</value></Data><Data name="speed_1504"><value>57.81463585909377</value></Data><Data name="speed_limit_1504"><value>50</value></Data><Data name="speed_difference_1504"><value>7.8146358590937695</value></Data><Data name="speed_1505"><value>55.74446645218339</value></Data><Data name="speed_limit_1505"><value>50</value></Data><Data name="speed_difference_1505"><value>5.744466452183389</value></Data><Data name="speed_1506"><value>58.48177572066696</value></Data><Data name="speed_limit_1506"><value>50</value></Data><Data name="speed_difference_1506"><value>8.48177572066696</value></Data><Data name="speed_1507"><value>49.571870896463274</value></Data><Data name="speed_limit_1507"><value>50</value></Data><Data name="speed_difference_1507"><value>-0.42812910353672606</value></Data><Data name="speed_1508"><value>48.75319367853734</value></Data><Data name="speed_limit_1508"><value>50</value></Data><Data name="speed_difference_1508"><value>-1.2468063214626568</value></Data><Data name="speed_1509"><value>19.281942691022913</value></Data><Data name="speed_limit_1509"><value>50</value></Data><Data name="speed_difference_1509"><value>-30.718057308977087</value></Data><Data name="speed_1510"><value>46.017054845294794</value></Data><Data name="speed_limit_1510"><value>50</value></Data><Data name="speed_difference_1510"><value>-3.982945154705206</value></Data><Data name="speed_1511"><value>38.63445777952912</value></Data><Data name="speed_limit_1511"><value>50</value></Data><Data name="speed_difference_1511"><value>-11.365542220470878</value></Data><Data name="speed_1512"><value>0.0</value></Data><Data name="speed_limit_1512"><value>50</value></Data><Data name="speed_difference_1512"><value>-50.0</value></Data><Data name="speed_1513"><value>48.18140328504833</value></Data><Data name="speed_limit_1513"><value>50</value></Data><Data name="speed_difference_1513"><value>-1.818596714951667</value></Data><Data name="speed_1514"><value>48.67118159150455</value></Data><Data name="speed_limit_1514"><value>90</value></Data><Data name="speed_difference_1514"><value>-41.32881840849545</value></Data><Data name="speed_1515"><value>47.11912115738874</value></Data><Data name="speed_limit_1515"><value>90</value></Data><Data name="speed_difference_1515"><value>-42.88087884261126</value></Data><Data name="speed_1516"><value>30.795894783981677</value></Data><Data name="speed_limit_1516"><value>90</value></Data><Data name="speed_difference_1516"><value>-59.20410521601832</value></Data><Data name="speed_1517"><value>47.855166096283774</value></Data><Data name="speed_limit_1517"><value>50</value></Data><Data name="speed_difference_1517"><value>-2.1448339037162256</value></Data><Data name="speed_1518"><value>23.125378043792992</value></Data><Data name="speed_limit_1518"><value>50</value></Data><Data name="speed_difference_1518"><value>-26.874621956207008</value></Data><Data name="speed_1519"><value>7.350928756606667</value></Data><Data name="speed_limit_1519"><value>50</value></Data><Data name="speed_difference_1519"><value>-42.64907124339334</value></Data><Data name="speed_1520"><value>4.1636600008724525</value></Data><Data name="speed_limit_1520"><value>50</value></Data><Data name="speed_difference_1520"><value>-45.836339999127546</value></Data><Data name="speed_1521"><value>8.757905769146255</value></Data><Data name="speed_limit_1521"><value>50</value></Data><Data name="speed_difference_1521"><value>-41.242094230853745</value></Data><Data name="speed_1522"><value>3.4499211087992787</value></Data><Data name="speed_limit_1522"><value>50</value></Data><Data name="speed_difference_1522"><value>-46.55007889120072</value></Data><Data name="speed_1523"><value>3.4508945859343836</value></Data><Data name="speed_limit_1523"><value>50</value></Data><Data name="speed_difference_1523"><value>-46.549105414065615</value></Data><Data name="speed_1524"><value>3.933229014635787</value></Data><Data name="speed_limit_1524"><value>50</value></Data><Data name="speed_difference_1524"><value>-46.066770985364215</value></Data><Data name="speed_1525"><value>34.13246347514565</value></Data><Data name="speed_limit_1525"><value>50</value></Data><Data name="speed_difference_1525"><value>-15.867536524854351</value></Data><Data name="speed_1526"><value>36.34987700945359</value></Data><Data name="speed_limit_1526"><value>50</value></Data><Data name="speed_difference_1526"><value>-13.650122990546407</value></Data><Data name="speed_1527"><value>35.746676144831376</value></Data><Data name="speed_limit_1527"><value>40</value></Data><Data name="speed_difference_1527"><value>-4.253323855168624</value></Data><Data name="speed_1528"><value>20.027115878865263</value></Data><Data name="speed_limit_1528"><value>40</value></Data><Data name="speed_difference_1528"><value>-19.972884121134737</value></Data><Data name="speed_1529"><value>34.97995218453228</value></Data><Data name="speed_limit_1529"><value>40</value></Data><Data name="speed_difference_1529"><value>-5.02004781546772</value></Data><Data name="speed_1530"><value>0.0</value></Data><Data name="speed_limit_1530"><value>40</value></Data><Data name="speed_difference_1530"><value>-40.0</value></Data><Data name="speed_1531"><value>37.44102907334802</value></Data><Data name="speed_limit_1531"><value>40</value></Data><Data name="speed_difference_1531"><value>-2.5589709266519804</value></Data><Data name="speed_1532"><value>38.30070539549437</value></Data><Data name="speed_limit_1532"><value>40</value></Data><Data name="speed_difference_1532"><value>-1.6992946045056314</value></Data><Data name="speed_1533"><value>34.51419892996611</value></Data><Data name="speed_limit_1533"><value>40</value></Data><Data name="speed_difference_1533"><value>-5.485801070033887</value></Data><Data name="speed_1534"><value>6.407384662610581</value></Data><Data name="speed_limit_1534"><value>40</value></Data><Data name="speed_difference_1534"><value>-33.59261533738942</value></Data><Data name="speed_1535"><value>3.8985336258652374</value></Data><Data name="speed_limit_1535"><value>40</value></Data><Data name="speed_difference_1535"><value>-36.10146637413476</value></Data><Data name="speed_1536"><value>19.22563839728716</value></Data><Data name="speed_limit_1536"><value>40</value></Data><Data name="speed_difference_1536"><value>-20.77436160271284</value></Data><Data name="speed_1537"><value>29.718049675062144</value></Data><Data name="speed_limit_1537"><value>40</value></Data><Data name="speed_difference_1537"><value>-10.281950324937856</value></Data><Data name="speed_1538"><value>2.614784499187317</value></Data><Data name="speed_limit_1538"><value>40</value></Data><Data name="speed_difference_1538"><value>-37.385215500812684</value></Data><Data name="speed_1539"><value>10.094104395787578</value></Data><Data name="speed_limit_1539"><value>40</value></Data><Data name="speed_difference_1539"><value>-29.90589560421242</value></Data><Data name="speed_1540"><value>0.0</value></Data><Data name="speed_limit_1540"><value>50</value></Data><Data name="speed_difference_1540"><value>-50.0</value></Data><Data name="speed_1541"><value>0.0</value></Data><Data name="speed_limit_1541"><value>50</value></Data><Data name="speed_difference_1541"><value>-50.0</value></Data></ExtendedData></Placemark></Document></kml>